Order_ID,Order_Date,Product,Quantity,Unit_Price,City
100000,2025-04-13,iPhone 13 Case,4,1200,Nakuru
100001,2025-09-28,Tecno Spark 20 Case,3,1200,Eldoret
100002,2025-01-21,Samsung A35 Case,2,500,Eldoret
100003,2025-08-03,Redmi Note 14 Case,3,500,Nairobi
100004,2025-03-29,Infinix Hot 40 Case,5,800,Mombasa
100005,2025-12-26,Redmi Note 14 Case,3,2500,Kisumu
100006,2025-11-05,Screen Protector,2,800,Nairobi
100007,2025-10-21,iPhone 13 Case,2,800,Nairobi
100008,2025-10-04,Redmi Note 14 Case,1,800,Mombasa
100009,2025-11-10,iPhone 13 Case,5,800,Mombasa
100010,2025-12-11,Power Bank,1,500,Kisumu
100011,2025-02-28,Screen Protector,2,800,Mombasa
100012,2025-07-07,iPhone 13 Case,3,800,Kisumu
100013,2025-02-24,Redmi Note 14 Case,4,200,Nakuru
100014,2025-05-11,Power Bank,5,500,Nakuru
100015,2025-05-15,Earbuds,5,200,Mombasa
100016,2025-06-16,Screen Protector,2,800,Nairobi
100017,2025-03-30,Power Bank,4,2500,Eldoret
100018,2025-08-30,Earbuds,2,200,Nairobi
100019,2025-12-12,infinix hot 40 case,5,300,Kisumu
100020,2025-12-06,Tecno Spark 20 Case,4,800,Nairobi
100021,2025-09-21,iPhone 13 Case,3,2500,Mombasa
100022,2025-03-22,Infinix Hot 40 Case,4,300,Nairobi
100023,2025-12-26,Tecno Spark 20 Case,4,300,Mombasa
100024,2025-02-23,iPhone 13 Case,2,800,Kisumu
100025,2025-11-06,Samsung A35 Case,5,300,Mombasa
100026,2025-08-06,Samsung A16 Case,4,300,Kisumu
100027,2025-07-21,Infinix Hot 40 Case,4,2500,Kisumu
100028,2025-12-17,iPhone 13 Case,two,200,Mombasa
100029,2025-07-09,Infinix Hot 40 Case,5,1200,Nakuru
100030,2025-12-04,Earbuds,5,300,Eldoret
100031,2025-08-05,iPhone 13 Case,4,800,Kisumu
100032,2025-02-10,Power Bank,5,1200,Nakuru
100033,2025-03-06,power bank,1,200,Eldoret
100034,2025-12-10,Redmi Note 14 Case,1,800,Kisumu
100035,2025-05-16,Power Bank,3,500,Kisumu
100036,2025-03-22,Samsung A16 Case,3,500,Kisumu
100037,2025-10-16,Samsung A35 Case,3,1200,Mombasa
100038,2025-08-19,Redmi Note 14 Case,two,200,Mombasa
100039,2025-01-28,Power Bank,1,800,Eldoret
100040,2025-02-02,Redmi Note 14 Case,5,500,Kisumu
100041,2025-06-21,Power Bank,3,500,Mombasa
100042,2025-08-15,Redmi Note 14 Case,5,2500,Kisumu
100043,2025-05-11,iPhone 13 Case,1,1200,Nakuru
100044,2025-08-06,Samsung A16 Case,3,-200,Eldoret
100045,2025-07-26,Screen Protector,2,300,Kisumu
100046,2025-06-28,,1,800,Mombasa
100047,2025-04-06,Samsung A35 Case,4,2500,Nairobi
100048,2025-08-19,Tecno Spark 20 Case,5,500,Nairobi
100049,2025-01-29,Screen Protector,4,1200,Nakuru
100050,2025-06-09,Tecno Spark 20 Case,3,500,Mombasa
100051,2025-03-27,Samsung A16 Case,4,300,Mombasa
100052,2025-06-19,Charger,5,2500,Nairobi
100053,2025-05-14,Samsung A35 Case,4,800,Mombasa
100054,2025-04-18,Charger,4,800,Nairobi
100055,2025-10-13,Power Bank,3,300,Nairobi
100056,2025-12-14,Redmi Note 14 Case,1,2500,Mombasa
100057,2025-08-13,Samsung A35 Case,1,200,Eldoret
100058,2025-10-10,Power Bank,1,800,Nairobi
100059,2025-08-21,Tecno Spark 20 Case,3,2500,Nairobi
100060,2025-05-17,,5,200,Kisumu
100061,2025-11-03,Infinix Hot 40 Case,2,800,Kisumu
100062,2025-06-01,Screen Protector,3,2500,Nairobi
100063,2025-06-09,Screen Protector,1,800,Nairobi
100064,2025-04-23,Samsung A16 Case,1,300,Nairobi
100065,2025-02-21,Power Bank,4,2500,Kisumu
100066,2025-10-22,iPhone 13 Case,2,500,Eldoret
100067,2025-04-23,Earbuds,5,200,Mombasa
100068,2025-03-22,Charger,3,200,Mombasa
100069,2025-01-02,iPhone 13 Case,2,800,Nairobi
100070,2025-02-23,Samsung A16 Case,5,200,Nakuru
100071,2025-05-06,Tecno Spark 20 Case,2,1200,Mombasa
100072,2025-06-21,Charger,2,2500,Eldoret
100073,2025-09-04,iPhone 13 Case,4,500,Eldoret
100074,2025-07-03,Infinix Hot 40 Case,3,200,Eldoret
100075,2025-09-12,Earbuds,5,800,Nairobi
100076,2025-04-08,iPhone 13 Case,3,200,Nakuru
100077,2025-07-20,Infinix Hot 40 Case,4,500,Kisumu
100078,2025-11-22,Power Bank,5,500,Nairobi
100079,2025-05-28,Charger,4,500,Eldoret
100080,2025-12-12,iPhone 13 Case,3,500,Nakuru
100081,2025-05-28,Infinix Hot 40 Case,4,200,Nakuru
100082,2025-05-08,Earbuds,2,200,Nakuru
100083,2025-09-24,,4,200,Nairobi
100084,2025-05-31,Redmi Note 14 Case,2,500,Mombasa
100085,2025-09-20,Screen Protector,4,300,Kisumu
100086,2025-04-22,Charger,1,800,Kisumu
100087,2025-03-01,Earbuds,1,300,Nairobi
100088,2025-10-31,Samsung A16 Case,4,1200,Kisumu
100089,2025-02-06,iPhone 13 Case,3,200,Eldoret
100090,2025-08-21,Infinix Hot 40 Case,3,500,Mombasa
100091,2025-10-31,Samsung A35 Case,3,800,Kisumu
100092,2025-06-01,Infinix Hot 40 Case,1,800,Nairobi
100093,2025-03-16,Charger,1,800,Kisumu
100094,2025-04-14,Screen Protector,4,2500,Mombasa
100095,2025-08-15,Screen Protector,1,500,Nakuru
100096,2025-06-02,Screen Protector,5,300,Eldoret
100097,2025-12-04,Redmi Note 14 Case,2,2500,Nakuru
100098,2025-06-12,Infinix Hot 40 Case,5,200,Nakuru
100099,2025-06-10,Samsung A35 Case,4,200,Nakuru
100100,2025-10-04,Samsung A16 Case,4,500,Eldoret
100101,2025-05-08,Samsung A35 Case,1,800,Nairobi
100102,2025-01-22,Redmi Note 14 Case,5,500,Mombasa
100103,2025-09-21,Redmi Note 14 Case,3,500,Nairobi
100104,2025-08-14,Redmi Note 14 Case,5,2500,Kisumu
100105,2025-04-07,Samsung A16 Case,4,-200,Nairobi
100106,2025-11-13,Charger,3,800,Nakuru
100107,2025-02-04,Tecno Spark 20 Case,1,200,Nairobi
100108,2025-06-21,Samsung A35 Case,4,2500,Eldoret
100109,,Redmi Note 14 Case,5,2500,Nairobi
100110,2025-04-09,iPhone 13 Case,4,200,Nakuru
100111,2025-02-06,Infinix Hot 40 Case,5,200,Nairobi
100112,2025-10-29,Tecno Spark 20 Case,5,500,Mombasa
100113,2025-07-07,Power Bank,1,800,Kisumu
100114,2025-07-10,Samsung A35 Case,5,1200,Nairobi
100115,2025-06-10,Samsung A35 Case,3,300,Kisumu
100116,2025-10-08,Infinix Hot 40 Case,2,2500,Eldoret
100117,2025-02-27,Redmi Note 14 Case,3,2500,Nakuru
100118,2025-10-07,Earbuds,2,2500,Nakuru
100119,2025-05-31,Tecno Spark 20 Case,2,500,Kisumu
100120,2025-09-30,Samsung A16 Case,1,200,Eldoret
100121,2025-10-26,Samsung A16 Case,5,300,Mombasa
100122,2025-09-04,Charger,2,500,Mombasa
100123,2025-11-02,Samsung A16 Case,1,1200,Nakuru
100124,2025-11-12,Samsung A16 Case,2,200,Nakuru
100125,2025-02-05,Earbuds,5,800,Nakuru
100126,2025-11-17,Infinix Hot 40 Case,4,500,Mombasa
100127,2025-05-23,Screen Protector,4,-300,Nakuru
100128,2025-11-18,Tecno Spark 20 Case,3,200,Nairobi
100129,2025-07-05,Samsung A35 Case,5,2500,Kisumu
100130,2025-11-10,Tecno Spark 20 Case,2,2500,Nakuru
100131,,Samsung A16 Case,4,300,Mombasa
100132,2025-11-22,Samsung A35 Case,3,800,Kisumu
100133,2025-04-11,Infinix Hot 40 Case,1,1200,Nakuru
100134,2025-03-01,Samsung A16 Case,4,800,Nakuru
100135,2025-01-05,Redmi Note 14 Case,4,2500,Kisumu
100136,2025-12-31,Infinix Hot 40 Case,4,2500,Kisumu
100137,2025-02-16,Power Bank,3,800,Nairobi
100138,2025-05-24,Samsung A16 Case,5,300,Nairobi
100139,2025-05-04,Tecno Spark 20 Case,2,2500,Mombasa
100140,2025-05-27,Screen Protector,1,500,Nakuru
100141,2025-04-02,iPhone 13 Case,2,300,Nakuru
100142,2025-08-17,Samsung A16 Case,2,1200,Nakuru
100143,2025-11-14,Charger,1,800,Nakuru
100144,2025-05-09,Infinix Hot 40 Case,2,300,Mombasa
100145,2025-01-01,Earbuds,2,2500,Nairobi
100146,2025-04-28,Charger,1,1200,Kisumu
100147,2025-09-29,iPhone 13 Case,5,1200,Nakuru
100148,2025-10-05,iPhone 13 Case,5,500,Eldoret
100149,2025-03-17,Earbuds,2,500,Eldoret
100150,2025-03-27,Charger,1,1200,Eldoret
100151,2025-08-08,Infinix Hot 40 Case,5,200,Eldoret
100152,2025-04-04,Tecno Spark 20 Case,4,1200,Nakuru
100153,2025-07-23,iPhone 13 Case,2,300,Nakuru
100154,2025-12-07,Samsung A16 Case,4,200,Kisumu
100155,2025-09-11,Screen Protector,5,300,Nakuru
100156,2025-01-10,Samsung A35 Case,5,800,Mombasa
100157,2025-10-17,,4,300,Nairobi
100158,2025-09-07,Charger,3,300,Eldoret
100159,2025-04-06,iPhone 13 Case,1,1200,Mombasa
100160,2025-01-04,iPhone 13 Case,2,200,Mombasa
100161,2025-06-09,Earbuds,3,800,Kisumu
100162,2025-06-01,Earbuds,4,300,Eldoret
100163,2025-06-12,Tecno Spark 20 Case,4,200,Nakuru
100164,2025-06-28,iPhone 13 Case,3,1200,Nairobi
100165,2025-09-25,Infinix Hot 40 Case,3,200,Kisumu
100166,2025-06-17,Redmi Note 14 Case,2,500,Nakuru
100167,2025-02-13,Earbuds,5,1200,Eldoret
100168,2025-01-12,Samsung A16 Case,2,1200,Mombasa
100169,2025-08-30,Earbuds,3,200,Nakuru
100170,2025-03-31,Earbuds,5,300,Nairobi
100171,2025-03-31,iPhone 13 Case,2,500,Eldoret
100172,2025-04-15,iPhone 13 Case,4,300,Mombasa
100173,2025-04-24,Power Bank,5,500,Nairobi
100174,2025-08-05,Samsung A35 Case,5,1200,Nairobi
100175,2025-09-06,Redmi Note 14 Case,4,300,Mombasa
100176,2025-12-23,Tecno Spark 20 Case,1,500,Eldoret
100177,2025-06-26,Screen Protector,3,800,Nairobi
100178,2025-04-06,,5,800,Nakuru
100179,2025-07-02,Samsung A16 Case,5,200,Nairobi
100180,2025-12-21,Samsung A35 Case,1,2500,Eldoret
100181,2025-09-30,Tecno Spark 20 Case,two,2500,Kisumu
100182,2025-03-25,Power Bank,1,2500,Nairobi
100183,2025-07-06,Tecno Spark 20 Case,3,200,Kisumu
100184,2025-04-10,Samsung A16 Case,4,1200,Nairobi
100185,2025-08-21,Tecno Spark 20 Case,3,800,Eldoret
100186,2025-09-22,Earbuds,4,2500,Kisumu
100187,2025-08-11,Screen Protector,4,500,Mombasa
100188,2025-05-24,Charger,5,1200,Kisumu
100189,2025-04-09,iPhone 13 Case,4,200,Eldoret
100190,2025-02-22,Redmi Note 14 Case,1,1200,Nairobi
100191,,Samsung A16 Case,2,300,Eldoret
100192,2025-08-11,Earbuds,2,1200,Mombasa
100193,2025-06-12,Redmi Note 14 Case,5,500,Mombasa
100194,2025-11-27,Samsung A35 Case,2,800,Kisumu
100195,2025-01-09,Samsung A16 Case,2,300,Nairobi
100196,2025-09-10,Samsung A35 Case,two,300,Kisumu
100197,2025-10-10,Charger,2,300,Nairobi
100198,2025-01-05,Infinix Hot 40 Case,5,1200,Eldoret
100199,2025-12-05,,5,200,Nakuru
100200,2025-12-08,Infinix Hot 40 Case,4,200,Nairobi
100201,2025-11-23,Samsung A16 Case,1,1200,Nairobi
100202,2025-05-12,Tecno Spark 20 Case,4,2500,Kisumu
100203,2025-09-09,Tecno Spark 20 Case,3,1200,Nakuru
100204,2025-12-30,iPhone 13 Case,3,300,Eldoret
100205,2025-12-12,Samsung A35 Case,3,2500,Mombasa
100206,2025-06-22,Tecno Spark 20 Case,5,300,Kisumu
100207,2025-08-08,Power Bank,2,800,Eldoret
100208,2025-11-13,Infinix Hot 40 Case,1,200,Eldoret
100209,2025-12-14,Earbuds,1,800,Nakuru
100210,2025-11-08,Tecno Spark 20 Case,1,2500,Kisumu
100211,2025-04-27,Earbuds,2,800,Kisumu
100212,2025-06-22,Screen Protector,5,1200,Kisumu
100213,2025-10-30,Infinix Hot 40 Case,5,2500,Mombasa
100214,2025-08-01,Infinix Hot 40 Case,3,800,Mombasa
100215,2025-08-17,Earbuds,4,500,Kisumu
100216,2025-05-27,Screen Protector,4,200,Eldoret
100217,2025-02-16,Redmi Note 14 Case,1,200,Kisumu
100218,2025-01-14,Redmi Note 14 Case,1,1200,Kisumu
100219,2025-02-23,iPhone 13 Case,3,200,Mombasa
100220,2025-01-12,Infinix Hot 40 Case,2,2500,Nakuru
100221,2025-06-05,Earbuds,5,300,Kisumu
100222,2025-12-14,Redmi Note 14 Case,4,300,Mombasa
100223,2025-05-16,Infinix Hot 40 Case,2,800,Nairobi
100224,2025-06-27,Samsung A16 Case,4,800,Nakuru
100225,2025-12-23,Power Bank,1,800,Nairobi
100226,2025-07-11,Power Bank,3,2500,Nairobi
100227,2025-05-25,Earbuds,1,200,Nakuru
100228,2025-07-31,Infinix Hot 40 Case,5,800,Nakuru
100229,2025-08-28,Samsung A16 Case,5,1200,Nakuru
100230,2025-02-15,iPhone 13 Case,3,1200,Mombasa
100231,2025-03-23,iPhone 13 Case,3,1200,Nakuru
100232,2025-10-30,Samsung A16 Case,1,300,Mombasa
100233,2025-01-10,iPhone 13 Case,2,500,Kisumu
100234,2025-12-31,Tecno Spark 20 Case,5,200,Eldoret
100235,2025-03-06,Redmi Note 14 Case,2,200,Kisumu
100236,2025-09-24,Samsung A35 Case,5,300,Nakuru
100237,2025-03-04,Screen Protector,1,2500,Nakuru
100238,2025-11-11,Charger,3,-200,Nakuru
100239,2025-04-08,Tecno Spark 20 Case,1,500,Kisumu
100240,2025-11-07,Earbuds,4,200,Mombasa
100241,2025-07-16,Redmi Note 14 Case,5,2500,Nakuru
100242,2025-09-16,Redmi Note 14 Case,5,1200,Nairobi
100243,2025-02-22,Samsung A35 Case,5,300,Kisumu
100244,2025-03-24,Infinix Hot 40 Case,1,1200,Mombasa
100245,2025-03-19,Redmi Note 14 Case,1,2500,Nairobi
100246,2025-01-01,Screen Protector,3,1200,Mombasa
100247,2025-07-24,Charger,4,2500,Nairobi
100248,2025-10-15,Redmi Note 14 Case,2,800,Nairobi
100249,2025-04-05,infinix hot 40 case,2,300,Mombasa
100250,2025-06-11,Infinix Hot 40 Case,3,500,Eldoret
100251,2025-11-02,Infinix Hot 40 Case,4,200,Mombasa
100252,,iPhone 13 Case,4,1200,Nakuru
100253,2025-08-10,Infinix Hot 40 Case,3,200,Nairobi
100254,2025-04-22,Redmi Note 14 Case,5,1200,Mombasa
100255,2025-03-07,iPhone 13 Case,3,500,Kisumu
100256,2025-04-13,Infinix Hot 40 Case,4,300,Nakuru
100257,2025-10-21,Charger,2,300,Mombasa
100258,2025-12-04,Infinix Hot 40 Case,3,500,Nakuru
100259,2025-11-04,Screen Protector,1,2500,Mombasa
100260,2025-12-01,Samsung A35 Case,4,2500,Eldoret
100261,2025-09-04,Samsung A16 Case,2,500,Nakuru
100262,2025-03-22,Infinix Hot 40 Case,5,1200,Nakuru
100263,2025-05-18,Power Bank,1,300,Nairobi
100264,2025-09-30,Charger,4,800,Nairobi
100265,2025-03-10,Infinix Hot 40 Case,2,2500,Nakuru
100266,2025-02-22,Redmi Note 14 Case,2,1200,Eldoret
100267,2025-05-06,Samsung A16 Case,3,500,Kisumu
100268,2025-08-28,Screen Protector,3,500,Nakuru
100269,2025-04-21,Charger,1,500,Mombasa
100270,2025-01-08,Redmi Note 14 Case,4,800,Eldoret
100271,2025-07-03,Samsung A16 Case,1,500,Eldoret
100272,2025-12-18,Tecno Spark 20 Case,3,500,Nairobi
100273,2025-04-03,Samsung A35 Case,two,1200,Mombasa
100274,2025-05-02,Redmi Note 14 Case,3,500,Nakuru
100275,2025-10-04,Samsung A35 Case,5,300,Mombasa
100276,2025-04-02,Redmi Note 14 Case,2,1200,Nakuru
100277,2025-01-22,Infinix Hot 40 Case,5,2500,Kisumu
100278,2025-01-01,Power Bank,5,200,Nairobi
100279,2025-01-12,Tecno Spark 20 Case,2,2500,Eldoret
100280,2025-02-03,Charger,1,2500,Kisumu
100281,2025-08-06,Tecno Spark 20 Case,5,500,Nairobi
100282,2025-03-14,Charger,2,200,Nairobi
100283,2025-02-16,iPhone 13 Case,1,2500,Nairobi
100284,2025-08-27,Samsung A16 Case,3,1200,Nairobi
100285,2025-12-03,Earbuds,2,800,Eldoret
100286,2025-09-14,Samsung A35 Case,1,500,Mombasa
100287,2025-09-10,Earbuds,4,2500,Eldoret
100288,2025-01-14,Earbuds,2,800,Nairobi
100289,2025-03-19,Power Bank,2,1200,Nairobi
100290,2025-06-03,Charger,3,500,Mombasa
100291,2025-01-07,Tecno Spark 20 Case,3,2500,Mombasa
100292,2025-12-29,,4,1200,Nakuru
100293,2025-10-01,Redmi Note 14 Case,2,2500,Mombasa
100294,2025-08-15,Redmi Note 14 Case,3,200,Nakuru
100295,2025-04-29,Tecno Spark 20 Case,5,800,Eldoret
100296,2025-07-21,Infinix Hot 40 Case,1,200,Kisumu
100297,2025-08-19,iPhone 13 Case,2,2500,Nakuru
100298,2025-10-27,Earbuds,1,200,Nairobi
100299,2025-01-13,Infinix Hot 40 Case,4,200,Nakuru
100300,2025-03-09,,2,500,Nakuru
100301,2025-08-21,Samsung A16 Case,5,300,Mombasa
100302,2025-04-21,Samsung A16 Case,4,2500,Nairobi
100303,2025-02-03,Charger,1,800,Eldoret
100304,2025-03-24,Power Bank,2,200,Nairobi
100305,2025-04-11,Tecno Spark 20 Case,4,300,Nairobi
100306,2025-11-16,tecno spark 20 case,2,500,Mombasa
100307,2025-11-11,Infinix Hot 40 Case,5,2500,Eldoret
100308,2025-08-17,Tecno Spark 20 Case,1,200,Eldoret
100309,2025-05-30,Infinix Hot 40 Case,5,2500,Eldoret
100310,2025-03-11,Redmi Note 14 Case,4,2500,Nairobi
100311,2025-11-27,Tecno Spark 20 Case,1,500,Mombasa
100312,2025-08-31,Tecno Spark 20 Case,5,800,Kisumu
100313,2025-08-11,Tecno Spark 20 Case,2,800,Eldoret
100314,2025-08-08,Charger,3,800,Nakuru
100315,2025-12-01,Screen Protector,1,2500,Kisumu
100316,2025-03-03,Infinix Hot 40 Case,1,300,Nairobi
100317,2025-12-01,Screen Protector,3,300,Nairobi
100318,2025-06-22,Screen Protector,4,1200,Eldoret
100319,2025-11-22,Redmi Note 14 Case,2,2500,Nakuru
100320,2025-11-20,Samsung A35 Case,3,800,Mombasa
100321,2025-08-13,Earbuds,4,200,Kisumu
100322,2025-05-20,Earbuds,two,300,Eldoret
100323,2025-05-22,Tecno Spark 20 Case,5,2500,Nakuru
100324,2025-05-19,Redmi Note 14 Case,4,1200,Kisumu
100325,2025-09-16,Tecno Spark 20 Case,1,2500,Eldoret
100326,2025-06-27,Tecno Spark 20 Case,2,1200,Eldoret
100327,2025-05-18,Charger,4,300,Kisumu
100328,2025-01-13,Infinix Hot 40 Case,2,800,Eldoret
100329,2025-11-17,Tecno Spark 20 Case,5,200,Mombasa
100330,2025-09-30,Redmi Note 14 Case,1,500,Nairobi
100331,2025-02-07,Charger,3,2500,Nakuru
100332,2025-04-05,Samsung A35 Case,1,1200,Kisumu
100333,,Samsung A35 Case,4,800,Nakuru
100334,2025-11-30,Samsung A35 Case,5,500,Nakuru
100335,2025-05-17,Earbuds,2,800,Nakuru
100336,2025-02-04,Earbuds,1,2500,Nairobi
100337,2025-03-01,,5,500,Kisumu
100338,2025-12-27,Samsung A35 Case,5,2500,Nairobi
100339,2025-11-12,Samsung A35 Case,3,1200,Eldoret
100340,2025-06-14,Samsung A35 Case,5,500,Kisumu
100341,2025-03-19,Tecno Spark 20 Case,2,2500,Nakuru
100342,2025-05-12,Redmi Note 14 Case,1,1200,Kisumu
100343,2025-02-11,Tecno Spark 20 Case,1,300,Kisumu
100344,2025-10-23,infinix hot 40 case,3,1200,Kisumu
100345,2025-12-19,,1,200,Nakuru
100346,2025-05-25,Samsung A16 Case,1,300,Mombasa
100347,2025-11-05,Charger,3,500,Eldoret
100348,2025-07-17,Infinix Hot 40 Case,3,500,Eldoret
100349,2025-02-11,Samsung A16 Case,4,1200,Eldoret
100350,2025-10-16,Samsung A35 Case,4,-2500,Mombasa
100351,2025-08-19,Charger,3,-800,Kisumu
100352,2025-06-06,Samsung A16 Case,1,200,Nairobi
100353,2025-10-16,iPhone 13 Case,4,2500,Nakuru
100354,2025-11-18,Redmi Note 14 Case,2,1200,Kisumu
100355,2025-05-03,Infinix Hot 40 Case,2,200,Eldoret
100356,2025-04-28,Screen Protector,5,800,Mombasa
100357,2025-12-31,Power Bank,4,1200,Nairobi
100358,2025-05-16,Samsung A35 Case,5,1200,Nairobi
100359,2025-02-16,Tecno Spark 20 Case,4,800,Nairobi
100360,2025-06-22,Infinix Hot 40 Case,2,500,Eldoret
100361,2025-04-05,Infinix Hot 40 Case,3,500,Nairobi
100362,2025-10-19,tecno spark 20 case,2,500,Nairobi
100363,2025-10-10,Samsung A16 Case,5,800,Mombasa
100364,2025-01-11,Infinix Hot 40 Case,2,2500,Kisumu
100365,2025-05-14,Earbuds,2,2500,Eldoret
100366,2025-12-29,Infinix Hot 40 Case,4,300,Nairobi
100367,2025-05-21,Power Bank,2,200,Mombasa
100368,2025-04-21,iPhone 13 Case,4,500,Mombasa
100369,2025-12-22,Earbuds,4,1200,Nakuru
100370,2025-10-20,iPhone 13 Case,2,200,Kisumu
100371,2025-04-02,Infinix Hot 40 Case,2,200,Eldoret
100372,2025-02-20,Samsung A35 Case,5,2500,Eldoret
100373,2025-10-23,Samsung A16 Case,1,2500,Nakuru
100374,2025-09-24,Infinix Hot 40 Case,two,2500,Nairobi
100375,2025-04-11,Tecno Spark 20 Case,5,300,Eldoret
100376,2025-04-20,Earbuds,4,2500,Kisumu
100377,2025-11-09,Redmi Note 14 Case,1,2500,Mombasa
100378,2025-02-24,Charger,3,1200,Nairobi
100379,2025-11-05,Redmi Note 14 Case,1,300,Kisumu
100380,2025-11-09,Infinix Hot 40 Case,5,300,Mombasa
100381,2025-10-18,Samsung A35 Case,4,200,Mombasa
100382,2025-03-31,,3,2500,Kisumu
100383,2025-07-29,Power Bank,3,300,Nakuru
100384,2025-12-13,Earbuds,1,500,Mombasa
100385,2025-12-30,Screen Protector,3,500,Kisumu
100386,2025-07-01,Samsung A16 Case,1,800,Kisumu
100387,2025-07-17,Redmi Note 14 Case,5,200,Nakuru
100388,2025-06-26,iPhone 13 Case,5,500,Eldoret
100389,,Earbuds,2,800,Eldoret
100390,,Samsung A16 Case,1,800,Nairobi
100391,2025-12-27,Charger,1,800,Eldoret
100392,2025-04-28,Screen Protector,4,1200,Nairobi
100393,2025-12-26,Charger,1,200,Nakuru
100394,2025-08-12,Infinix Hot 40 Case,5,2500,Nairobi
100395,2025-08-03,Redmi Note 14 Case,3,500,Kisumu
100396,2025-07-30,Tecno Spark 20 Case,5,200,Nakuru
100397,2025-10-13,Tecno Spark 20 Case,3,300,Nakuru
100398,2025-09-14,iPhone 13 Case,3,300,Nairobi
100399,2025-07-13,Samsung A16 Case,4,200,Nairobi
100400,2025-04-24,Infinix Hot 40 Case,3,800,Nakuru
100401,2025-09-21,Samsung A35 Case,5,500,Nairobi
100402,2025-10-15,Earbuds,2,300,Kisumu
100403,2025-06-11,Power Bank,4,200,Nakuru
100404,2025-03-28,Earbuds,4,300,Nairobi
100405,2025-12-15,Samsung A35 Case,1,200,Eldoret
100406,2025-09-04,iPhone 13 Case,3,500,Mombasa
100407,2025-09-12,Screen Protector,5,2500,Nairobi
100408,2025-09-06,Tecno Spark 20 Case,5,500,Mombasa
100409,2025-02-20,Power Bank,1,800,Mombasa
100410,2025-09-21,iPhone 13 Case,2,500,Kisumu
100411,2025-04-06,Infinix Hot 40 Case,3,800,Kisumu
100412,2025-06-14,Infinix Hot 40 Case,5,2500,Kisumu
100413,2025-08-11,Earbuds,2,300,Nakuru
100414,2025-09-20,Charger,1,1200,Nakuru
100415,2025-05-27,Redmi Note 14 Case,5,500,Eldoret
100416,2025-02-05,iPhone 13 Case,5,800,Mombasa
100417,2025-03-23,Samsung A16 Case,2,200,Nairobi
100418,2025-10-30,Samsung A16 Case,5,800,Mombasa
100419,2025-01-11,iPhone 13 Case,2,300,Nairobi
100420,2025-07-14,iPhone 13 Case,4,800,Nairobi
100421,2025-09-18,Power Bank,5,2500,Nakuru
100422,2025-09-13,Samsung A35 Case,1,300,Kisumu
100423,2025-02-22,Tecno Spark 20 Case,4,500,Nairobi
100424,2025-12-08,Tecno Spark 20 Case,4,200,Mombasa
100425,2025-07-21,Earbuds,3,2500,Nakuru
100426,2025-08-03,Power Bank,1,300,Eldoret
100427,2025-04-25,Redmi Note 14 Case,1,2500,Mombasa
100428,2025-01-09,iphone 13 case,2,1200,Nairobi
100429,2025-10-08,Screen Protector,1,2500,Kisumu
100430,2025-10-05,Samsung A16 Case,3,2500,Eldoret
100431,2025-01-04,Charger,2,300,Mombasa
100432,2025-01-29,Samsung A16 Case,5,300,Eldoret
100433,2025-08-03,Redmi Note 14 Case,5,500,Nakuru
100434,2025-11-22,Screen Protector,2,1200,Kisumu
100435,2025-02-11,Samsung A35 Case,4,200,Mombasa
100436,2025-02-03,Charger,1,1200,Mombasa
100437,2025-06-02,Power Bank,2,800,Eldoret
100438,2025-03-28,Infinix Hot 40 Case,two,300,Mombasa
100439,,Infinix Hot 40 Case,5,500,Kisumu
100440,2025-11-09,Samsung A16 Case,3,300,Eldoret
100441,2025-09-25,Charger,5,200,Mombasa
100442,2025-11-05,Earbuds,2,1200,Kisumu
100443,2025-07-09,Tecno Spark 20 Case,2,2500,Mombasa
100444,2025-03-05,Charger,2,800,Nakuru
100445,2025-11-06,Earbuds,3,200,Mombasa
100446,2025-11-03,Earbuds,5,800,Nairobi
100447,2025-10-09,Samsung A35 Case,5,1200,Eldoret
100448,,Samsung A16 Case,3,800,Kisumu
100449,2025-04-23,Charger,3,500,Eldoret
100450,2025-11-06,Infinix Hot 40 Case,2,2500,Eldoret
100451,2025-03-10,Samsung A16 Case,1,300,Kisumu
100452,2025-02-05,iPhone 13 Case,4,500,Kisumu
100453,2025-08-15,Samsung A16 Case,4,500,Eldoret
100454,2025-12-03,Earbuds,3,1200,Kisumu
100455,2025-07-20,Screen Protector,2,300,Mombasa
100456,2025-03-14,Earbuds,1,200,Eldoret
100457,2025-05-09,Charger,1,1200,Mombasa
100458,2025-04-14,Redmi Note 14 Case,2,200,Nairobi
100459,2025-02-08,Samsung A16 Case,3,500,Kisumu
100460,2025-08-17,Redmi Note 14 Case,4,800,Mombasa
100461,2025-04-12,iPhone 13 Case,2,800,Eldoret
100462,2025-10-02,Samsung A35 Case,5,800,Kisumu
100463,2025-11-01,Infinix Hot 40 Case,5,200,Nakuru
100464,2025-11-26,Power Bank,1,200,Nakuru
100465,2025-10-30,iPhone 13 Case,4,2500,Mombasa
100466,2025-03-21,Tecno Spark 20 Case,3,1200,Mombasa
100467,2025-03-22,Redmi Note 14 Case,5,2500,Eldoret
100468,2025-07-17,Redmi Note 14 Case,1,300,Eldoret
100469,2025-03-30,iPhone 13 Case,4,500,Mombasa
100470,2025-12-31,Samsung A35 Case,2,300,Eldoret
100471,2025-01-16,iPhone 13 Case,1,300,Nairobi
100472,2025-03-27,Charger,2,2500,Nakuru
100473,2025-12-01,Samsung A16 Case,5,200,Mombasa
100474,2025-06-25,Earbuds,2,500,Mombasa
100475,2025-08-03,Screen Protector,5,300,Nairobi
100476,,Samsung A16 Case,4,500,Eldoret
100477,2025-04-13,Screen Protector,1,2500,Nakuru
100478,2025-06-08,Infinix Hot 40 Case,3,800,Mombasa
100479,2025-07-07,Redmi Note 14 Case,5,300,Kisumu
100480,2025-05-11,Infinix Hot 40 Case,5,500,Nairobi
100481,2025-07-02,Tecno Spark 20 Case,4,200,Mombasa
100482,2025-01-04,Charger,5,2500,Nairobi
100483,2025-07-29,Redmi Note 14 Case,1,1200,Nairobi
100484,2025-04-18,Tecno Spark 20 Case,2,500,Nairobi
100485,2025-06-19,Redmi Note 14 Case,2,2500,Kisumu
100486,2025-09-08,iPhone 13 Case,5,1200,Kisumu
100487,2025-10-01,Samsung A16 Case,3,500,Nairobi
100488,2025-02-08,Redmi Note 14 Case,4,1200,Nakuru
100489,2025-11-14,iPhone 13 Case,5,800,Mombasa
100490,2025-07-04,Samsung A35 Case,4,200,Nairobi
100491,2025-09-23,Tecno Spark 20 Case,1,800,Nakuru
100492,,Power Bank,1,500,Mombasa
100493,2025-05-22,Tecno Spark 20 Case,2,800,Nakuru
100494,2025-05-26,iPhone 13 Case,two,200,Kisumu
100495,2025-07-12,Power Bank,5,2500,Mombasa
100496,2025-03-14,Samsung A35 Case,1,200,Nakuru
100497,2025-12-10,iPhone 13 Case,4,800,Nairobi
100498,2025-07-06,Infinix Hot 40 Case,two,-1200,Mombasa
100499,2025-03-02,Power Bank,5,500,Mombasa
100500,2025-07-17,Earbuds,3,2500,Mombasa
100501,2025-11-29,Samsung A35 Case,2,200,Mombasa
100502,2025-07-18,Screen Protector,4,800,Eldoret
100503,2025-02-28,earbuds,4,1200,Nakuru
100504,2025-03-04,Samsung A35 Case,5,500,Kisumu
100505,2025-11-26,Earbuds,3,300,Eldoret
100506,2025-11-09,Infinix Hot 40 Case,2,200,Eldoret
100507,2025-08-29,iPhone 13 Case,2,500,Nakuru
100508,2025-09-19,,5,1200,Mombasa
100509,2025-02-23,Infinix Hot 40 Case,1,200,Mombasa
100510,2025-04-09,Infinix Hot 40 Case,4,300,Nakuru
100511,2025-08-29,Power Bank,5,500,Eldoret
100512,2025-06-27,iPhone 13 Case,2,2500,Nakuru
100513,2025-05-25,Power Bank,3,500,Kisumu
100514,2025-09-26,Samsung A16 Case,5,200,Nakuru
100515,2025-11-25,Samsung A16 Case,4,2500,Kisumu
100516,2025-12-23,Redmi Note 14 Case,2,500,Nakuru
100517,2025-04-15,Tecno Spark 20 Case,3,500,Eldoret
100518,2025-01-29,Earbuds,1,500,Nakuru
100519,2025-08-14,Samsung A35 Case,4,300,Mombasa
100520,2025-01-09,Charger,1,1200,Eldoret
100521,2025-08-14,Earbuds,4,2500,Kisumu
100522,2025-11-24,Redmi Note 14 Case,3,1200,Mombasa
100523,2025-06-25,Samsung A16 Case,2,300,Eldoret
100524,2025-02-06,Screen Protector,4,1200,Nakuru
100525,2025-10-11,Screen Protector,5,1200,Mombasa
100526,2025-03-22,Samsung A35 Case,2,1200,Mombasa
100527,2025-08-12,Samsung A35 Case,5,500,Nakuru
100528,2025-07-05,iPhone 13 Case,3,300,Eldoret
100529,2025-02-09,Tecno Spark 20 Case,3,1200,Nairobi
100530,2025-08-25,,1,2500,Kisumu
100531,2025-08-04,Samsung A16 Case,3,800,Nairobi
100532,2025-12-19,iPhone 13 Case,3,500,Nakuru
100533,2025-10-31,Infinix Hot 40 Case,1,1200,Kisumu
100534,2025-12-29,Samsung A16 Case,5,200,Mombasa
100535,2025-06-30,Infinix Hot 40 Case,2,800,Nairobi
100536,2025-07-10,Charger,3,2500,Kisumu
100537,2025-07-07,Charger,5,500,Nairobi
100538,2025-02-14,Power Bank,2,200,Nakuru
100539,2025-01-31,Redmi Note 14 Case,two,300,Nairobi
100540,2025-06-09,Samsung A35 Case,3,1200,Eldoret
100541,2025-06-07,Earbuds,2,800,Nakuru
100542,2025-09-15,Screen Protector,5,1200,Nairobi
100543,2025-01-12,Screen Protector,2,1200,Kisumu
100544,2025-02-15,Tecno Spark 20 Case,3,200,Kisumu
100545,2025-08-21,iPhone 13 Case,1,300,Kisumu
100546,2025-07-07,Screen Protector,5,500,Eldoret
100547,2025-11-22,Infinix Hot 40 Case,3,2500,Nakuru
100548,2025-03-15,Redmi Note 14 Case,1,300,Nairobi
100549,2025-11-15,Earbuds,4,800,Eldoret
100550,2025-12-01,Screen Protector,5,1200,Eldoret
100551,2025-10-05,Redmi Note 14 Case,4,-800,Kisumu
100552,2025-12-18,iPhone 13 Case,4,300,Kisumu
100553,2025-11-20,Screen Protector,3,200,Nairobi
100554,2025-01-12,Power Bank,1,300,Eldoret
100555,2025-07-12,Infinix Hot 40 Case,2,500,Kisumu
100556,2025-07-29,Samsung A35 Case,2,2500,Kisumu
100557,2025-07-11,Earbuds,5,800,Nakuru
100558,2025-06-13,Samsung A35 Case,3,500,Kisumu
100559,2025-01-07,Samsung A35 Case,5,500,Eldoret
100560,2025-02-02,iPhone 13 Case,3,500,Nakuru
100561,2025-02-27,,2,300,Mombasa
100562,2025-08-14,Power Bank,5,800,Mombasa
100563,2025-04-09,Earbuds,5,200,Kisumu
100564,2025-02-08,Screen Protector,5,1200,Nairobi
100565,2025-03-16,iPhone 13 Case,4,300,Mombasa
100566,2025-06-24,,4,2500,Nakuru
100567,2025-01-27,iPhone 13 Case,3,200,Kisumu
100568,2025-08-24,Samsung A35 Case,4,1200,Nakuru
100569,2025-01-21,Samsung A16 Case,5,500,Kisumu
100570,2025-03-25,Infinix Hot 40 Case,3,200,Kisumu
100571,2025-09-14,Redmi Note 14 Case,2,800,Nairobi
100572,2025-01-15,Samsung A35 Case,2,1200,Kisumu
100573,2025-06-12,Screen Protector,1,200,Nakuru
100574,2025-10-07,Earbuds,4,300,Mombasa
100575,2025-09-28,Tecno Spark 20 Case,4,500,Eldoret
100576,2025-03-13,,two,2500,Nakuru
100577,2025-05-25,Screen Protector,5,1200,Kisumu
100578,2025-01-08,Redmi Note 14 Case,3,2500,Nairobi
100579,2025-02-19,Earbuds,4,500,Mombasa
100580,2025-12-15,Samsung A16 Case,4,1200,Eldoret
100581,2025-01-24,Samsung A16 Case,4,300,Nakuru
100582,2025-02-15,Screen Protector,1,2500,Nakuru
100583,2025-07-25,Samsung A16 Case,1,2500,Mombasa
100584,2025-08-24,Charger,4,800,Mombasa
100585,2025-01-09,Samsung A16 Case,1,800,Nairobi
100586,2025-11-15,iPhone 13 Case,5,1200,Mombasa
100587,2025-12-10,Samsung A35 Case,3,1200,Nairobi
100588,2025-07-28,Samsung A35 Case,5,300,Mombasa
100589,2025-11-16,iPhone 13 Case,2,2500,Mombasa
100590,2025-04-05,power bank,3,1200,Nairobi
100591,2025-08-05,Earbuds,1,800,Nakuru
100592,2025-04-12,Samsung A16 Case,1,500,Nairobi
100593,2025-08-02,Samsung A35 Case,3,200,Eldoret
100594,2025-03-17,Screen Protector,1,2500,Kisumu
100595,2025-06-09,Charger,4,-800,Mombasa
100596,2025-06-10,Earbuds,2,300,Nakuru
100597,2025-12-19,Samsung A16 Case,2,200,Kisumu
100598,2025-10-16,Samsung A35 Case,1,1200,Nakuru
100599,2025-03-18,Tecno Spark 20 Case,4,300,Nakuru
100600,2025-04-13,Samsung A35 Case,2,2500,Eldoret
100601,2025-12-25,Samsung A35 Case,2,2500,Nairobi
100602,2025-05-02,iPhone 13 Case,2,300,Kisumu
100603,2025-04-16,Redmi Note 14 Case,4,200,Nairobi
100604,2025-12-26,redmi note 14 case,3,1200,Nairobi
100605,2025-05-03,Tecno Spark 20 Case,1,2500,Nakuru
100606,,Screen Protector,1,300,Mombasa
100607,2025-07-23,Power Bank,2,800,Mombasa
100608,2025-11-14,Redmi Note 14 Case,4,2500,Mombasa
100609,2025-04-21,Power Bank,3,500,Nakuru
100610,2025-03-25,Samsung A35 Case,two,2500,Nairobi
100611,2025-11-10,Screen Protector,2,500,Mombasa
100612,2025-05-07,Samsung A35 Case,1,800,Eldoret
100613,2025-12-28,Redmi Note 14 Case,3,300,Nairobi
100614,2025-01-12,Power Bank,4,1200,Eldoret
100615,2025-01-25,Earbuds,5,500,Mombasa
100616,2025-05-02,Samsung A16 Case,3,2500,Nairobi
100617,2025-12-22,Redmi Note 14 Case,5,1200,Nairobi
100618,2025-04-29,Redmi Note 14 Case,5,500,Nairobi
100619,2025-10-27,Samsung A35 Case,2,2500,Nakuru
100620,2025-07-30,Earbuds,5,200,Mombasa
100621,2025-02-28,Charger,3,800,Nakuru
100622,2025-07-21,Samsung A35 Case,3,-500,Nairobi
100623,2025-04-03,Power Bank,1,800,Eldoret
100624,2025-11-01,Charger,5,300,Kisumu
100625,2025-01-24,Samsung A16 Case,4,1200,Nakuru
100626,2025-01-04,Samsung A35 Case,4,800,Kisumu
100627,2025-01-20,Tecno Spark 20 Case,4,300,Nakuru
100628,2025-06-26,Earbuds,3,200,Kisumu
100629,2025-09-07,Power Bank,5,300,Mombasa
100630,2025-08-16,iPhone 13 Case,2,300,Nakuru
100631,2025-09-19,Screen Protector,2,500,Nakuru
100632,2025-07-05,iPhone 13 Case,5,800,Mombasa
100633,2025-05-11,Samsung A16 Case,5,300,Nairobi
100634,2025-02-09,Charger,5,200,Nairobi
100635,2025-12-21,Power Bank,2,-800,Nairobi
100636,2025-08-28,Power Bank,2,800,Kisumu
100637,2025-01-14,Redmi Note 14 Case,2,1200,Eldoret
100638,2025-11-21,Redmi Note 14 Case,5,200,Mombasa
100639,2025-11-14,Screen Protector,4,1200,Mombasa
100640,2025-04-21,Screen Protector,1,800,Mombasa
100641,2025-05-10,iPhone 13 Case,1,500,Kisumu
100642,2025-12-11,iPhone 13 Case,1,800,Kisumu
100643,2025-03-07,Screen Protector,3,-1200,Eldoret
100644,2025-09-18,Tecno Spark 20 Case,1,800,Eldoret
100645,2025-06-13,Earbuds,5,500,Nairobi
100646,2025-01-10,Tecno Spark 20 Case,3,2500,Nairobi
100647,2025-09-27,Earbuds,2,1200,Mombasa
100648,2025-09-23,Redmi Note 14 Case,4,2500,Nairobi
100649,2025-12-27,charger,1,1200,Eldoret
100650,2025-10-03,Samsung A16 Case,3,800,Nakuru
100651,2025-01-01,Tecno Spark 20 Case,1,2500,Kisumu
100652,2025-10-11,Power Bank,1,-500,Nakuru
100653,2025-06-24,Tecno Spark 20 Case,two,800,Nairobi
100654,2025-06-14,Samsung A16 Case,1,200,Kisumu
100655,2025-04-30,iPhone 13 Case,4,800,Kisumu
100656,2025-07-26,Infinix Hot 40 Case,4,500,Mombasa
100657,2025-11-30,iPhone 13 Case,2,200,Nairobi
100658,2025-10-20,Infinix Hot 40 Case,4,300,Nakuru
100659,2025-10-12,,1,500,Nairobi
100660,2025-07-17,Redmi Note 14 Case,5,1200,Kisumu
100661,2025-02-28,Screen Protector,5,200,Mombasa
100662,2025-06-28,Earbuds,4,300,Eldoret
100663,2025-10-03,Samsung A16 Case,5,300,Kisumu
100664,2025-08-04,Screen Protector,3,500,Mombasa
100665,2025-05-06,Earbuds,2,200,Kisumu
100666,2025-11-02,Earbuds,5,200,Eldoret
100667,2025-02-08,Earbuds,3,300,Eldoret
100668,2025-10-21,Power Bank,4,2500,Nairobi
100669,,Charger,4,300,Mombasa
100670,2025-08-22,Tecno Spark 20 Case,4,300,Mombasa
100671,2025-12-07,Earbuds,1,1200,Mombasa
100672,2025-12-18,,5,2500,Eldoret
100673,2025-06-24,Screen Protector,2,200,Kisumu
100674,2025-11-07,,2,500,Nairobi
100675,2025-04-24,Power Bank,2,200,Eldoret
100676,2025-01-26,Charger,1,800,Eldoret
100677,2025-11-24,Charger,1,2500,Kisumu
100678,2025-10-16,Screen Protector,1,500,Nairobi
100679,2025-10-14,Tecno Spark 20 Case,5,1200,Mombasa
100680,2025-12-27,Screen Protector,2,2500,Eldoret
100681,2025-08-08,Samsung A16 Case,2,300,Nakuru
100682,2025-07-11,Tecno Spark 20 Case,1,200,Nakuru
100683,2025-06-18,Samsung A16 Case,1,1200,Nairobi
100684,2025-03-14,Infinix Hot 40 Case,5,1200,Eldoret
100685,2025-06-08,iPhone 13 Case,1,500,Eldoret
100686,2025-11-20,Tecno Spark 20 Case,2,1200,Nakuru
100687,2025-04-12,Infinix Hot 40 Case,4,2500,Nairobi
100688,,iPhone 13 Case,2,300,Eldoret
100689,2025-10-06,Charger,3,1200,Nakuru
100690,2025-11-27,Tecno Spark 20 Case,1,2500,Nakuru
100691,2025-11-06,Infinix Hot 40 Case,1,1200,Eldoret
100692,2025-05-23,Earbuds,1,800,Kisumu
100693,2025-07-18,Infinix Hot 40 Case,5,500,Nakuru
100694,2025-11-12,Tecno Spark 20 Case,5,200,Kisumu
100695,2025-11-01,Samsung A16 Case,1,500,Nairobi
100696,2025-04-12,Infinix Hot 40 Case,2,500,Kisumu
100697,2025-12-21,iPhone 13 Case,2,300,Nakuru
100698,2025-09-22,Samsung A35 Case,3,1200,Mombasa
100699,,Earbuds,2,2500,Mombasa
100700,2025-04-27,Redmi Note 14 Case,5,300,Nakuru
100701,2025-06-02,samsung a35 case,4,1200,Mombasa
100702,2025-10-31,Tecno Spark 20 Case,5,800,Nairobi
100703,2025-08-16,Redmi Note 14 Case,3,2500,Nakuru
100704,2025-10-29,Power Bank,2,800,Nairobi
100705,2025-01-21,iPhone 13 Case,3,1200,Mombasa
100706,2025-05-04,Redmi Note 14 Case,1,800,Kisumu
100707,2025-07-22,Screen Protector,3,800,Nakuru
100708,2025-10-04,Tecno Spark 20 Case,5,2500,Mombasa
100709,2025-10-02,Samsung A16 Case,2,2500,Nairobi
100710,2025-02-21,Infinix Hot 40 Case,3,1200,Eldoret
100711,2025-08-27,Charger,4,500,Mombasa
100712,2025-05-16,Earbuds,2,800,Kisumu
100713,2025-06-07,Redmi Note 14 Case,2,300,Nakuru
100714,2025-03-18,Samsung A16 Case,4,300,Eldoret
100715,2025-12-11,Infinix Hot 40 Case,3,800,Kisumu
100716,2025-03-15,,5,200,Mombasa
100717,2025-10-25,Redmi Note 14 Case,4,800,Nakuru
100718,2025-09-20,Earbuds,1,800,Nakuru
100719,2025-06-22,Power Bank,2,500,Nakuru
100720,2025-05-21,Earbuds,5,2500,Nakuru
100721,2025-08-08,Charger,1,300,Nairobi
100722,2025-01-09,Redmi Note 14 Case,2,300,Mombasa
100723,2025-05-01,Earbuds,5,300,Mombasa
100724,2025-03-13,Samsung A16 Case,1,300,Nakuru
100725,2025-12-13,Samsung A16 Case,5,800,Eldoret
100726,2025-02-19,Samsung A16 Case,3,800,Mombasa
100727,,Earbuds,2,200,Kisumu
100728,2025-05-26,Infinix Hot 40 Case,3,800,Nairobi
100729,2025-08-30,Samsung A35 Case,5,200,Nakuru
100730,2025-04-18,Screen Protector,2,200,Mombasa
100731,2025-04-29,iPhone 13 Case,5,200,Kisumu
100732,2025-05-30,Samsung A35 Case,5,500,Nairobi
100733,2025-06-09,Tecno Spark 20 Case,3,300,Nakuru
100734,,iPhone 13 Case,5,1200,Mombasa
100735,2025-09-11,Infinix Hot 40 Case,1,300,Kisumu
100736,2025-11-16,Power Bank,3,1200,Nakuru
100737,2025-05-26,Charger,3,300,Nairobi
100738,2025-05-05,samsung a35 case,1,200,Mombasa
100739,2025-10-07,Tecno Spark 20 Case,4,2500,Mombasa
100740,2025-01-19,Samsung A16 Case,4,300,Kisumu
100741,2025-04-12,Infinix Hot 40 Case,2,1200,Nakuru
100742,2025-02-05,Redmi Note 14 Case,5,200,Nakuru
100743,2025-06-13,Screen Protector,3,200,Nakuru
100744,2025-05-16,Charger,1,500,Nakuru
100745,2025-03-11,Redmi Note 14 Case,1,800,Nairobi
100746,2025-09-26,Screen Protector,1,800,Kisumu
100747,,Samsung A16 Case,4,1200,Nairobi
100748,2025-01-27,Samsung A35 Case,5,2500,Eldoret
100749,2025-07-19,Earbuds,2,500,Nakuru
100750,2025-10-27,Earbuds,5,300,Nairobi
100751,2025-09-16,Earbuds,2,800,Nairobi
100752,2025-09-15,Infinix Hot 40 Case,1,500,Nakuru
100753,2025-12-20,iPhone 13 Case,4,2500,Nairobi
100754,2025-10-27,Samsung A35 Case,2,800,Nairobi
100755,2025-11-29,Samsung A35 Case,5,200,Mombasa
100756,2025-11-07,Tecno Spark 20 Case,2,2500,Nakuru
100757,2025-06-07,Earbuds,1,800,Kisumu
100758,2025-05-25,Charger,4,800,Kisumu
100759,2025-01-03,Samsung A16 Case,5,800,Nairobi
100760,2025-04-25,Screen Protector,5,800,Nakuru
100761,2025-12-26,Tecno Spark 20 Case,4,200,Nairobi
100762,2025-05-01,Samsung A35 Case,5,800,Eldoret
100763,2025-08-19,Earbuds,1,1200,Nairobi
100764,2025-09-29,Earbuds,4,2500,Mombasa
100765,2025-08-14,Infinix Hot 40 Case,5,2500,Nairobi
100766,2025-10-19,Earbuds,1,300,Eldoret
100767,,Screen Protector,2,200,Mombasa
100768,2025-12-07,Power Bank,2,500,Kisumu
100769,2025-09-06,,1,200,Nakuru
100770,2025-11-27,Samsung A16 Case,3,800,Kisumu
100771,2025-07-09,Earbuds,2,-800,Eldoret
100772,2025-11-07,Screen Protector,3,2500,Kisumu
100773,2025-05-23,Tecno Spark 20 Case,4,1200,Nairobi
100774,2025-09-01,Samsung A16 Case,2,800,Kisumu
100775,2025-08-27,Charger,1,300,Nakuru
100776,2025-06-15,Redmi Note 14 Case,2,1200,Nairobi
100777,2025-10-18,Tecno Spark 20 Case,two,2500,Eldoret
100778,2025-05-14,Charger,3,800,Mombasa
100779,2025-01-14,Charger,1,1200,Mombasa
100780,2025-06-12,Samsung A16 Case,2,500,Nakuru
100781,2025-05-10,Earbuds,3,300,Kisumu
100782,2025-07-25,iPhone 13 Case,4,300,Kisumu
100783,2025-09-13,Earbuds,2,200,Eldoret
100784,2025-10-08,Screen Protector,5,-2500,Mombasa
100785,2025-10-16,Earbuds,4,2500,Eldoret
100786,,Samsung A16 Case,5,800,Nairobi
100787,2025-01-25,Tecno Spark 20 Case,5,1200,Kisumu
100788,2025-01-25,Power Bank,4,1200,Nairobi
100789,2025-01-12,,4,1200,Mombasa
100790,2025-01-31,Charger,4,300,Mombasa
100791,2025-11-12,Samsung A35 Case,5,500,Mombasa
100792,2025-09-11,Screen Protector,2,800,Nakuru
100793,2025-05-31,Power Bank,3,500,Eldoret
100794,2025-01-05,Earbuds,3,300,Mombasa
100795,2025-09-23,iPhone 13 Case,1,300,Kisumu
100796,2025-09-24,Samsung A16 Case,2,1200,Mombasa
100797,2025-02-25,Earbuds,1,500,Nairobi
100798,2025-04-09,iPhone 13 Case,5,200,Kisumu
100799,2025-06-05,Screen Protector,3,800,Nairobi
100800,2025-04-07,Samsung A35 Case,4,800,Nakuru
100801,2025-04-13,Samsung A16 Case,1,1200,Nakuru
100802,2025-12-25,Power Bank,4,800,Nakuru
100803,2025-08-09,Tecno Spark 20 Case,4,800,Kisumu
100804,2025-05-04,Screen Protector,2,1200,Mombasa
100805,2025-04-26,Samsung A35 Case,5,500,Nairobi
100806,2025-01-07,Samsung A35 Case,3,800,Kisumu
100807,2025-01-14,Charger,5,1200,Mombasa
100808,2025-03-27,Tecno Spark 20 Case,5,2500,Mombasa
100809,2025-07-02,iPhone 13 Case,2,2500,Eldoret
100810,2025-08-07,Samsung A35 Case,5,2500,Eldoret
100811,2025-08-18,Power Bank,5,300,Eldoret
100812,2025-11-10,,5,200,Kisumu
100813,2025-01-13,Samsung A35 Case,5,300,Mombasa
100814,2025-08-30,Samsung A16 Case,5,1200,Mombasa
100815,2025-06-30,iPhone 13 Case,2,1200,Nairobi
100816,2025-06-22,Samsung A35 Case,4,200,Nakuru
100817,2025-07-07,Charger,3,1200,Nakuru
100818,2025-11-04,Power Bank,5,300,Mombasa
100819,2025-07-15,Tecno Spark 20 Case,2,800,Nairobi
100820,2025-04-22,Infinix Hot 40 Case,4,300,Nairobi
100821,2025-08-20,Screen Protector,3,200,Nakuru
100822,2025-08-09,iPhone 13 Case,4,1200,Nairobi
100823,2025-02-11,Tecno Spark 20 Case,5,300,Nakuru
100824,2025-04-23,Redmi Note 14 Case,1,200,Nakuru
100825,2025-04-30,Samsung A35 Case,1,200,Nakuru
100826,2025-05-09,iPhone 13 Case,2,800,Eldoret
100827,2025-02-17,Earbuds,5,200,Kisumu
100828,2025-01-10,Samsung A16 Case,2,300,Mombasa
100829,2025-08-20,Screen Protector,5,800,Nakuru
100830,2025-07-22,Charger,2,500,Nakuru
100831,2025-08-02,samsung a35 case,1,200,Eldoret
100832,2025-12-09,Charger,5,500,Kisumu
100833,2025-03-10,iPhone 13 Case,4,200,Nairobi
100834,2025-03-28,Tecno Spark 20 Case,5,1200,Nakuru
100835,2025-07-19,Charger,1,500,Nakuru
100836,2025-04-19,Charger,3,500,Mombasa
100837,2025-06-01,Power Bank,1,1200,Mombasa
100838,2025-05-28,Screen Protector,5,300,Nairobi
100839,2025-08-16,Infinix Hot 40 Case,3,800,Nairobi
100840,2025-07-30,iPhone 13 Case,3,800,Mombasa
100841,2025-02-20,Charger,3,300,Nairobi
100842,2025-09-18,Tecno Spark 20 Case,5,2500,Nairobi
100843,2025-12-18,iPhone 13 Case,2,2500,Nakuru
100844,2025-04-21,Samsung A35 Case,4,200,Nakuru
100845,2025-08-11,Earbuds,1,200,Nakuru
100846,2025-02-18,,4,2500,Nairobi
100847,2025-11-20,Tecno Spark 20 Case,1,200,Kisumu
100848,2025-08-05,Samsung A16 Case,2,2500,Eldoret
100849,2025-09-12,Charger,2,300,Nakuru
100850,2025-05-29,Samsung A35 Case,4,800,Nairobi
100851,2025-12-13,Power Bank,2,2500,Mombasa
100852,2025-09-26,Charger,5,800,Nairobi
100853,2025-08-14,Samsung A16 Case,3,300,Nakuru
100854,2025-09-28,iPhone 13 Case,1,300,Eldoret
100855,2025-07-02,Samsung A35 Case,1,200,Eldoret
100856,2025-11-11,Charger,4,300,Mombasa
100857,2025-04-24,Redmi Note 14 Case,4,2500,Kisumu
100858,2025-08-01,Earbuds,4,500,Kisumu
100859,2025-06-23,iPhone 13 Case,1,1200,Kisumu
100860,2025-05-02,Earbuds,1,800,Nakuru
100861,2025-08-21,Samsung A16 Case,2,1200,Eldoret
100862,2025-05-29,Charger,4,500,Nakuru
100863,,Power Bank,3,200,Mombasa
100864,2025-01-22,Tecno Spark 20 Case,4,1200,Kisumu
100865,2025-09-26,Power Bank,two,300,Nakuru
100866,2025-01-29,Power Bank,5,800,Nairobi
100867,2025-10-10,Earbuds,2,500,Eldoret
100868,,Tecno Spark 20 Case,4,1200,Mombasa
100869,2025-10-05,Screen Protector,two,1200,Kisumu
100870,2025-07-08,iPhone 13 Case,1,500,Eldoret
100871,2025-07-10,Power Bank,3,1200,Nakuru
100872,2025-01-30,iPhone 13 Case,4,200,Eldoret
100873,2025-05-08,Tecno Spark 20 Case,5,300,Nakuru
100874,2025-07-05,Samsung A35 Case,1,800,Nakuru
100875,2025-09-18,Screen Protector,3,200,Nairobi
100876,2025-04-14,Samsung A16 Case,3,300,Nakuru
100877,2025-12-20,Samsung A35 Case,3,200,Nakuru
100878,2025-01-10,Earbuds,5,2500,Mombasa
100879,2025-08-19,Power Bank,3,500,Nakuru
100880,2025-03-07,Tecno Spark 20 Case,1,1200,Nairobi
100881,2025-03-27,Screen Protector,2,300,Kisumu
100882,2025-11-10,Charger,4,200,Kisumu
100883,2025-01-14,Infinix Hot 40 Case,1,300,Mombasa
100884,2025-01-20,Samsung A35 Case,3,500,Mombasa
100885,2025-08-11,Samsung A16 Case,3,1200,Mombasa
100886,2025-07-05,Samsung A35 Case,4,1200,Nakuru
100887,2025-05-12,Redmi Note 14 Case,4,300,Nairobi
100888,2025-01-24,Screen Protector,3,300,Nakuru
100889,2025-10-20,Tecno Spark 20 Case,5,2500,Nakuru
100890,2025-12-25,Samsung A16 Case,5,300,Kisumu
100891,2025-02-07,Power Bank,4,800,Kisumu
100892,2025-02-26,Infinix Hot 40 Case,5,800,Mombasa
100893,2025-09-30,Redmi Note 14 Case,4,1200,Mombasa
100894,2025-01-14,Samsung A16 Case,3,1200,Mombasa
100895,2025-12-02,iPhone 13 Case,2,800,Nakuru
100896,2025-09-11,Earbuds,2,2500,Kisumu
100897,2025-03-23,Power Bank,3,800,Eldoret
100898,2025-03-01,Samsung A35 Case,3,200,Nairobi
100899,2025-11-15,Redmi Note 14 Case,3,2500,Nairobi
100900,2025-06-01,Samsung A35 Case,5,800,Mombasa
100901,2025-01-30,Tecno Spark 20 Case,2,2500,Mombasa
100902,2025-04-27,Samsung A16 Case,4,500,Nairobi
100903,2025-06-22,Redmi Note 14 Case,two,2500,Nairobi
100904,2025-07-02,Screen Protector,1,200,Mombasa
100905,2025-05-26,iPhone 13 Case,4,200,Nakuru
100906,2025-09-08,Samsung A35 Case,4,500,Eldoret
100907,2025-10-30,Earbuds,3,200,Mombasa
100908,2025-04-28,Screen Protector,5,200,Eldoret
100909,2025-07-17,Redmi Note 14 Case,4,800,Eldoret
100910,2025-08-28,Tecno Spark 20 Case,3,2500,Eldoret
100911,2025-02-16,Redmi Note 14 Case,4,500,Nakuru
100912,2025-12-25,Infinix Hot 40 Case,1,300,Mombasa
100913,2025-11-21,Redmi Note 14 Case,1,800,Mombasa
100914,,Power Bank,2,300,Mombasa
100915,2025-09-16,Infinix Hot 40 Case,5,500,Nakuru
100916,2025-04-23,Samsung A16 Case,5,2500,Kisumu
100917,2025-12-03,Charger,3,1200,Mombasa
100918,2025-02-20,iPhone 13 Case,5,500,Nakuru
100919,2025-02-04,Tecno Spark 20 Case,2,500,Mombasa
100920,2025-03-10,Infinix Hot 40 Case,5,1200,Nakuru
100921,2025-02-18,Infinix Hot 40 Case,5,300,Nakuru
100922,2025-07-11,Redmi Note 14 Case,5,800,Kisumu
100923,2025-03-11,Earbuds,2,800,Mombasa
100924,2025-05-06,,2,500,Kisumu
100925,2025-05-09,Infinix Hot 40 Case,1,800,Nakuru
100926,2025-11-22,Samsung A35 Case,1,2500,Nakuru
100927,2025-06-23,Samsung A35 Case,4,800,Kisumu
100928,2025-07-07,Earbuds,1,800,Nakuru
100929,2025-06-01,Samsung A35 Case,1,800,Eldoret
100930,2025-08-01,Tecno Spark 20 Case,4,300,Nakuru
100931,,Infinix Hot 40 Case,4,500,Mombasa
100932,2025-08-08,power bank,2,2500,Nairobi
100933,2025-04-16,Redmi Note 14 Case,1,1200,Mombasa
100934,2025-03-11,Redmi Note 14 Case,4,200,Nakuru
100935,2025-10-28,Screen Protector,4,500,Eldoret
100936,2025-03-25,Power Bank,2,300,Nairobi
100937,2025-12-29,Infinix Hot 40 Case,1,1200,Kisumu
100938,2025-07-15,Power Bank,2,200,Eldoret
100939,2025-01-07,Samsung A35 Case,2,500,Eldoret
100940,2025-05-28,Earbuds,5,300,Eldoret
100941,2025-06-03,iPhone 13 Case,4,2500,Nairobi
100942,2025-11-09,Screen Protector,5,300,Kisumu
100943,2025-01-21,Infinix Hot 40 Case,2,1200,Mombasa
100944,2025-05-11,Earbuds,2,1200,Nairobi
100945,2025-11-01,Samsung A16 Case,3,500,Nakuru
100946,2025-12-11,Redmi Note 14 Case,5,800,Mombasa
100947,2025-06-10,Screen Protector,2,1200,Mombasa
100948,2025-07-15,Earbuds,2,200,Mombasa
100949,,iPhone 13 Case,1,-200,Nairobi
100950,2025-06-01,Screen Protector,5,1200,Kisumu
100951,2025-12-20,Earbuds,4,300,Eldoret
100952,2025-02-12,Power Bank,1,2500,Eldoret
100953,2025-06-26,Power Bank,1,300,Kisumu
100954,2025-07-17,Redmi Note 14 Case,2,200,Nakuru
100955,2025-11-26,Power Bank,5,1200,Mombasa
100956,2025-01-02,,1,300,Kisumu
100957,2025-11-26,Samsung A35 Case,2,500,Eldoret
100958,2025-05-05,Charger,4,2500,Kisumu
100959,2025-02-28,Screen Protector,2,500,Kisumu
100960,2025-07-11,Power Bank,3,200,Nairobi
100961,2025-02-01,Power Bank,5,800,Eldoret
100962,2025-06-03,Samsung A16 Case,4,2500,Mombasa
100963,2025-08-02,Redmi Note 14 Case,5,2500,Nakuru
100964,2025-04-26,Samsung A16 Case,4,2500,Eldoret
100965,2025-06-17,iPhone 13 Case,2,800,Nairobi
100966,2025-01-26,Redmi Note 14 Case,1,300,Kisumu
100967,2025-09-05,Screen Protector,3,800,Nairobi
100968,2025-04-07,Samsung A35 Case,2,800,Nakuru
100969,2025-08-15,Redmi Note 14 Case,4,200,Eldoret
100970,2025-06-27,Tecno Spark 20 Case,3,500,Eldoret
100971,2025-07-16,Infinix Hot 40 Case,3,500,Nakuru
100972,2025-09-25,Tecno Spark 20 Case,2,800,Eldoret
100973,2025-10-24,Power Bank,4,1200,Nairobi
100974,2025-03-26,Power Bank,1,2500,Mombasa
100975,,Screen Protector,2,300,Eldoret
100976,2025-11-12,Samsung A16 Case,4,2500,Nakuru
100977,2025-09-25,Power Bank,2,500,Kisumu
100978,2025-12-31,Tecno Spark 20 Case,3,500,Nakuru
100979,2025-04-24,Screen Protector,3,2500,Nakuru
100980,2025-08-08,iPhone 13 Case,1,1200,Eldoret
100981,2025-06-25,Power Bank,3,1200,Mombasa
100982,2025-09-17,iPhone 13 Case,3,200,Kisumu
100983,2025-01-12,Infinix Hot 40 Case,3,2500,Nakuru
100984,2025-01-16,Earbuds,1,1200,Mombasa
100985,2025-01-21,Infinix Hot 40 Case,5,300,Nairobi
100986,2025-09-17,Samsung A16 Case,4,2500,Eldoret
100987,2025-08-11,Tecno Spark 20 Case,3,500,Mombasa
100988,2025-11-21,Redmi Note 14 Case,1,500,Kisumu
100989,2025-12-19,Screen Protector,4,200,Mombasa
100990,2025-06-03,Redmi Note 14 Case,5,500,Nakuru
100991,2025-07-08,Earbuds,4,1200,Eldoret
100992,2025-09-22,iPhone 13 Case,4,2500,Kisumu
100993,2025-05-14,Redmi Note 14 Case,3,800,Kisumu
100994,2025-12-30,Power Bank,4,200,Nakuru
100995,2025-08-01,Power Bank,2,2500,Nairobi
100996,2025-05-11,Samsung A16 Case,4,800,Nakuru
100997,2025-10-13,,2,1200,Mombasa
100998,2025-06-05,charger,2,2500,Kisumu
100999,2025-06-12,Earbuds,4,300,Mombasa
101000,2025-02-10,Samsung A35 Case,3,300,Eldoret
101001,2025-11-10,Infinix Hot 40 Case,two,200,Kisumu
101002,2025-10-06,iPhone 13 Case,1,1200,Nakuru
101003,2025-04-18,Earbuds,3,2500,Mombasa
101004,2025-09-28,Screen Protector,3,500,Nakuru
101005,2025-10-16,Power Bank,4,1200,Nakuru
101006,2025-09-29,Tecno Spark 20 Case,2,300,Mombasa
101007,2025-09-05,Samsung A35 Case,4,2500,Nairobi
101008,2025-07-20,iPhone 13 Case,4,800,Eldoret
101009,2025-01-01,Screen Protector,3,800,Mombasa
101010,2025-10-30,Screen Protector,5,500,Nakuru
101011,2025-11-09,Charger,5,1200,Nakuru
101012,2025-10-29,Earbuds,4,2500,Nairobi
101013,2025-02-08,Samsung A35 Case,1,500,Mombasa
101014,2025-09-09,Charger,5,-300,Kisumu
101015,2025-04-25,Infinix Hot 40 Case,1,2500,Nakuru
101016,2025-09-08,Redmi Note 14 Case,3,500,Nairobi
101017,2025-04-01,Earbuds,2,2500,Eldoret
101018,2025-02-07,Redmi Note 14 Case,4,1200,Eldoret
101019,2025-11-24,iPhone 13 Case,3,500,Nakuru
101020,2025-01-30,Tecno Spark 20 Case,3,800,Eldoret
101021,2025-10-08,Earbuds,2,2500,Nairobi
101022,2025-08-03,Screen Protector,1,500,Eldoret
101023,2025-04-20,iPhone 13 Case,3,500,Nakuru
101024,2025-10-02,Power Bank,1,800,Eldoret
101025,2025-06-22,Tecno Spark 20 Case,1,500,Nairobi
101026,2025-05-04,Redmi Note 14 Case,1,800,Nakuru
101027,2025-10-02,Redmi Note 14 Case,4,2500,Nakuru
101028,2025-04-30,Charger,5,1200,Kisumu
101029,2025-06-13,Redmi Note 14 Case,1,2500,Kisumu
101030,2025-09-22,Screen Protector,1,800,Eldoret
101031,2025-03-30,Tecno Spark 20 Case,3,1200,Eldoret
101032,2025-08-15,Samsung A16 Case,1,500,Nakuru
101033,2025-11-30,iPhone 13 Case,1,800,Mombasa
101034,2025-03-09,Samsung A35 Case,4,300,Mombasa
101035,2025-12-27,Redmi Note 14 Case,two,2500,Nairobi
101036,,Charger,1,1200,Nakuru
101037,2025-03-03,Screen Protector,1,2500,Nakuru
101038,2025-09-25,Infinix Hot 40 Case,3,500,Mombasa
101039,2025-03-05,Screen Protector,2,1200,Eldoret
101040,2025-09-12,Redmi Note 14 Case,5,1200,Kisumu
101041,2025-10-31,iPhone 13 Case,4,1200,Eldoret
101042,2025-06-21,Power Bank,1,1200,Nairobi
101043,2025-07-20,Samsung A16 Case,5,200,Nairobi
101044,2025-11-20,Charger,3,200,Eldoret
101045,2025-08-04,Earbuds,1,1200,Eldoret
101046,2025-12-09,Tecno Spark 20 Case,4,2500,Kisumu
101047,2025-03-17,iPhone 13 Case,1,500,Nairobi
101048,2025-01-26,Charger,4,1200,Kisumu
101049,2025-08-20,Screen Protector,5,500,Eldoret
101050,2025-02-07,Tecno Spark 20 Case,4,200,Kisumu
101051,2025-06-06,Redmi Note 14 Case,3,800,Eldoret
101052,2025-11-07,Samsung A16 Case,4,-800,Mombasa
101053,2025-09-17,Screen Protector,4,1200,Nairobi
101054,2025-03-08,,4,300,Nairobi
101055,2025-06-11,iPhone 13 Case,3,200,Nairobi
101056,2025-09-14,Earbuds,1,300,Eldoret
101057,2025-03-02,iPhone 13 Case,4,2500,Nairobi
101058,2025-08-06,Tecno Spark 20 Case,3,500,Nakuru
101059,2025-12-28,Power Bank,1,200,Eldoret
101060,2025-04-03,Tecno Spark 20 Case,5,200,Nakuru
101061,2025-12-21,Samsung A16 Case,3,1200,Kisumu
101062,2025-12-06,Earbuds,1,1200,Nakuru
101063,2025-07-08,Samsung A16 Case,1,2500,Eldoret
101064,2025-07-09,Samsung A35 Case,3,800,Nairobi
101065,2025-12-19,iPhone 13 Case,2,1200,Kisumu
101066,2025-09-02,Earbuds,1,2500,Nairobi
101067,2025-04-16,Redmi Note 14 Case,3,2500,Mombasa
101068,2025-08-21,Redmi Note 14 Case,1,1200,Nakuru
101069,2025-11-01,iPhone 13 Case,1,200,Eldoret
101070,2025-12-10,iPhone 13 Case,5,500,Nairobi
101071,2025-02-28,Samsung A35 Case,1,1200,Nairobi
101072,2025-07-11,iPhone 13 Case,3,2500,Nakuru
101073,2025-05-27,Tecno Spark 20 Case,3,1200,Nairobi
101074,2025-05-07,Samsung A16 Case,5,200,Mombasa
101075,2025-06-17,Infinix Hot 40 Case,4,500,Eldoret
101076,2025-11-28,iPhone 13 Case,5,1200,Mombasa
101077,2025-04-19,Redmi Note 14 Case,4,1200,Eldoret
101078,2025-08-28,Samsung A16 Case,two,1200,Nairobi
101079,2025-03-31,Screen Protector,4,300,Mombasa
101080,2025-01-08,Earbuds,1,500,Eldoret
101081,2025-06-23,Screen Protector,5,200,Nairobi
101082,2025-06-24,Charger,4,300,Mombasa
101083,2025-05-26,Redmi Note 14 Case,2,800,Mombasa
101084,2025-06-10,Power Bank,4,300,Nairobi
101085,2025-05-27,Earbuds,4,800,Nakuru
101086,2025-04-23,Samsung A35 Case,1,800,Kisumu
101087,2025-08-31,Screen Protector,1,300,Eldoret
101088,2025-10-12,Power Bank,1,300,Eldoret
101089,2025-11-03,Earbuds,3,1200,Nakuru
101090,2025-09-23,Samsung A16 Case,2,500,Nairobi
101091,,Power Bank,1,200,Eldoret
101092,2025-02-08,iPhone 13 Case,4,500,Eldoret
101093,2025-03-25,Power Bank,3,1200,Eldoret
101094,2025-01-02,Earbuds,5,2500,Nakuru
101095,2025-12-16,Earbuds,2,200,Kisumu
101096,2025-09-25,Earbuds,3,500,Nakuru
101097,2025-11-17,,5,300,Kisumu
101098,2025-12-23,Samsung A16 Case,5,2500,Mombasa
101099,2025-02-18,Screen Protector,1,200,Kisumu
101100,2025-10-21,Redmi Note 14 Case,4,1200,Eldoret
101101,2025-04-17,Earbuds,2,800,Kisumu
101102,2025-04-09,Power Bank,5,200,Mombasa
101103,2025-05-02,Screen Protector,4,800,Eldoret
101104,2025-12-20,Power Bank,3,500,Mombasa
101105,2025-06-05,iPhone 13 Case,4,200,Mombasa
101106,2025-03-04,Tecno Spark 20 Case,3,300,Mombasa
101107,2025-11-09,Infinix Hot 40 Case,4,800,Mombasa
101108,2025-06-16,Screen Protector,2,800,Mombasa
101109,2025-01-07,Earbuds,4,1200,Nakuru
101110,2025-02-25,Charger,1,200,Eldoret
101111,2025-02-16,iPhone 13 Case,4,500,Nakuru
101112,2025-06-06,Tecno Spark 20 Case,2,800,Eldoret
101113,2025-05-06,Power Bank,3,200,Nairobi
101114,2025-10-21,Earbuds,5,300,Eldoret
101115,,iPhone 13 Case,4,800,Nairobi
101116,2025-11-17,Redmi Note 14 Case,4,200,Nairobi
101117,2025-12-31,Infinix Hot 40 Case,2,1200,Eldoret
101118,2025-12-10,Screen Protector,3,500,Kisumu
101119,,Charger,5,800,Eldoret
101120,2025-06-03,Infinix Hot 40 Case,3,2500,Mombasa
101121,2025-12-29,iPhone 13 Case,3,300,Kisumu
101122,2025-02-20,Power Bank,2,2500,Eldoret
101123,2025-11-11,Infinix Hot 40 Case,5,1200,Mombasa
101124,2025-01-30,Tecno Spark 20 Case,2,1200,Kisumu
101125,2025-05-02,Samsung A35 Case,5,1200,Eldoret
101126,,Screen Protector,4,1200,Eldoret
101127,2025-02-04,Power Bank,4,300,Nairobi
101128,2025-07-20,Tecno Spark 20 Case,1,1200,Nairobi
101129,2025-03-18,Redmi Note 14 Case,3,2500,Nairobi
101130,2025-04-19,iPhone 13 Case,4,1200,Kisumu
101131,2025-06-14,Screen Protector,1,200,Kisumu
101132,2025-06-11,iPhone 13 Case,5,2500,Eldoret
101133,2025-11-05,Earbuds,3,500,Nairobi
101134,,Power Bank,2,1200,Mombasa
101135,2025-02-20,Redmi Note 14 Case,two,200,Nakuru
101136,2025-12-07,Infinix Hot 40 Case,4,1200,Nakuru
101137,2025-10-27,Samsung A35 Case,3,800,Nakuru
101138,2025-04-02,Screen Protector,5,500,Eldoret
101139,2025-04-21,Samsung A16 Case,2,500,Kisumu
101140,2025-09-30,Charger,3,800,Mombasa
101141,2025-12-04,Samsung A35 Case,1,300,Eldoret
101142,2025-10-02,Screen Protector,5,1200,Nakuru
101143,2025-01-08,Samsung A16 Case,4,1200,Eldoret
101144,2025-05-25,Charger,5,800,Mombasa
101145,2025-05-27,iPhone 13 Case,3,1200,Nairobi
101146,2025-12-20,Screen Protector,3,2500,Nakuru
101147,2025-06-22,Power Bank,4,2500,Nairobi
101148,2025-05-29,Power Bank,3,800,Nairobi
101149,2025-01-05,Tecno Spark 20 Case,1,800,Nakuru
101150,2025-02-15,Redmi Note 14 Case,2,800,Eldoret
101151,2025-03-11,Screen Protector,1,500,Nairobi
101152,2025-05-27,Tecno Spark 20 Case,two,800,Nakuru
101153,2025-08-24,Tecno Spark 20 Case,4,2500,Nakuru
101154,2025-07-02,Earbuds,2,800,Mombasa
101155,2025-04-12,Earbuds,3,-200,Kisumu
101156,2025-08-04,Tecno Spark 20 Case,3,500,Mombasa
101157,2025-07-11,Charger,1,500,Kisumu
101158,2025-08-30,iPhone 13 Case,1,500,Kisumu
101159,2025-08-07,Earbuds,2,800,Eldoret
101160,2025-06-24,Infinix Hot 40 Case,4,1200,Mombasa
101161,2025-06-12,Tecno Spark 20 Case,1,800,Eldoret
101162,2025-12-03,Earbuds,1,200,Mombasa
101163,2025-08-13,Samsung A35 Case,3,2500,Kisumu
101164,2025-11-19,Redmi Note 14 Case,3,1200,Nakuru
101165,2025-01-13,Tecno Spark 20 Case,5,300,Nakuru
101166,2025-01-22,Earbuds,5,2500,Kisumu
101167,2025-06-20,,3,2500,Mombasa
101168,2025-10-25,Infinix Hot 40 Case,5,800,Kisumu
101169,2025-07-13,Samsung A16 Case,1,500,Eldoret
101170,2025-07-03,Samsung A35 Case,1,2500,Mombasa
101171,2025-10-30,Infinix Hot 40 Case,3,500,Eldoret
101172,2025-09-21,Screen Protector,2,200,Eldoret
101173,2025-11-23,Samsung A35 Case,3,200,Eldoret
101174,2025-10-19,Samsung A35 Case,1,1200,Mombasa
101175,,Earbuds,5,1200,Mombasa
101176,2025-08-20,Redmi Note 14 Case,5,800,Nakuru
101177,2025-05-08,Samsung A16 Case,1,200,Eldoret
101178,2025-06-13,Samsung A35 Case,3,300,Kisumu
101179,2025-07-10,Infinix Hot 40 Case,1,300,Mombasa
101180,2025-09-17,Infinix Hot 40 Case,3,500,Eldoret
101181,2025-03-13,Redmi Note 14 Case,3,2500,Nakuru
101182,2025-07-07,iPhone 13 Case,5,1200,Mombasa
101183,2025-10-17,Samsung A35 Case,5,-1200,Nairobi
101184,,Tecno Spark 20 Case,3,2500,Nakuru
101185,2025-01-16,Samsung A16 Case,2,200,Mombasa
101186,2025-06-11,Infinix Hot 40 Case,2,800,Mombasa
101187,2025-05-24,Redmi Note 14 Case,4,300,Mombasa
101188,2025-01-13,Power Bank,4,300,Kisumu
101189,2025-10-22,Infinix Hot 40 Case,3,2500,Kisumu
101190,2025-04-30,Infinix Hot 40 Case,3,2500,Eldoret
101191,2025-08-09,Infinix Hot 40 Case,5,200,Nairobi
101192,2025-08-21,Redmi Note 14 Case,5,1200,Mombasa
101193,2025-01-21,iPhone 13 Case,3,1200,Kisumu
101194,2025-10-02,Samsung A35 Case,1,200,Mombasa
101195,2025-08-02,Tecno Spark 20 Case,1,2500,Eldoret
101196,2025-03-15,,2,800,Kisumu
101197,2025-02-23,Charger,4,800,Mombasa
101198,2025-06-09,iPhone 13 Case,2,2500,Kisumu
101199,2025-06-27,Charger,4,2500,Eldoret
101200,2025-02-22,Infinix Hot 40 Case,4,-1200,Eldoret
101201,2025-02-28,Earbuds,2,800,Eldoret
101202,2025-04-29,Samsung A16 Case,2,300,Kisumu
101203,2025-09-05,Tecno Spark 20 Case,2,500,Kisumu
101204,2025-12-27,Redmi Note 14 Case,4,200,Eldoret
101205,2025-03-20,Redmi Note 14 Case,1,200,Eldoret
101206,2025-12-15,Redmi Note 14 Case,2,300,Nakuru
101207,2025-04-06,Power Bank,1,300,Mombasa
101208,2025-09-21,Power Bank,1,2500,Mombasa
101209,2025-11-21,Charger,4,200,Nakuru
101210,2025-11-16,Samsung A16 Case,5,800,Nakuru
101211,2025-05-19,Tecno Spark 20 Case,two,200,Nairobi
101212,2025-04-17,Power Bank,3,200,Nakuru
101213,2025-06-11,Infinix Hot 40 Case,4,-800,Kisumu
101214,2025-04-10,Power Bank,2,500,Kisumu
101215,2025-05-21,Redmi Note 14 Case,3,200,Mombasa
101216,2025-07-17,Screen Protector,4,500,Eldoret
101217,2025-07-05,earbuds,2,1200,Mombasa
101218,2025-11-12,Redmi Note 14 Case,3,200,Kisumu
101219,2025-04-30,Screen Protector,2,1200,Eldoret
101220,2025-08-23,Samsung A16 Case,5,1200,Eldoret
101221,2025-01-24,Samsung A35 Case,4,500,Nakuru
101222,2025-09-30,Power Bank,4,200,Nairobi
101223,2025-04-04,Samsung A35 Case,1,1200,Kisumu
101224,2025-12-06,Charger,3,500,Nairobi
101225,2025-05-20,Charger,5,300,Mombasa
101226,2025-04-11,Infinix Hot 40 Case,4,200,Nairobi
101227,2025-12-21,Power Bank,2,2500,Nakuru
101228,2025-08-15,Redmi Note 14 Case,4,200,Nairobi
101229,2025-01-13,Samsung A35 Case,2,1200,Kisumu
101230,2025-04-10,Earbuds,2,200,Kisumu
101231,2025-11-25,Samsung A16 Case,3,2500,Kisumu
101232,2025-04-10,Samsung A35 Case,5,1200,Nakuru
101233,2025-08-25,iPhone 13 Case,2,200,Nairobi
101234,2025-08-04,Infinix Hot 40 Case,4,300,Nakuru
101235,2025-01-03,Charger,4,2500,Nairobi
101236,2025-05-29,Charger,two,2500,Kisumu
101237,2025-03-06,Power Bank,4,1200,Mombasa
101238,2025-09-09,Earbuds,3,500,Eldoret
101239,2025-01-13,Infinix Hot 40 Case,1,200,Mombasa
101240,2025-04-28,Samsung A35 Case,2,1200,Nakuru
101241,2025-02-13,iPhone 13 Case,5,300,Mombasa
101242,2025-02-15,Samsung A35 Case,5,1200,Nairobi
101243,2025-04-12,Power Bank,2,2500,Eldoret
101244,2025-12-03,Samsung A16 Case,4,2500,Nairobi
101245,2025-05-18,iPhone 13 Case,3,200,Kisumu
101246,2025-04-21,Samsung A35 Case,1,800,Mombasa
101247,2025-07-01,Charger,4,1200,Nairobi
101248,2025-06-20,Samsung A35 Case,1,800,Nakuru
101249,2025-07-07,Redmi Note 14 Case,2,2500,Eldoret
101250,2025-11-17,Screen Protector,4,800,Nakuru
101251,2025-09-29,Tecno Spark 20 Case,1,800,Mombasa
101252,2025-07-05,Samsung A16 Case,4,500,Eldoret
101253,2025-06-30,Earbuds,2,500,Mombasa
101254,2025-06-24,Tecno Spark 20 Case,1,300,Nairobi
101255,2025-05-14,Earbuds,5,200,Eldoret
101256,2025-02-02,Screen Protector,2,800,Eldoret
101257,2025-11-09,Charger,4,500,Eldoret
101258,2025-05-15,Screen Protector,4,500,Kisumu
101259,2025-06-09,Earbuds,3,200,Nakuru
101260,2025-08-05,Earbuds,5,2500,Mombasa
101261,2025-02-28,Earbuds,4,500,Mombasa
101262,2025-06-06,Samsung A16 Case,2,300,Eldoret
101263,2025-07-24,Earbuds,4,800,Mombasa
101264,2025-08-06,Power Bank,4,300,Nairobi
101265,2025-04-14,Samsung A35 Case,1,1200,Eldoret
101266,2025-11-08,Screen Protector,4,300,Nairobi
101267,2025-11-27,Power Bank,4,2500,Kisumu
101268,2025-08-21,Charger,1,500,Nairobi
101269,2025-03-31,Redmi Note 14 Case,4,300,Nairobi
101270,2025-01-26,Earbuds,1,300,Nakuru
101271,2025-10-28,Samsung A16 Case,3,500,Kisumu
101272,2025-06-30,Infinix Hot 40 Case,4,800,Nakuru
101273,2025-11-17,Infinix Hot 40 Case,1,800,Kisumu
101274,2025-04-12,Infinix Hot 40 Case,4,200,Eldoret
101275,2025-02-16,Samsung A16 Case,1,2500,Nairobi
101276,2025-08-30,Infinix Hot 40 Case,2,200,Mombasa
101277,2025-01-05,Infinix Hot 40 Case,4,800,Eldoret
101278,,Screen Protector,3,2500,Mombasa
101279,2025-06-10,Charger,2,2500,Nakuru
101280,2025-08-14,Samsung A16 Case,5,300,Kisumu
101281,2025-10-04,Samsung A35 Case,5,2500,Nakuru
101282,2025-10-21,Tecno Spark 20 Case,2,2500,Kisumu
101283,2025-07-21,Redmi Note 14 Case,5,2500,Nairobi
101284,2025-01-03,samsung a35 case,5,800,Eldoret
101285,2025-08-23,Tecno Spark 20 Case,4,200,Mombasa
101286,2025-07-28,Earbuds,3,1200,Nairobi
101287,2025-02-19,iPhone 13 Case,3,800,Nakuru
101288,2025-03-11,Infinix Hot 40 Case,1,800,Kisumu
101289,2025-12-21,Infinix Hot 40 Case,4,500,Nairobi
101290,2025-03-31,Tecno Spark 20 Case,1,800,Nakuru
101291,2025-05-19,Charger,5,200,Kisumu
101292,2025-10-01,Infinix Hot 40 Case,3,2500,Nairobi
101293,2025-06-03,Earbuds,4,800,Nakuru
101294,2025-10-12,Samsung A35 Case,3,1200,Kisumu
101295,2025-12-20,Samsung A16 Case,1,500,Nakuru
101296,2025-10-26,Tecno Spark 20 Case,5,300,Nairobi
101297,,iPhone 13 Case,5,300,Nakuru
101298,2025-01-08,iPhone 13 Case,4,2500,Nairobi
101299,2025-11-17,Charger,3,200,Mombasa
101300,2025-07-06,Redmi Note 14 Case,4,300,Nakuru
101301,2025-12-08,Samsung A35 Case,5,2500,Nakuru
101302,2025-02-13,Screen Protector,1,1200,Kisumu
101303,2025-03-15,Samsung A16 Case,4,1200,Nakuru
101304,2025-06-05,Earbuds,2,500,Eldoret
101305,2025-08-04,Power Bank,2,800,Mombasa
101306,2025-12-26,Samsung A35 Case,2,500,Nakuru
101307,2025-10-05,iPhone 13 Case,5,500,Kisumu
101308,2025-12-15,Screen Protector,3,800,Nakuru
101309,2025-05-21,Redmi Note 14 Case,5,300,Eldoret
101310,2025-08-16,Earbuds,1,2500,Nakuru
101311,2025-09-05,Samsung A16 Case,3,300,Mombasa
101312,2025-05-09,Charger,1,1200,Nakuru
101313,,Earbuds,1,500,Nairobi
101314,2025-04-27,Samsung A16 Case,3,500,Nakuru
101315,2025-04-23,Infinix Hot 40 Case,3,300,Kisumu
101316,2025-07-25,Power Bank,1,300,Nairobi
101317,2025-06-22,Samsung A35 Case,4,1200,Nakuru
101318,2025-06-30,Samsung A35 Case,3,300,Kisumu
101319,2025-11-20,Tecno Spark 20 Case,1,300,Eldoret
101320,2025-09-14,Samsung A35 Case,2,300,Kisumu
101321,2025-12-31,Infinix Hot 40 Case,4,800,Mombasa
101322,2025-12-09,Earbuds,2,500,Eldoret
101323,2025-07-22,Power Bank,1,200,Nakuru
101324,2025-07-12,Earbuds,1,2500,Nakuru
101325,2025-12-20,Infinix Hot 40 Case,5,200,Eldoret
101326,2025-08-09,Samsung A16 Case,4,1200,Nairobi
101327,2025-09-13,Samsung A16 Case,3,500,Nakuru
101328,2025-05-29,Screen Protector,3,800,Nakuru
101329,2025-10-09,Earbuds,3,500,Mombasa
101330,2025-04-19,Samsung A35 Case,4,300,Eldoret
101331,2025-02-09,Screen Protector,5,1200,Eldoret
101332,2025-05-12,Tecno Spark 20 Case,2,800,Eldoret
101333,2025-08-30,Samsung A35 Case,4,1200,Kisumu
101334,2025-08-09,Earbuds,1,500,Nakuru
101335,2025-04-22,Infinix Hot 40 Case,4,2500,Nairobi
101336,2025-11-20,Tecno Spark 20 Case,2,500,Mombasa
101337,2025-07-14,Power Bank,3,1200,Kisumu
101338,2025-06-13,Screen Protector,2,1200,Mombasa
101339,2025-01-24,Earbuds,2,800,Mombasa
101340,2025-11-19,Infinix Hot 40 Case,2,200,Nairobi
101341,2025-06-30,iPhone 13 Case,4,1200,Nairobi
101342,2025-03-10,Charger,5,2500,Kisumu
101343,2025-06-18,Tecno Spark 20 Case,1,1200,Nairobi
101344,2025-09-06,Charger,4,2500,Nairobi
101345,2025-11-22,Power Bank,5,200,Mombasa
101346,2025-05-18,Samsung A16 Case,5,1200,Nakuru
101347,2025-07-31,Redmi Note 14 Case,3,500,Eldoret
101348,2025-12-08,Screen Protector,4,800,Nakuru
101349,2025-11-28,Tecno Spark 20 Case,3,800,Mombasa
101350,2025-08-27,Tecno Spark 20 Case,1,1200,Kisumu
101351,2025-12-09,Power Bank,2,300,Eldoret
101352,2025-01-30,Redmi Note 14 Case,5,200,Eldoret
101353,2025-04-22,Screen Protector,3,500,Nakuru
101354,2025-07-25,Charger,1,2500,Nairobi
101355,2025-02-16,Infinix Hot 40 Case,4,2500,Nakuru
101356,2025-08-01,Samsung A16 Case,5,200,Nairobi
101357,2025-09-29,Samsung A35 Case,3,300,Nakuru
101358,2025-07-21,Redmi Note 14 Case,3,300,Kisumu
101359,2025-09-12,Samsung A16 Case,1,200,Nairobi
101360,2025-05-19,Earbuds,2,2500,Kisumu
101361,2025-09-30,Earbuds,4,800,Kisumu
101362,2025-04-21,Tecno Spark 20 Case,1,500,Eldoret
101363,2025-12-23,Screen Protector,1,200,Mombasa
101364,2025-07-10,Samsung A16 Case,1,500,Mombasa
101365,2025-10-19,Redmi Note 14 Case,1,200,Mombasa
101366,2025-03-29,Screen Protector,2,500,Eldoret
101367,2025-07-17,Samsung A16 Case,1,300,Nairobi
101368,2025-06-16,Samsung A35 Case,5,2500,Mombasa
101369,2025-11-09,Tecno Spark 20 Case,1,300,Nakuru
101370,2025-09-08,Samsung A35 Case,1,1200,Nakuru
101371,2025-03-14,Screen Protector,5,2500,Mombasa
101372,2025-09-19,Screen Protector,4,800,Kisumu
101373,2025-09-02,Infinix Hot 40 Case,3,200,Kisumu
101374,2025-03-04,Charger,1,800,Eldoret
101375,2025-06-24,Charger,5,200,Kisumu
101376,2025-12-03,Redmi Note 14 Case,3,300,Nakuru
101377,2025-09-28,Infinix Hot 40 Case,4,800,Eldoret
101378,2025-12-05,Infinix Hot 40 Case,3,800,Nairobi
101379,2025-03-19,Screen Protector,2,200,Mombasa
101380,2025-09-27,Samsung A35 Case,2,1200,Mombasa
101381,,Power Bank,4,500,Eldoret
101382,2025-12-05,Infinix Hot 40 Case,1,200,Mombasa
101383,2025-06-17,Screen Protector,3,1200,Kisumu
101384,2025-07-12,iPhone 13 Case,5,500,Mombasa
101385,2025-12-02,Infinix Hot 40 Case,5,2500,Eldoret
101386,2025-05-27,Infinix Hot 40 Case,4,500,Kisumu
101387,2025-02-12,Samsung A35 Case,2,200,Nakuru
101388,,Samsung A35 Case,4,800,Kisumu
101389,2025-05-31,Infinix Hot 40 Case,2,2500,Nairobi
101390,2025-11-09,Samsung A35 Case,5,2500,Mombasa
101391,2025-04-24,iPhone 13 Case,3,500,Kisumu
101392,,Infinix Hot 40 Case,4,800,Kisumu
101393,2025-04-23,Charger,4,2500,Kisumu
101394,2025-02-22,Samsung A16 Case,3,1200,Kisumu
101395,2025-10-10,Power Bank,4,200,Mombasa
101396,2025-04-07,Earbuds,5,200,Nairobi
101397,2025-11-30,iPhone 13 Case,5,2500,Eldoret
101398,2025-02-28,Samsung A16 Case,1,2500,Nakuru
101399,2025-02-19,Samsung A35 Case,1,500,Eldoret
101400,2025-08-02,Tecno Spark 20 Case,5,500,Eldoret
101401,2025-02-16,iPhone 13 Case,4,200,Eldoret
101402,,samsung a35 case,4,2500,Mombasa
101403,2025-03-20,Redmi Note 14 Case,3,2500,Nakuru
101404,2025-09-05,Charger,4,1200,Nakuru
101405,2025-10-07,Infinix Hot 40 Case,2,300,Mombasa
101406,2025-12-27,iPhone 13 Case,1,300,Eldoret
101407,2025-03-03,Samsung A35 Case,5,300,Kisumu
101408,2025-01-17,Screen Protector,2,-2500,Nairobi
101409,2025-02-27,Charger,5,800,Kisumu
101410,2025-11-14,Screen Protector,1,1200,Eldoret
101411,2025-03-23,redmi note 14 case,2,800,Eldoret
101412,2025-08-07,Redmi Note 14 Case,1,800,Kisumu
101413,2025-03-12,Tecno Spark 20 Case,3,-500,Mombasa
101414,2025-09-23,,2,200,Kisumu
101415,2025-10-18,Power Bank,2,800,Kisumu
101416,2025-10-07,Infinix Hot 40 Case,2,2500,Mombasa
101417,2025-01-22,Power Bank,2,500,Kisumu
101418,2025-10-22,Tecno Spark 20 Case,3,1200,Nakuru
101419,2025-08-18,Redmi Note 14 Case,4,500,Eldoret
101420,2025-02-10,Screen Protector,4,800,Kisumu
101421,2025-03-25,Samsung A35 Case,3,300,Mombasa
101422,2025-11-05,Samsung A35 Case,2,2500,Kisumu
101423,2025-11-19,Earbuds,3,300,Mombasa
101424,2025-03-14,iPhone 13 Case,1,2500,Kisumu
101425,2025-08-21,Screen Protector,3,800,Nakuru
101426,2025-02-28,Earbuds,4,300,Nairobi
101427,2025-03-06,Screen Protector,3,300,Nairobi
101428,2025-09-23,Samsung A35 Case,5,500,Nakuru
101429,2025-05-30,Samsung A16 Case,3,1200,Nairobi
101430,2025-09-05,Power Bank,two,300,Nairobi
101431,2025-01-25,Redmi Note 14 Case,5,800,Eldoret
101432,2025-10-28,Screen Protector,4,200,Kisumu
101433,2025-05-17,Redmi Note 14 Case,4,500,Mombasa
101434,2025-05-18,Screen Protector,4,200,Nairobi
101435,,Power Bank,2,2500,Nakuru
101436,2025-06-25,Screen Protector,1,300,Mombasa
101437,2025-10-10,Tecno Spark 20 Case,2,500,Nairobi
101438,2025-09-01,Tecno Spark 20 Case,3,1200,Eldoret
101439,2025-05-07,Power Bank,1,800,Eldoret
101440,2025-09-28,Tecno Spark 20 Case,4,1200,Nakuru
101441,2025-03-14,Charger,3,300,Kisumu
101442,2025-09-05,Infinix Hot 40 Case,4,200,Kisumu
101443,2025-02-12,Power Bank,1,200,Nakuru
101444,2025-06-19,Earbuds,2,800,Kisumu
101445,,Tecno Spark 20 Case,1,1200,Nairobi
101446,2025-05-31,Charger,4,200,Nakuru
101447,2025-03-10,Samsung A35 Case,3,300,Nairobi
101448,2025-10-23,Charger,3,1200,Mombasa
101449,2025-11-14,Earbuds,2,200,Eldoret
101450,2025-11-27,Power Bank,2,2500,Kisumu
101451,2025-10-31,Redmi Note 14 Case,2,300,Mombasa
101452,2025-02-07,Samsung A16 Case,3,800,Mombasa
101453,2025-11-15,Earbuds,5,2500,Nairobi
101454,2025-12-24,Samsung A16 Case,1,500,Nairobi
101455,2025-08-26,Charger,3,2500,Mombasa
101456,2025-07-28,Redmi Note 14 Case,1,1200,Mombasa
101457,2025-04-17,iPhone 13 Case,1,200,Kisumu
101458,2025-10-11,Infinix Hot 40 Case,1,2500,Kisumu
101459,2025-02-06,iPhone 13 Case,1,300,Kisumu
101460,2025-02-25,Samsung A35 Case,3,1200,Eldoret
101461,2025-09-15,Samsung A16 Case,5,300,Nairobi
101462,2025-12-29,Power Bank,3,800,Kisumu
101463,2025-08-18,Power Bank,2,800,Mombasa
101464,2025-04-24,Power Bank,4,500,Kisumu
101465,2025-02-06,Earbuds,4,300,Nairobi
101466,2025-12-20,Power Bank,3,300,Kisumu
101467,2025-07-04,Tecno Spark 20 Case,5,800,Nakuru
101468,,Power Bank,5,500,Nairobi
101469,2025-11-06,Charger,4,800,Nakuru
101470,2025-07-26,Samsung A35 Case,1,500,Eldoret
101471,2025-08-30,Samsung A35 Case,1,200,Kisumu
101472,2025-04-12,Infinix Hot 40 Case,5,1200,Nairobi
101473,2025-05-13,Tecno Spark 20 Case,1,300,Nairobi
101474,2025-12-14,Power Bank,5,300,Mombasa
101475,2025-04-19,Redmi Note 14 Case,4,500,Eldoret
101476,2025-10-18,Screen Protector,4,1200,Mombasa
101477,2025-05-09,Screen Protector,4,800,Eldoret
101478,,Infinix Hot 40 Case,2,200,Kisumu
101479,2025-10-04,Redmi Note 14 Case,5,300,Nairobi
101480,2025-02-21,Infinix Hot 40 Case,1,1200,Mombasa
101481,2025-11-07,iPhone 13 Case,5,800,Eldoret
101482,2025-04-20,,2,200,Nairobi
101483,2025-12-28,Power Bank,2,200,Mombasa
101484,2025-08-01,Infinix Hot 40 Case,5,200,Kisumu
101485,2025-01-06,Charger,3,1200,Nairobi
101486,2025-02-04,Charger,1,2500,Eldoret
101487,2025-09-18,Screen Protector,2,200,Eldoret
101488,2025-03-17,Redmi Note 14 Case,3,2500,Nakuru
101489,2025-11-09,Tecno Spark 20 Case,1,1200,Nairobi
101490,2025-08-27,Tecno Spark 20 Case,5,1200,Mombasa
101491,2025-06-09,Redmi Note 14 Case,4,1200,Kisumu
101492,2025-09-04,Samsung A35 Case,5,300,Nairobi
101493,2025-05-14,Redmi Note 14 Case,4,300,Nairobi
101494,2025-04-04,Screen Protector,1,2500,Nairobi
101495,2025-07-28,Redmi Note 14 Case,3,300,Nairobi
101496,2025-05-02,Samsung A16 Case,2,800,Mombasa
101497,2025-04-25,Charger,4,300,Mombasa
101498,2025-07-20,Screen Protector,2,800,Kisumu
101499,2025-01-11,Tecno Spark 20 Case,3,2500,Nakuru
101500,2025-06-01,Screen Protector,3,1200,Mombasa
101501,2025-05-17,iPhone 13 Case,1,2500,Mombasa
101502,,iPhone 13 Case,3,300,Mombasa
101503,2025-06-24,Tecno Spark 20 Case,2,200,Kisumu
101504,2025-12-20,Infinix Hot 40 Case,3,1200,Mombasa
101505,2025-09-03,Samsung A35 Case,1,300,Eldoret
101506,2025-04-03,Screen Protector,5,200,Kisumu
101507,2025-09-02,Samsung A16 Case,5,1200,Mombasa
101508,2025-10-22,iPhone 13 Case,2,200,Eldoret
101509,2025-03-12,Screen Protector,5,1200,Eldoret
101510,2025-10-09,iPhone 13 Case,1,500,Mombasa
101511,,Charger,2,200,Mombasa
101512,2025-04-13,Charger,5,200,Nakuru
101513,2025-08-29,Power Bank,1,500,Nairobi
101514,2025-01-25,Screen Protector,3,1200,Kisumu
101515,2025-07-26,Samsung A35 Case,5,1200,Nakuru
101516,2025-10-09,Redmi Note 14 Case,4,200,Nairobi
101517,2025-11-06,Samsung A16 Case,4,200,Kisumu
101518,2025-04-30,Redmi Note 14 Case,1,1200,Nairobi
101519,2025-03-27,,1,500,Nakuru
101520,2025-12-30,Charger,3,2500,Mombasa
101521,2025-08-21,Samsung A16 Case,5,500,Nakuru
101522,2025-05-27,Samsung A16 Case,2,200,Kisumu
101523,2025-09-28,Samsung A35 Case,3,500,Nakuru
101524,2025-06-30,Power Bank,1,300,Kisumu
101525,2025-02-17,Power Bank,2,2500,Nairobi
101526,2025-01-06,Charger,4,200,Nakuru
101527,2025-12-26,Earbuds,4,800,Mombasa
101528,2025-04-26,Earbuds,1,200,Nakuru
101529,2025-06-22,Redmi Note 14 Case,2,300,Mombasa
101530,2025-11-29,iPhone 13 Case,5,2500,Kisumu
101531,2025-12-01,Screen Protector,4,1200,Mombasa
101532,2025-05-03,Samsung A35 Case,2,1200,Mombasa
101533,,Tecno Spark 20 Case,3,500,Nairobi
101534,2025-07-01,Power Bank,3,2500,Kisumu
101535,2025-05-12,Samsung A35 Case,3,800,Mombasa
101536,2025-11-27,Infinix Hot 40 Case,2,-500,Mombasa
101537,2025-04-06,Redmi Note 14 Case,3,2500,Mombasa
101538,2025-08-23,iPhone 13 Case,2,2500,Kisumu
101539,2025-09-13,Power Bank,two,200,Kisumu
101540,2025-12-14,Screen Protector,4,300,Kisumu
101541,2025-11-13,Earbuds,1,800,Eldoret
101542,2025-05-16,Redmi Note 14 Case,1,300,Nakuru
101543,2025-11-10,Redmi Note 14 Case,5,1200,Mombasa
101544,2025-11-14,Tecno Spark 20 Case,2,800,Kisumu
101545,2025-07-28,Charger,3,1200,Mombasa
101546,2025-07-30,Power Bank,4,1200,Mombasa
101547,2025-02-28,iPhone 13 Case,4,200,Nairobi
101548,2025-08-08,Redmi Note 14 Case,5,300,Mombasa
101549,2025-08-03,samsung a16 case,3,1200,Nairobi
101550,2025-03-05,Power Bank,2,800,Eldoret
101551,2025-09-02,Tecno Spark 20 Case,2,800,Mombasa
101552,2025-06-19,Samsung A16 Case,5,1200,Nakuru
101553,2025-09-24,Redmi Note 14 Case,3,200,Eldoret
101554,2025-02-09,Earbuds,5,500,Eldoret
101555,2025-04-04,Earbuds,4,300,Nakuru
101556,2025-10-27,Earbuds,3,200,Eldoret
101557,2025-08-06,Power Bank,2,300,Kisumu
101558,2025-12-12,Samsung A35 Case,2,2500,Mombasa
101559,2025-08-12,Charger,1,2500,Eldoret
101560,2025-10-21,Screen Protector,1,500,Nakuru
101561,2025-06-15,Earbuds,3,2500,Mombasa
101562,2025-03-02,Redmi Note 14 Case,1,2500,Mombasa
101563,2025-06-22,iPhone 13 Case,4,1200,Kisumu
101564,2025-04-20,Redmi Note 14 Case,5,500,Mombasa
101565,2025-12-22,Samsung A35 Case,2,1200,Mombasa
101566,,Charger,4,2500,Mombasa
101567,2025-12-06,Screen Protector,2,1200,Eldoret
101568,2025-12-06,Power Bank,4,200,Eldoret
101569,2025-01-28,iPhone 13 Case,1,1200,Nairobi
101570,2025-03-04,Samsung A35 Case,5,1200,Nairobi
101571,2025-04-06,Samsung A35 Case,3,1200,Mombasa
101572,2025-11-12,Redmi Note 14 Case,2,2500,Kisumu
101573,2025-08-05,Screen Protector,3,1200,Eldoret
101574,2025-04-14,Tecno Spark 20 Case,5,-2500,Kisumu
101575,2025-09-15,Tecno Spark 20 Case,3,200,Nairobi
101576,2025-07-01,Screen Protector,5,2500,Eldoret
101577,2025-06-25,Power Bank,3,800,Nakuru
101578,2025-05-20,Samsung A35 Case,3,1200,Kisumu
101579,2025-10-14,Power Bank,3,1200,Mombasa
101580,2025-12-31,Infinix Hot 40 Case,3,500,Eldoret
101581,2025-12-17,Samsung A16 Case,5,1200,Mombasa
101582,2025-10-18,Redmi Note 14 Case,4,500,Kisumu
101583,2025-07-06,Redmi Note 14 Case,5,500,Nairobi
101584,2025-10-31,Power Bank,5,500,Eldoret
101585,2025-03-27,Earbuds,2,-200,Mombasa
101586,2025-12-22,Redmi Note 14 Case,3,300,Mombasa
101587,2025-12-21,Earbuds,3,1200,Nakuru
101588,2025-12-07,iPhone 13 Case,5,300,Nairobi
101589,2025-12-05,Screen Protector,1,800,Nairobi
101590,2025-03-02,Screen Protector,5,500,Nairobi
101591,2025-06-20,Power Bank,2,300,Kisumu
101592,,Samsung A35 Case,3,200,Kisumu
101593,2025-10-03,Screen Protector,3,500,Nairobi
101594,2025-04-20,Power Bank,2,800,Nakuru
101595,2025-07-16,Redmi Note 14 Case,3,-1200,Nairobi
101596,2025-02-20,Infinix Hot 40 Case,5,800,Kisumu
101597,2025-02-19,Tecno Spark 20 Case,4,2500,Eldoret
101598,2025-04-23,Screen Protector,2,800,Nairobi
101599,2025-06-15,Power Bank,1,2500,Kisumu
101600,2025-07-22,Power Bank,3,1200,Kisumu
101601,2025-06-04,infinix hot 40 case,2,500,Mombasa
101602,2025-10-04,Samsung A16 Case,4,1200,Kisumu
101603,2025-12-09,Tecno Spark 20 Case,1,500,Eldoret
101604,2025-12-11,Redmi Note 14 Case,1,2500,Nairobi
101605,2025-12-05,Redmi Note 14 Case,1,800,Nairobi
101606,2025-07-12,Redmi Note 14 Case,4,2500,Nairobi
101607,,Infinix Hot 40 Case,2,200,Nairobi
101608,2025-04-03,Earbuds,2,800,Kisumu
101609,2025-04-22,Charger,1,500,Mombasa
101610,2025-02-12,iPhone 13 Case,4,2500,Eldoret
101611,2025-01-20,Infinix Hot 40 Case,3,800,Nakuru
101612,2025-07-03,Infinix Hot 40 Case,2,2500,Nairobi
101613,2025-01-13,Earbuds,5,300,Kisumu
101614,2025-10-20,Tecno Spark 20 Case,1,2500,Nairobi
101615,2025-11-18,Tecno Spark 20 Case,4,2500,Eldoret
101616,2025-01-26,Samsung A16 Case,3,800,Nakuru
101617,2025-10-26,Tecno Spark 20 Case,4,1200,Kisumu
101618,2025-10-23,Screen Protector,2,2500,Mombasa
101619,2025-07-28,iPhone 13 Case,4,800,Kisumu
101620,2025-05-24,Infinix Hot 40 Case,3,1200,Nakuru
101621,2025-08-27,Screen Protector,3,1200,Kisumu
101622,2025-08-03,Power Bank,1,500,Nairobi
101623,2025-06-28,Infinix Hot 40 Case,4,1200,Kisumu
101624,2025-08-22,Tecno Spark 20 Case,1,200,Mombasa
101625,,Tecno Spark 20 Case,5,2500,Mombasa
101626,,Earbuds,4,1200,Kisumu
101627,2025-04-29,iPhone 13 Case,4,200,Mombasa
101628,,earbuds,2,2500,Mombasa
101629,2025-01-11,iPhone 13 Case,2,300,Eldoret
101630,2025-03-12,iPhone 13 Case,4,300,Mombasa
101631,2025-10-17,iphone 13 case,3,800,Kisumu
101632,2025-02-19,Samsung A35 Case,2,800,Mombasa
101633,2025-09-28,Samsung A35 Case,5,800,Kisumu
101634,2025-10-20,Samsung A16 Case,1,800,Mombasa
101635,2025-02-25,iPhone 13 Case,3,2500,Nakuru
101636,2025-07-11,Infinix Hot 40 Case,5,2500,Kisumu
101637,2025-02-25,Charger,4,300,Eldoret
101638,2025-02-08,tecno spark 20 case,4,200,Kisumu
101639,2025-05-05,Redmi Note 14 Case,5,800,Mombasa
101640,2025-04-11,Samsung A35 Case,2,2500,Eldoret
101641,2025-01-04,Earbuds,2,2500,Kisumu
101642,2025-12-10,Redmi Note 14 Case,two,500,Nairobi
101643,2025-10-29,iPhone 13 Case,5,2500,Mombasa
101644,2025-09-23,,3,800,Kisumu
101645,2025-04-22,Samsung A35 Case,4,2500,Nairobi
101646,2025-12-09,Power Bank,1,200,Nairobi
101647,,Screen Protector,2,200,Kisumu
101648,2025-04-16,Samsung A35 Case,5,300,Nairobi
101649,2025-09-22,Earbuds,5,200,Nairobi
101650,2025-06-25,iPhone 13 Case,2,500,Mombasa
101651,2025-04-16,Earbuds,5,200,Nairobi
101652,2025-02-01,Infinix Hot 40 Case,1,800,Nairobi
101653,2025-08-06,Samsung A35 Case,3,1200,Kisumu
101654,2025-03-23,Samsung A16 Case,5,200,Mombasa
101655,2025-11-28,Earbuds,4,2500,Kisumu
101656,2025-07-30,Samsung A16 Case,4,200,Kisumu
101657,2025-08-15,Power Bank,2,800,Kisumu
101658,2025-07-06,Samsung A16 Case,1,2500,Mombasa
101659,2025-12-31,Earbuds,1,200,Nakuru
101660,2025-08-17,,3,1200,Mombasa
101661,2025-07-07,Samsung A35 Case,2,2500,Nairobi
101662,2025-04-05,Samsung A16 Case,4,800,Eldoret
101663,2025-02-08,Redmi Note 14 Case,1,1200,Kisumu
101664,2025-06-09,Tecno Spark 20 Case,3,2500,Kisumu
101665,2025-07-10,iPhone 13 Case,4,1200,Eldoret
101666,2025-08-10,Power Bank,3,800,Nairobi
101667,2025-05-11,iPhone 13 Case,5,2500,Mombasa
101668,2025-08-14,Samsung A16 Case,5,2500,Kisumu
101669,2025-07-19,Power Bank,1,2500,Nairobi
101670,2025-07-25,Redmi Note 14 Case,3,300,Nakuru
101671,2025-09-13,iPhone 13 Case,3,800,Nairobi
101672,2025-06-26,Samsung A16 Case,two,1200,Kisumu
101673,2025-09-12,Screen Protector,5,2500,Nakuru
101674,2025-11-04,Redmi Note 14 Case,1,200,Eldoret
101675,2025-10-14,tecno spark 20 case,5,300,Kisumu
101676,2025-03-25,Earbuds,4,1200,Mombasa
101677,2025-02-14,Redmi Note 14 Case,2,300,Kisumu
101678,2025-10-03,Samsung A16 Case,4,1200,Eldoret
101679,2025-12-03,,4,200,Nairobi
101680,2025-09-30,Earbuds,2,300,Mombasa
101681,2025-08-07,Redmi Note 14 Case,5,2500,Nakuru
101682,2025-11-24,Samsung A16 Case,3,300,Eldoret
101683,2025-04-21,Power Bank,3,1200,Kisumu
101684,2025-08-17,Samsung A16 Case,1,800,Eldoret
101685,2025-07-08,Screen Protector,2,2500,Mombasa
101686,2025-07-29,Power Bank,1,2500,Mombasa
101687,2025-12-25,Charger,5,300,Nairobi
101688,2025-08-09,Infinix Hot 40 Case,2,1200,Nakuru
101689,2025-06-20,Tecno Spark 20 Case,5,2500,Mombasa
101690,2025-05-29,Charger,1,500,Nakuru
101691,2025-04-26,Earbuds,1,800,Kisumu
101692,2025-07-21,,4,1200,Nairobi
101693,2025-06-29,Redmi Note 14 Case,1,200,Nairobi
101694,2025-11-04,Samsung A35 Case,1,2500,Kisumu
101695,2025-01-01,Samsung A16 Case,4,500,Mombasa
101696,2025-11-27,Charger,2,-200,Mombasa
101697,2025-10-15,Infinix Hot 40 Case,4,200,Eldoret
101698,2025-08-25,Power Bank,1,200,Eldoret
101699,2025-03-13,Redmi Note 14 Case,3,2500,Mombasa
101700,2025-09-25,Samsung A16 Case,1,500,Nairobi
101701,2025-08-20,Samsung A35 Case,2,2500,Eldoret
101702,2025-05-19,Samsung A35 Case,3,200,Nakuru
101703,2025-08-09,Screen Protector,5,1200,Nakuru
101704,2025-02-25,Power Bank,2,2500,Kisumu
101705,2025-07-11,Redmi Note 14 Case,3,2500,Kisumu
101706,2025-07-19,Samsung A16 Case,1,200,Nakuru
101707,2025-08-15,Redmi Note 14 Case,3,500,Nakuru
101708,2025-12-10,Infinix Hot 40 Case,1,1200,Nakuru
101709,2025-04-25,Earbuds,2,500,Nairobi
101710,2025-12-25,Earbuds,4,500,Eldoret
101711,2025-09-30,Redmi Note 14 Case,3,2500,Nakuru
101712,2025-01-28,Samsung A35 Case,2,2500,Kisumu
101713,2025-04-29,Screen Protector,5,500,Mombasa
101714,2025-09-01,Redmi Note 14 Case,4,2500,Nairobi
101715,2025-08-06,Samsung A35 Case,two,500,Kisumu
101716,2025-06-13,Tecno Spark 20 Case,two,1200,Kisumu
101717,2025-11-04,Samsung A16 Case,2,200,Nakuru
101718,2025-04-15,Infinix Hot 40 Case,4,800,Nakuru
101719,2025-03-24,Samsung A35 Case,2,800,Nakuru
101720,2025-12-21,Power Bank,3,800,Mombasa
101721,2025-07-29,Infinix Hot 40 Case,1,800,Nakuru
101722,2025-07-27,Samsung A35 Case,2,800,Nairobi
101723,2025-05-17,Screen Protector,4,2500,Kisumu
101724,2025-08-25,Tecno Spark 20 Case,1,300,Kisumu
101725,2025-03-08,Redmi Note 14 Case,2,2500,Mombasa
101726,2025-04-28,Samsung A16 Case,2,200,Mombasa
101727,2025-10-09,Redmi Note 14 Case,4,300,Eldoret
101728,2025-07-30,Samsung A35 Case,two,1200,Kisumu
101729,2025-07-14,Tecno Spark 20 Case,2,500,Eldoret
101730,2025-04-23,iPhone 13 Case,3,800,Nairobi
101731,,iPhone 13 Case,5,-800,Mombasa
101732,2025-10-09,Screen Protector,2,300,Eldoret
101733,2025-12-06,Infinix Hot 40 Case,4,800,Nakuru
101734,2025-03-28,Power Bank,1,2500,Nairobi
101735,2025-03-30,Tecno Spark 20 Case,2,2500,Mombasa
101736,2025-05-29,iPhone 13 Case,1,800,Eldoret
101737,2025-04-26,Screen Protector,5,2500,Eldoret
101738,2025-10-21,Samsung A35 Case,5,300,Mombasa
101739,2025-09-07,tecno spark 20 case,4,2500,Nakuru
101740,2025-01-25,iPhone 13 Case,5,200,Nairobi
101741,2025-03-11,Redmi Note 14 Case,1,500,Eldoret
101742,2025-04-22,Charger,4,800,Nakuru
101743,2025-04-01,Infinix Hot 40 Case,2,1200,Nakuru
101744,2025-08-15,Redmi Note 14 Case,3,300,Nairobi
101745,2025-05-18,Power Bank,1,800,Nairobi
101746,2025-07-19,Earbuds,3,1200,Eldoret
101747,2025-07-11,Redmi Note 14 Case,5,300,Eldoret
101748,2025-08-25,Power Bank,5,1200,Nakuru
101749,2025-02-25,Samsung A35 Case,3,1200,Kisumu
101750,2025-12-24,Power Bank,5,1200,Eldoret
101751,2025-03-14,Samsung A16 Case,3,300,Kisumu
101752,2025-12-26,Infinix Hot 40 Case,4,500,Nairobi
101753,2025-01-30,iPhone 13 Case,3,800,Kisumu
101754,2025-04-18,Infinix Hot 40 Case,4,300,Kisumu
101755,2025-07-24,Infinix Hot 40 Case,3,1200,Nakuru
101756,2025-08-08,Earbuds,2,2500,Kisumu
101757,2025-04-13,iPhone 13 Case,2,1200,Eldoret
101758,2025-07-03,Tecno Spark 20 Case,2,800,Nakuru
101759,2025-12-11,Samsung A16 Case,4,200,Nakuru
101760,2025-10-05,Tecno Spark 20 Case,5,200,Kisumu
101761,2025-11-17,Tecno Spark 20 Case,1,300,Kisumu
101762,2025-07-01,Charger,2,1200,Nakuru
101763,2025-12-01,Samsung A16 Case,1,2500,Kisumu
101764,2025-06-15,Power Bank,two,1200,Nakuru
101765,2025-07-27,Samsung A35 Case,1,200,Kisumu
101766,2025-03-31,Redmi Note 14 Case,5,200,Kisumu
101767,2025-06-15,Samsung A35 Case,1,2500,Nakuru
101768,2025-09-19,Samsung A16 Case,3,2500,Nairobi
101769,2025-01-14,Power Bank,5,2500,Eldoret
101770,2025-10-10,earbuds,5,-200,Mombasa
101771,2025-09-02,iPhone 13 Case,3,800,Eldoret
101772,2025-01-06,Samsung A16 Case,5,2500,Kisumu
101773,2025-02-27,iPhone 13 Case,1,200,Nakuru
101774,2025-01-26,Power Bank,5,300,Nakuru
101775,2025-01-20,Power Bank,3,300,Mombasa
101776,2025-05-26,Samsung A16 Case,4,200,Mombasa
101777,2025-09-06,Power Bank,5,800,Eldoret
101778,2025-01-19,Samsung A16 Case,3,800,Nairobi
101779,2025-12-03,iPhone 13 Case,3,500,Eldoret
101780,2025-04-10,Charger,3,300,Nakuru
101781,2025-02-13,Redmi Note 14 Case,5,1200,Mombasa
101782,2025-05-25,Redmi Note 14 Case,3,300,Eldoret
101783,2025-03-06,Infinix Hot 40 Case,3,800,Nakuru
101784,2025-05-21,Screen Protector,2,2500,Nakuru
101785,2025-08-27,Samsung A35 Case,4,500,Eldoret
101786,2025-07-27,iPhone 13 Case,4,2500,Eldoret
101787,2025-12-12,Screen Protector,4,1200,Eldoret
101788,2025-07-13,Tecno Spark 20 Case,3,2500,Nakuru
101789,2025-05-16,Samsung A35 Case,3,200,Nakuru
101790,2025-02-14,Samsung A35 Case,2,800,Mombasa
101791,2025-04-13,Samsung A16 Case,2,1200,Nakuru
101792,2025-11-09,Tecno Spark 20 Case,two,2500,Eldoret
101793,2025-08-18,iPhone 13 Case,2,300,Nakuru
101794,2025-07-16,Charger,5,1200,Nairobi
101795,2025-03-01,Tecno Spark 20 Case,2,500,Nairobi
101796,2025-06-22,Earbuds,5,2500,Kisumu
101797,2025-05-02,Infinix Hot 40 Case,5,2500,Nakuru
101798,2025-04-18,iPhone 13 Case,4,1200,Nakuru
101799,2025-01-06,iPhone 13 Case,2,300,Nakuru
101800,2025-09-28,Samsung A16 Case,2,200,Nairobi
101801,2025-08-17,samsung a16 case,2,800,Nakuru
101802,2025-01-06,Charger,3,500,Mombasa
101803,2025-04-16,Power Bank,3,500,Nakuru
101804,2025-04-06,Infinix Hot 40 Case,4,800,Eldoret
101805,2025-12-03,Infinix Hot 40 Case,1,500,Eldoret
101806,2025-08-02,Samsung A16 Case,3,2500,Eldoret
101807,2025-07-12,Earbuds,4,2500,Nakuru
101808,2025-09-04,Power Bank,3,1200,Nakuru
101809,2025-09-08,Infinix Hot 40 Case,2,500,Nairobi
101810,2025-11-12,Power Bank,4,2500,Eldoret
101811,2025-08-13,iphone 13 case,2,200,Kisumu
101812,2025-09-08,Tecno Spark 20 Case,1,200,Nairobi
101813,2025-10-06,Redmi Note 14 Case,2,500,Nairobi
101814,2025-05-05,iPhone 13 Case,two,800,Nakuru
101815,2025-09-13,Screen Protector,1,800,Nairobi
101816,2025-08-25,Tecno Spark 20 Case,1,300,Mombasa
101817,2025-07-25,Samsung A35 Case,2,200,Nairobi
101818,2025-11-10,Screen Protector,1,200,Kisumu
101819,2025-11-30,Redmi Note 14 Case,3,800,Kisumu
101820,2025-02-17,Power Bank,2,300,Kisumu
101821,2025-04-09,Screen Protector,3,500,Nakuru
101822,2025-03-26,Infinix Hot 40 Case,5,2500,Nakuru
101823,2025-06-22,Power Bank,1,2500,Nairobi
101824,2025-03-05,Redmi Note 14 Case,2,800,Nairobi
101825,2025-05-01,Samsung A16 Case,2,300,Nakuru
101826,2025-02-23,Redmi Note 14 Case,3,500,Eldoret
101827,2025-09-29,Charger,1,500,Nairobi
101828,2025-01-18,Charger,3,1200,Kisumu
101829,,Screen Protector,2,2500,Nakuru
101830,2025-12-30,Redmi Note 14 Case,3,300,Kisumu
101831,2025-03-17,Samsung A35 Case,4,1200,Eldoret
101832,2025-09-03,Tecno Spark 20 Case,2,300,Nairobi
101833,2025-11-11,Infinix Hot 40 Case,3,500,Nairobi
101834,2025-03-20,Charger,4,800,Kisumu
101835,2025-05-21,Charger,3,200,Eldoret
101836,2025-03-04,Infinix Hot 40 Case,5,200,Mombasa
101837,2025-10-19,Earbuds,5,1200,Kisumu
101838,2025-03-31,Samsung A35 Case,4,800,Mombasa
101839,2025-04-28,Redmi Note 14 Case,5,800,Kisumu
101840,2025-04-11,Redmi Note 14 Case,2,1200,Kisumu
101841,2025-06-29,Samsung A16 Case,4,1200,Kisumu
101842,2025-10-20,,5,500,Eldoret
101843,2025-08-16,Tecno Spark 20 Case,4,500,Mombasa
101844,2025-04-16,iPhone 13 Case,5,1200,Nakuru
101845,2025-01-27,Power Bank,4,1200,Nakuru
101846,2025-05-28,Charger,1,2500,Kisumu
101847,2025-11-15,Tecno Spark 20 Case,4,300,Nakuru
101848,2025-08-12,redmi note 14 case,2,1200,Mombasa
101849,2025-12-22,Tecno Spark 20 Case,5,500,Kisumu
101850,2025-02-03,Infinix Hot 40 Case,5,500,Nairobi
101851,2025-11-14,Power Bank,5,800,Nairobi
101852,2025-01-22,Earbuds,4,800,Nairobi
101853,2025-11-25,Infinix Hot 40 Case,3,500,Eldoret
101854,2025-02-07,iPhone 13 Case,4,200,Mombasa
101855,2025-05-28,Tecno Spark 20 Case,1,800,Kisumu
101856,2025-02-19,Tecno Spark 20 Case,2,1200,Eldoret
101857,2025-12-09,Earbuds,3,1200,Mombasa
101858,2025-10-05,Screen Protector,2,800,Kisumu
101859,2025-10-27,Infinix Hot 40 Case,2,1200,Mombasa
101860,2025-10-25,Tecno Spark 20 Case,1,300,Nairobi
101861,2025-04-05,Charger,4,500,Eldoret
101862,2025-06-08,Samsung A16 Case,3,200,Eldoret
101863,2025-12-07,Tecno Spark 20 Case,5,500,Eldoret
101864,2025-04-05,Samsung A35 Case,5,300,Nairobi
101865,2025-07-06,Charger,4,300,Kisumu
101866,2025-05-10,Charger,2,800,Mombasa
101867,2025-09-30,Tecno Spark 20 Case,5,500,Mombasa
101868,2025-03-29,Samsung A35 Case,1,500,Mombasa
101869,2025-12-07,Power Bank,4,300,Kisumu
101870,2025-11-02,Charger,4,200,Eldoret
101871,2025-08-13,Samsung A35 Case,3,800,Mombasa
101872,2025-11-17,Power Bank,4,1200,Kisumu
101873,2025-04-16,Samsung A16 Case,2,300,Nairobi
101874,2025-10-07,iPhone 13 Case,4,800,Kisumu
101875,2025-01-19,Power Bank,2,500,Mombasa
101876,2025-10-23,Redmi Note 14 Case,2,500,Nairobi
101877,2025-11-27,Redmi Note 14 Case,5,500,Mombasa
101878,2025-01-12,samsung a35 case,3,300,Mombasa
101879,2025-10-10,Earbuds,1,2500,Eldoret
101880,2025-11-01,iPhone 13 Case,2,-800,Nakuru
101881,2025-07-01,Samsung A35 Case,4,2500,Kisumu
101882,2025-10-11,Charger,1,1200,Kisumu
101883,2025-09-23,Power Bank,4,300,Kisumu
101884,2025-10-23,Infinix Hot 40 Case,1,1200,Mombasa
101885,2025-12-27,Tecno Spark 20 Case,2,1200,Mombasa
101886,2025-09-03,Infinix Hot 40 Case,5,2500,Nairobi
101887,2025-07-04,Redmi Note 14 Case,4,300,Eldoret
101888,2025-12-29,Earbuds,3,200,Kisumu
101889,2025-12-02,Screen Protector,2,300,Eldoret
101890,2025-03-30,Screen Protector,2,800,Kisumu
101891,2025-03-14,Tecno Spark 20 Case,4,300,Nakuru
101892,2025-07-20,Infinix Hot 40 Case,2,200,Kisumu
101893,2025-08-14,,4,800,Nakuru
101894,2025-03-07,Earbuds,1,500,Eldoret
101895,,Tecno Spark 20 Case,4,2500,Nakuru
101896,2025-06-08,Infinix Hot 40 Case,1,2500,Kisumu
101897,2025-07-13,Tecno Spark 20 Case,5,800,Nakuru
101898,2025-04-11,Samsung A16 Case,4,800,Mombasa
101899,2025-05-05,,5,300,Eldoret
101900,,,5,300,Nakuru
101901,2025-08-04,Power Bank,2,300,Nairobi
101902,2025-11-28,Screen Protector,4,1200,Nairobi
101903,2025-01-22,Charger,5,800,Eldoret
101904,2025-08-05,Infinix Hot 40 Case,1,-1200,Kisumu
101905,2025-06-13,Screen Protector,4,300,Nakuru
101906,2025-10-21,Redmi Note 14 Case,3,1200,Eldoret
101907,2025-05-03,Infinix Hot 40 Case,3,1200,Nakuru
101908,,Charger,3,2500,Eldoret
101909,2025-08-19,iPhone 13 Case,4,200,Mombasa
101910,2025-03-28,Power Bank,5,2500,Kisumu
101911,2025-10-15,Samsung A35 Case,4,200,Nairobi
101912,2025-06-18,Infinix Hot 40 Case,4,300,Mombasa
101913,2025-09-18,Screen Protector,5,500,Mombasa
101914,2025-12-09,Samsung A16 Case,3,2500,Nakuru
101915,2025-12-01,Infinix Hot 40 Case,3,200,Eldoret
101916,2025-09-02,Samsung A16 Case,3,200,Nakuru
101917,2025-03-24,Infinix Hot 40 Case,5,500,Nakuru
101918,2025-07-31,Infinix Hot 40 Case,3,1200,Nakuru
101919,2025-07-20,Samsung A35 Case,5,2500,Kisumu
101920,2025-04-05,Charger,2,1200,Kisumu
101921,2025-11-21,Samsung A35 Case,4,500,Eldoret
101922,2025-03-30,screen protector,1,800,Eldoret
101923,2025-12-09,Tecno Spark 20 Case,3,2500,Eldoret
101924,2025-12-10,Power Bank,3,1200,Nakuru
101925,2025-02-23,iPhone 13 Case,2,500,Mombasa
101926,2025-01-20,Samsung A16 Case,3,200,Kisumu
101927,2025-02-27,iPhone 13 Case,5,200,Nakuru
101928,2025-12-03,Redmi Note 14 Case,2,1200,Mombasa
101929,2025-12-06,Power Bank,5,500,Kisumu
101930,2025-06-10,Samsung A16 Case,3,800,Nakuru
101931,2025-06-12,Earbuds,5,500,Kisumu
101932,2025-12-30,Charger,4,800,Mombasa
101933,2025-04-19,Redmi Note 14 Case,4,200,Nakuru
101934,2025-06-16,Tecno Spark 20 Case,4,500,Eldoret
101935,2025-10-02,Samsung A35 Case,3,-1200,Mombasa
101936,2025-06-20,Earbuds,5,1200,Kisumu
101937,2025-07-07,iPhone 13 Case,1,2500,Nairobi
101938,2025-02-21,,5,1200,Nakuru
101939,2025-12-08,Tecno Spark 20 Case,3,500,Kisumu
101940,,Infinix Hot 40 Case,2,300,Nakuru
101941,2025-08-28,Redmi Note 14 Case,3,300,Nakuru
101942,2025-10-26,Earbuds,5,800,Kisumu
101943,2025-05-17,Infinix Hot 40 Case,4,500,Eldoret
101944,2025-08-28,iPhone 13 Case,3,800,Nakuru
101945,2025-07-26,iPhone 13 Case,3,300,Kisumu
101946,2025-02-11,Redmi Note 14 Case,3,500,Mombasa
101947,2025-10-21,Samsung A16 Case,2,500,Nakuru
101948,2025-10-02,Samsung A16 Case,4,2500,Nakuru
101949,2025-08-08,Tecno Spark 20 Case,1,500,Eldoret
101950,2025-08-20,Samsung A35 Case,3,800,Eldoret
101951,2025-09-20,Infinix Hot 40 Case,3,1200,Kisumu
101952,2025-11-20,Samsung A16 Case,1,800,Eldoret
101953,2025-06-03,Power Bank,4,500,Mombasa
101954,2025-02-20,Infinix Hot 40 Case,5,1200,Nairobi
101955,2025-02-15,Screen Protector,5,200,Kisumu
101956,2025-09-26,Power Bank,1,1200,Eldoret
101957,2025-04-28,Samsung A35 Case,1,800,Eldoret
101958,2025-04-28,Redmi Note 14 Case,4,-500,Kisumu
101959,2025-11-01,Earbuds,2,500,Eldoret
101960,2025-12-14,iPhone 13 Case,1,1200,Mombasa
101961,2025-10-06,Samsung A35 Case,2,800,Nakuru
101962,2025-08-23,Earbuds,1,300,Nakuru
101963,2025-02-23,Redmi Note 14 Case,5,500,Eldoret
101964,2025-12-19,Earbuds,4,2500,Mombasa
101965,,Earbuds,3,2500,Kisumu
101966,2025-12-14,Samsung A35 Case,1,500,Mombasa
101967,2025-07-27,Power Bank,4,1200,Nairobi
101968,2025-06-22,Samsung A16 Case,1,500,Mombasa
101969,2025-12-24,,2,500,Mombasa
101970,2025-02-16,Infinix Hot 40 Case,5,2500,Mombasa
101971,2025-09-01,Tecno Spark 20 Case,2,2500,Nairobi
101972,2025-11-16,Earbuds,1,300,Mombasa
101973,2025-01-07,Samsung A35 Case,1,300,Eldoret
101974,2025-06-18,Tecno Spark 20 Case,2,300,Eldoret
101975,2025-11-02,Redmi Note 14 Case,3,800,Kisumu
101976,2025-06-10,Tecno Spark 20 Case,1,800,Nakuru
101977,2025-07-07,Redmi Note 14 Case,2,800,Mombasa
101978,2025-05-12,Tecno Spark 20 Case,3,-2500,Nairobi
101979,2025-08-06,Power Bank,4,200,Mombasa
101980,2025-03-12,Tecno Spark 20 Case,2,200,Nairobi
101981,2025-07-08,Screen Protector,3,1200,Eldoret
101982,2025-10-19,Infinix Hot 40 Case,two,800,Eldoret
101983,2025-05-03,charger,3,500,Eldoret
101984,2025-02-01,Charger,1,300,Kisumu
101985,2025-06-05,Redmi Note 14 Case,4,1200,Nairobi
101986,2025-01-16,iPhone 13 Case,3,500,Kisumu
101987,2025-07-06,Samsung A16 Case,4,1200,Nairobi
101988,2025-01-17,iPhone 13 Case,2,200,Nairobi
101989,2025-05-12,Earbuds,3,300,Eldoret
101990,2025-04-18,Tecno Spark 20 Case,4,2500,Nakuru
101991,2025-10-19,Tecno Spark 20 Case,2,300,Kisumu
101992,2025-06-30,Screen Protector,5,200,Nakuru
101993,2025-12-12,Charger,2,1200,Kisumu
101994,2025-03-11,Samsung A16 Case,4,2500,Nakuru
101995,2025-01-19,Redmi Note 14 Case,5,300,Kisumu
101996,2025-04-05,Tecno Spark 20 Case,5,2500,Nakuru
101997,2025-09-06,Samsung A35 Case,2,200,Kisumu
101998,2025-08-17,Infinix Hot 40 Case,4,2500,Nairobi
101999,2025-12-16,Samsung A16 Case,3,200,Mombasa
102000,2025-09-03,Redmi Note 14 Case,5,800,Eldoret
102001,2025-09-04,Samsung A35 Case,5,200,Mombasa
102002,2025-08-23,Tecno Spark 20 Case,5,300,Nakuru
102003,2025-06-29,Samsung A16 Case,5,800,Nairobi
102004,2025-10-01,Power Bank,3,500,Eldoret
102005,2025-07-29,Samsung A35 Case,4,2500,Nairobi
102006,2025-07-05,Screen Protector,1,800,Kisumu
102007,2025-04-05,Charger,2,500,Nakuru
102008,2025-03-09,Screen Protector,3,300,Mombasa
102009,2025-07-15,Infinix Hot 40 Case,1,300,Kisumu
102010,2025-04-03,Samsung A35 Case,2,800,Kisumu
102011,,Tecno Spark 20 Case,2,200,Nairobi
102012,2025-07-04,Redmi Note 14 Case,5,500,Eldoret
102013,2025-05-24,Redmi Note 14 Case,4,800,Mombasa
102014,2025-06-28,Samsung A16 Case,1,200,Nairobi
102015,2025-05-30,Power Bank,5,1200,Mombasa
102016,2025-02-11,Earbuds,5,500,Nairobi
102017,2025-11-26,Redmi Note 14 Case,3,300,Nairobi
102018,2025-09-28,Earbuds,5,500,Kisumu
102019,2025-12-05,Samsung A16 Case,2,800,Mombasa
102020,2025-01-29,Tecno Spark 20 Case,3,2500,Kisumu
102021,2025-04-21,Samsung A35 Case,5,1200,Nakuru
102022,2025-05-27,Tecno Spark 20 Case,3,300,Nairobi
102023,2025-12-06,Infinix Hot 40 Case,4,500,Kisumu
102024,2025-03-26,Charger,3,1200,Kisumu
102025,2025-05-16,Redmi Note 14 Case,5,500,Nairobi
102026,2025-01-09,Charger,4,2500,Mombasa
102027,2025-11-29,Samsung A35 Case,5,200,Nairobi
102028,2025-11-23,Tecno Spark 20 Case,2,200,Nairobi
102029,2025-10-05,Earbuds,1,1200,Mombasa
102030,2025-01-01,Power Bank,2,500,Kisumu
102031,,Charger,1,200,Kisumu
102032,2025-11-02,Samsung A16 Case,4,200,Eldoret
102033,2025-07-07,samsung a35 case,2,2500,Eldoret
102034,2025-11-30,samsung a16 case,1,800,Eldoret
102035,2025-10-06,Tecno Spark 20 Case,3,2500,Kisumu
102036,2025-01-25,Redmi Note 14 Case,2,2500,Nakuru
102037,2025-05-21,iPhone 13 Case,3,2500,Nairobi
102038,2025-10-11,Samsung A16 Case,2,500,Nairobi
102039,2025-11-15,Redmi Note 14 Case,1,800,Nakuru
102040,2025-06-28,Samsung A35 Case,3,-200,Nairobi
102041,2025-08-20,Screen Protector,4,800,Eldoret
102042,2025-03-09,Power Bank,1,300,Nakuru
102043,2025-11-19,iPhone 13 Case,2,2500,Nakuru
102044,2025-10-07,Tecno Spark 20 Case,5,1200,Nairobi
102045,2025-07-16,Power Bank,1,-800,Mombasa
102046,2025-04-28,Tecno Spark 20 Case,2,300,Eldoret
102047,2025-03-07,Power Bank,2,1200,Mombasa
102048,2025-06-24,Infinix Hot 40 Case,4,1200,Mombasa
102049,2025-04-24,Tecno Spark 20 Case,1,500,Kisumu
102050,2025-05-27,Samsung A35 Case,3,1200,Nakuru
102051,2025-01-26,Infinix Hot 40 Case,5,800,Eldoret
102052,2025-08-04,Samsung A35 Case,1,200,Eldoret
102053,2025-02-20,Infinix Hot 40 Case,3,-2500,Kisumu
102054,2025-05-31,Screen Protector,3,300,Mombasa
102055,2025-03-17,redmi note 14 case,4,800,Nairobi
102056,2025-07-06,iPhone 13 Case,1,500,Kisumu
102057,2025-01-28,Earbuds,3,800,Nairobi
102058,2025-09-10,Redmi Note 14 Case,1,1200,Eldoret
102059,2025-04-09,Samsung A35 Case,2,500,Mombasa
102060,2025-06-17,Screen Protector,5,2500,Nairobi
102061,2025-12-09,Tecno Spark 20 Case,4,2500,Kisumu
102062,2025-05-30,Screen Protector,4,500,Eldoret
102063,2025-06-22,Infinix Hot 40 Case,4,2500,Kisumu
102064,2025-03-26,Samsung A35 Case,2,1200,Mombasa
102065,2025-03-06,Samsung A35 Case,3,500,Nairobi
102066,2025-12-29,Earbuds,5,500,Nakuru
102067,2025-05-26,iPhone 13 Case,1,1200,Nakuru
102068,2025-11-09,Screen Protector,3,1200,Eldoret
102069,2025-03-29,Redmi Note 14 Case,3,500,Nakuru
102070,2025-06-19,Samsung A16 Case,2,800,Mombasa
102071,2025-12-13,Earbuds,3,200,Mombasa
102072,2025-09-02,Charger,5,200,Nakuru
102073,2025-10-14,Samsung A16 Case,5,300,Mombasa
102074,2025-10-23,Redmi Note 14 Case,5,1200,Nairobi
102075,2025-06-26,Screen Protector,4,1200,Nakuru
102076,2025-09-03,Power Bank,5,800,Eldoret
102077,2025-01-28,Samsung A35 Case,1,300,Nakuru
102078,2025-01-25,Samsung A16 Case,2,300,Kisumu
102079,2025-10-24,Power Bank,3,200,Nakuru
102080,2025-02-07,Charger,5,500,Mombasa
102081,2025-05-22,Power Bank,2,500,Nakuru
102082,2025-12-21,Redmi Note 14 Case,1,500,Nakuru
102083,2025-05-26,Earbuds,1,800,Nairobi
102084,2025-12-10,Power Bank,5,500,Kisumu
102085,2025-07-09,Infinix Hot 40 Case,1,800,Nakuru
102086,2025-06-02,Charger,5,200,Kisumu
102087,2025-05-06,Tecno Spark 20 Case,3,300,Mombasa
102088,,Infinix Hot 40 Case,2,1200,Nairobi
102089,2025-07-30,Tecno Spark 20 Case,1,2500,Nakuru
102090,2025-11-25,Redmi Note 14 Case,1,300,Nakuru
102091,2025-12-02,Tecno Spark 20 Case,4,300,Kisumu
102092,2025-02-03,Earbuds,1,1200,Eldoret
102093,2025-02-14,,5,300,Mombasa
102094,2025-03-11,Earbuds,1,500,Kisumu
102095,2025-02-08,Infinix Hot 40 Case,2,300,Nairobi
102096,2025-01-30,Tecno Spark 20 Case,1,800,Nairobi
102097,2025-10-01,Charger,4,800,Kisumu
102098,2025-11-25,Samsung A16 Case,4,200,Eldoret
102099,2025-04-19,Charger,1,300,Nairobi
102100,2025-07-28,Screen Protector,3,200,Eldoret
102101,2025-11-04,Samsung A16 Case,5,1200,Kisumu
102102,2025-10-03,Samsung A16 Case,2,300,Nairobi
102103,2025-04-03,Earbuds,5,800,Nairobi
102104,2025-04-19,Power Bank,2,1200,Nairobi
102105,,Tecno Spark 20 Case,1,500,Nairobi
102106,2025-07-10,Infinix Hot 40 Case,1,2500,Mombasa
102107,2025-04-27,Samsung A16 Case,3,-500,Nairobi
102108,2025-10-25,Earbuds,5,800,Eldoret
102109,2025-05-21,Samsung A16 Case,4,1200,Nairobi
102110,2025-03-15,iPhone 13 Case,4,200,Nairobi
102111,2025-11-04,Screen Protector,2,2500,Kisumu
102112,2025-11-08,Earbuds,4,1200,Kisumu
102113,2025-05-31,Infinix Hot 40 Case,5,2500,Nairobi
102114,2025-06-28,iPhone 13 Case,5,200,Nairobi
102115,2025-10-14,Screen Protector,2,800,Nakuru
102116,2025-08-24,Power Bank,1,1200,Eldoret
102117,2025-05-10,Samsung A16 Case,1,1200,Kisumu
102118,2025-05-02,Redmi Note 14 Case,4,300,Eldoret
102119,2025-03-11,iPhone 13 Case,3,300,Nakuru
102120,2025-04-09,Earbuds,2,500,Nairobi
102121,2025-12-06,Power Bank,5,500,Nairobi
102122,2025-08-02,Infinix Hot 40 Case,3,800,Kisumu
102123,2025-11-14,Tecno Spark 20 Case,1,800,Nakuru
102124,2025-01-15,Samsung A35 Case,1,800,Eldoret
102125,2025-02-04,Earbuds,1,500,Nakuru
102126,2025-12-24,Screen Protector,4,2500,Kisumu
102127,2025-11-01,Samsung A16 Case,1,2500,Nakuru
102128,2025-08-20,Samsung A35 Case,3,300,Mombasa
102129,2025-08-08,Samsung A35 Case,4,500,Eldoret
102130,2025-02-11,Redmi Note 14 Case,1,1200,Eldoret
102131,2025-01-07,Screen Protector,3,300,Nairobi
102132,2025-02-03,Infinix Hot 40 Case,4,200,Eldoret
102133,2025-01-06,Infinix Hot 40 Case,2,2500,Nairobi
102134,2025-10-12,Charger,1,200,Kisumu
102135,2025-06-23,samsung a35 case,3,300,Kisumu
102136,2025-04-25,Earbuds,2,800,Nairobi
102137,2025-03-16,Tecno Spark 20 Case,5,2500,Mombasa
102138,2025-03-31,,5,2500,Nairobi
102139,2025-07-03,Redmi Note 14 Case,3,500,Nairobi
102140,2025-10-03,Redmi Note 14 Case,3,200,Kisumu
102141,2025-04-19,Samsung A16 Case,1,1200,Nakuru
102142,2025-07-10,Redmi Note 14 Case,4,500,Nakuru
102143,2025-09-03,samsung a16 case,5,500,Kisumu
102144,2025-01-01,,3,2500,Nakuru
102145,2025-06-21,Samsung A16 Case,1,500,Kisumu
102146,2025-11-27,iPhone 13 Case,2,1200,Eldoret
102147,2025-06-27,Tecno Spark 20 Case,4,1200,Kisumu
102148,2025-07-06,Infinix Hot 40 Case,1,-500,Eldoret
102149,2025-02-17,Charger,3,800,Nakuru
102150,2025-06-24,Infinix Hot 40 Case,3,800,Nairobi
102151,2025-09-27,Redmi Note 14 Case,5,1200,Eldoret
102152,2025-04-05,Charger,1,800,Nakuru
102153,2025-01-24,Earbuds,4,300,Mombasa
102154,2025-02-19,iPhone 13 Case,2,2500,Nakuru
102155,2025-01-27,Redmi Note 14 Case,2,800,Nakuru
102156,2025-09-04,Infinix Hot 40 Case,3,2500,Nakuru
102157,2025-02-16,Tecno Spark 20 Case,5,200,Eldoret
102158,2025-12-20,Samsung A16 Case,5,2500,Nairobi
102159,2025-08-29,Charger,5,200,Eldoret
102160,2025-02-03,Samsung A35 Case,4,2500,Nairobi
102161,2025-12-15,Power Bank,2,300,Eldoret
102162,2025-07-11,Earbuds,5,200,Nakuru
102163,2025-02-07,Screen Protector,3,2500,Kisumu
102164,,Redmi Note 14 Case,5,2500,Nakuru
102165,2025-03-30,Infinix Hot 40 Case,5,800,Nakuru
102166,2025-03-26,infinix hot 40 case,5,1200,Kisumu
102167,2025-01-22,Redmi Note 14 Case,3,1200,Nakuru
102168,2025-09-29,Power Bank,2,300,Kisumu
102169,2025-05-08,Infinix Hot 40 Case,1,500,Nakuru
102170,2025-09-30,Charger,2,300,Nakuru
102171,2025-05-12,Power Bank,5,300,Nakuru
102172,2025-12-16,Screen Protector,1,200,Nairobi
102173,2025-11-21,Power Bank,5,800,Kisumu
102174,2025-01-16,Power Bank,3,200,Mombasa
102175,2025-06-14,Charger,1,-1200,Kisumu
102176,2025-07-04,Power Bank,2,200,Kisumu
102177,2025-12-29,Power Bank,4,2500,Mombasa
102178,2025-11-16,iPhone 13 Case,2,1200,Nakuru
102179,2025-09-08,Earbuds,1,300,Nairobi
102180,2025-11-23,Redmi Note 14 Case,1,200,Eldoret
102181,,Charger,4,800,Mombasa
102182,2025-05-05,Redmi Note 14 Case,2,500,Nairobi
102183,2025-06-20,iPhone 13 Case,3,200,Nairobi
102184,2025-10-11,Samsung A35 Case,2,200,Mombasa
102185,2025-08-16,Infinix Hot 40 Case,4,2500,Nakuru
102186,2025-11-14,Screen Protector,2,300,Eldoret
102187,2025-12-28,Samsung A16 Case,1,1200,Mombasa
102188,2025-01-18,Screen Protector,5,200,Kisumu
102189,2025-08-17,Redmi Note 14 Case,3,1200,Mombasa
102190,2025-03-20,Redmi Note 14 Case,2,2500,Nairobi
102191,2025-10-13,Samsung A16 Case,2,300,Kisumu
102192,2025-11-10,Samsung A16 Case,4,500,Nairobi
102193,2025-03-12,Tecno Spark 20 Case,2,300,Nakuru
102194,2025-09-20,Charger,2,200,Nairobi
102195,2025-03-09,iPhone 13 Case,1,800,Mombasa
102196,2025-12-29,Charger,5,1200,Nakuru
102197,2025-11-30,Earbuds,1,-500,Mombasa
102198,2025-11-28,Samsung A16 Case,2,500,Nakuru
102199,,Screen Protector,3,2500,Nakuru
102200,2025-05-08,Power Bank,4,500,Nairobi
102201,2025-11-24,iPhone 13 Case,1,2500,Mombasa
102202,2025-08-29,Power Bank,1,500,Nakuru
102203,2025-11-15,Redmi Note 14 Case,1,800,Eldoret
102204,2025-04-09,Tecno Spark 20 Case,5,2500,Mombasa
102205,2025-07-31,Power Bank,5,500,Nairobi
102206,2025-02-11,Tecno Spark 20 Case,2,200,Mombasa
102207,2025-01-31,Earbuds,2,300,Mombasa
102208,2025-09-30,,1,2500,Mombasa
102209,,Infinix Hot 40 Case,3,500,Eldoret
102210,2025-02-26,Tecno Spark 20 Case,4,300,Nairobi
102211,2025-10-18,Power Bank,2,1200,Nairobi
102212,2025-11-04,Screen Protector,5,1200,Mombasa
102213,2025-07-17,Infinix Hot 40 Case,5,-200,Eldoret
102214,,Earbuds,1,500,Kisumu
102215,2025-10-04,Samsung A16 Case,5,800,Nakuru
102216,,Infinix Hot 40 Case,2,800,Mombasa
102217,2025-03-06,Redmi Note 14 Case,4,300,Eldoret
102218,2025-07-11,Screen Protector,3,200,Mombasa
102219,2025-07-06,Charger,4,1200,Nairobi
102220,2025-11-23,Samsung A16 Case,4,300,Nakuru
102221,2025-10-29,Tecno Spark 20 Case,5,800,Kisumu
102222,2025-07-25,Samsung A16 Case,3,300,Kisumu
102223,,Tecno Spark 20 Case,2,1200,Eldoret
102224,2025-03-22,Samsung A16 Case,5,800,Nakuru
102225,2025-11-22,iPhone 13 Case,1,800,Kisumu
102226,2025-05-09,Tecno Spark 20 Case,5,300,Mombasa
102227,2025-07-17,Power Bank,3,300,Nairobi
102228,2025-02-14,Redmi Note 14 Case,1,300,Kisumu
102229,2025-12-01,Charger,4,500,Eldoret
102230,2025-10-09,Screen Protector,1,800,Eldoret
102231,,Power Bank,3,200,Nairobi
102232,2025-03-10,iPhone 13 Case,5,300,Nakuru
102233,2025-02-24,Samsung A35 Case,2,200,Nakuru
102234,2025-12-02,iPhone 13 Case,5,300,Nakuru
102235,2025-02-04,Screen Protector,3,1200,Nairobi
102236,2025-02-03,Samsung A16 Case,1,200,Mombasa
102237,2025-06-18,Charger,3,300,Kisumu
102238,2025-02-01,iPhone 13 Case,2,500,Nairobi
102239,2025-04-15,Earbuds,1,1200,Kisumu
102240,2025-09-27,iPhone 13 Case,4,2500,Nairobi
102241,,Screen Protector,2,300,Mombasa
102242,2025-08-14,Charger,4,1200,Kisumu
102243,2025-05-06,redmi note 14 case,4,200,Nakuru
102244,2025-04-07,Samsung A16 Case,2,500,Nakuru
102245,2025-07-10,Screen Protector,2,500,Mombasa
102246,2025-07-23,Screen Protector,1,2500,Nairobi
102247,2025-06-04,iPhone 13 Case,4,200,Nakuru
102248,2025-11-16,Samsung A16 Case,3,300,Eldoret
102249,2025-05-10,Screen Protector,4,300,Eldoret
102250,2025-07-18,Infinix Hot 40 Case,5,200,Nairobi
102251,2025-08-03,Tecno Spark 20 Case,4,2500,Eldoret
102252,2025-07-22,Samsung A16 Case,2,200,Nairobi
102253,2025-04-11,Samsung A35 Case,3,1200,Kisumu
102254,2025-06-15,Charger,1,1200,Mombasa
102255,2025-12-10,Charger,1,200,Nakuru
102256,2025-08-04,power bank,5,200,Nakuru
102257,2025-05-10,Redmi Note 14 Case,1,800,Mombasa
102258,2025-11-14,Power Bank,1,800,Nakuru
102259,2025-12-03,Earbuds,1,1200,Nakuru
102260,2025-11-02,Tecno Spark 20 Case,2,500,Kisumu
102261,2025-12-07,Charger,5,300,Eldoret
102262,2025-07-02,Tecno Spark 20 Case,5,300,Mombasa
102263,2025-12-31,Samsung A16 Case,1,300,Nakuru
102264,2025-02-11,Samsung A35 Case,4,1200,Mombasa
102265,2025-02-14,Tecno Spark 20 Case,2,200,Mombasa
102266,2025-03-14,Charger,1,1200,Mombasa
102267,2025-08-11,iPhone 13 Case,two,300,Nairobi
102268,2025-02-16,Infinix Hot 40 Case,3,800,Kisumu
102269,2025-09-22,Samsung A16 Case,5,500,Nakuru
102270,2025-09-28,Redmi Note 14 Case,4,1200,Mombasa
102271,2025-09-04,,3,300,Mombasa
102272,2025-01-26,Redmi Note 14 Case,1,300,Nakuru
102273,2025-06-03,Earbuds,4,200,Kisumu
102274,2025-12-04,Samsung A16 Case,5,500,Mombasa
102275,2025-10-25,Screen Protector,3,200,Eldoret
102276,,iPhone 13 Case,1,500,Nairobi
102277,2025-12-29,Charger,1,300,Kisumu
102278,2025-12-21,Infinix Hot 40 Case,4,800,Nairobi
102279,2025-04-28,Earbuds,4,1200,Kisumu
102280,2025-11-06,Redmi Note 14 Case,1,200,Kisumu
102281,2025-01-25,Infinix Hot 40 Case,2,2500,Mombasa
102282,2025-05-24,Power Bank,2,1200,Nairobi
102283,2025-12-14,Tecno Spark 20 Case,4,200,Mombasa
102284,2025-11-30,iPhone 13 Case,3,300,Kisumu
102285,2025-03-31,Tecno Spark 20 Case,1,300,Eldoret
102286,2025-05-01,Power Bank,5,800,Nakuru
102287,2025-03-04,Power Bank,3,800,Eldoret
102288,2025-03-09,Samsung A35 Case,5,300,Kisumu
102289,2025-01-02,Power Bank,4,2500,Nairobi
102290,,samsung a16 case,4,300,Kisumu
102291,2025-02-13,iPhone 13 Case,1,1200,Eldoret
102292,2025-03-19,iPhone 13 Case,2,800,Kisumu
102293,2025-10-09,Redmi Note 14 Case,5,800,Nairobi
102294,2025-10-31,Power Bank,4,300,Nairobi
102295,2025-08-22,Samsung A16 Case,1,1200,Nakuru
102296,2025-10-06,Power Bank,1,2500,Eldoret
102297,2025-10-31,Infinix Hot 40 Case,4,300,Eldoret
102298,,Earbuds,4,500,Mombasa
102299,2025-02-15,Samsung A16 Case,3,800,Kisumu
102300,2025-10-23,Samsung A35 Case,2,800,Nakuru
102301,2025-03-19,Redmi Note 14 Case,3,300,Nairobi
102302,2025-02-13,Redmi Note 14 Case,5,2500,Mombasa
102303,2025-05-14,Samsung A16 Case,5,800,Mombasa
102304,2025-10-05,Samsung A16 Case,2,800,Eldoret
102305,2025-06-29,Power Bank,3,2500,Nairobi
102306,2025-08-10,Screen Protector,5,500,Eldoret
102307,2025-03-12,iPhone 13 Case,3,2500,Eldoret
102308,2025-03-25,Screen Protector,3,1200,Kisumu
102309,2025-04-17,Power Bank,5,500,Nakuru
102310,2025-03-10,Screen Protector,3,500,Eldoret
102311,2025-03-10,Redmi Note 14 Case,5,1200,Eldoret
102312,2025-01-09,Earbuds,3,1200,Kisumu
102313,2025-01-17,Screen Protector,2,1200,Nairobi
102314,2025-11-24,Charger,5,200,Eldoret
102315,2025-09-24,Tecno Spark 20 Case,2,1200,Nairobi
102316,2025-02-04,Tecno Spark 20 Case,2,800,Kisumu
102317,2025-10-21,Power Bank,4,2500,Kisumu
102318,2025-02-03,Redmi Note 14 Case,1,300,Kisumu
102319,2025-05-02,Samsung A35 Case,1,200,Kisumu
102320,2025-08-11,Power Bank,3,200,Nairobi
102321,,iPhone 13 Case,4,300,Eldoret
102322,2025-12-20,,2,1200,Mombasa
102323,2025-08-02,Tecno Spark 20 Case,1,800,Mombasa
102324,,Redmi Note 14 Case,5,500,Nakuru
102325,2025-05-10,Samsung A16 Case,4,200,Eldoret
102326,2025-11-26,Power Bank,2,2500,Nakuru
102327,2025-05-05,Tecno Spark 20 Case,3,500,Mombasa
102328,,charger,1,300,Nairobi
102329,2025-01-08,Screen Protector,2,500,Kisumu
102330,2025-05-04,iPhone 13 Case,5,800,Mombasa
102331,2025-01-10,Samsung A16 Case,5,800,Nakuru
102332,2025-04-22,,4,1200,Nairobi
102333,2025-12-28,Infinix Hot 40 Case,4,1200,Kisumu
102334,2025-01-14,Power Bank,2,1200,Kisumu
102335,2025-12-08,Redmi Note 14 Case,5,800,Nakuru
102336,2025-11-02,Tecno Spark 20 Case,4,200,Kisumu
102337,2025-05-09,Tecno Spark 20 Case,2,2500,Eldoret
102338,2025-10-21,Tecno Spark 20 Case,5,800,Nairobi
102339,2025-03-27,iPhone 13 Case,4,300,Eldoret
102340,2025-05-25,Samsung A16 Case,3,300,Eldoret
102341,2025-10-21,Samsung A35 Case,3,300,Kisumu
102342,2025-04-30,Earbuds,5,2500,Kisumu
102343,2025-12-07,Redmi Note 14 Case,1,2500,Eldoret
102344,2025-02-08,Redmi Note 14 Case,1,500,Kisumu
102345,2025-01-18,Infinix Hot 40 Case,4,200,Kisumu
102346,2025-09-01,iPhone 13 Case,4,300,Kisumu
102347,2025-10-10,Infinix Hot 40 Case,2,2500,Kisumu
102348,2025-06-29,Infinix Hot 40 Case,2,300,Eldoret
102349,2025-10-09,Samsung A16 Case,1,500,Eldoret
102350,2025-10-06,Power Bank,2,200,Kisumu
102351,2025-06-29,Samsung A35 Case,5,200,Nairobi
102352,2025-08-01,Samsung A35 Case,2,300,Nakuru
102353,2025-06-24,iPhone 13 Case,1,1200,Kisumu
102354,2025-08-14,Infinix Hot 40 Case,4,500,Nakuru
102355,2025-09-03,Screen Protector,2,2500,Eldoret
102356,2025-09-11,Earbuds,5,2500,Eldoret
102357,2025-06-21,Screen Protector,5,300,Mombasa
102358,2025-12-09,iPhone 13 Case,4,200,Eldoret
102359,2025-05-19,Earbuds,2,300,Nairobi
102360,2025-08-06,Samsung A35 Case,4,200,Nairobi
102361,2025-01-13,Earbuds,1,800,Nakuru
102362,2025-02-11,Samsung A16 Case,3,300,Eldoret
102363,2025-08-17,Charger,3,300,Kisumu
102364,2025-10-06,Earbuds,3,2500,Nakuru
102365,2025-07-27,Power Bank,1,800,Kisumu
102366,2025-10-07,Samsung A35 Case,2,1200,Nairobi
102367,2025-01-18,iPhone 13 Case,1,1200,Eldoret
102368,2025-07-01,iPhone 13 Case,5,500,Nairobi
102369,2025-10-12,Samsung A35 Case,3,300,Eldoret
102370,2025-04-14,Tecno Spark 20 Case,3,300,Kisumu
102371,2025-09-07,Infinix Hot 40 Case,4,300,Mombasa
102372,2025-04-18,Screen Protector,4,-300,Kisumu
102373,2025-03-18,Samsung A16 Case,5,2500,Mombasa
102374,2025-09-15,Screen Protector,5,300,Eldoret
102375,2025-03-29,earbuds,4,2500,Kisumu
102376,2025-07-07,Samsung A35 Case,1,1200,Kisumu
102377,2025-01-05,Charger,3,300,Nairobi
102378,2025-11-04,Redmi Note 14 Case,5,200,Nakuru
102379,2025-06-30,Charger,2,300,Nakuru
102380,2025-09-05,Samsung A16 Case,4,500,Nairobi
102381,2025-09-12,Power Bank,4,1200,Nairobi
102382,2025-07-17,iPhone 13 Case,1,800,Kisumu
102383,2025-01-11,Screen Protector,4,300,Eldoret
102384,2025-05-31,Tecno Spark 20 Case,5,1200,Mombasa
102385,2025-08-25,Screen Protector,5,200,Eldoret
102386,2025-08-07,iPhone 13 Case,5,500,Kisumu
102387,2025-05-24,Screen Protector,5,800,Kisumu
102388,2025-04-14,Power Bank,5,300,Mombasa
102389,2025-10-27,Earbuds,4,300,Nairobi
102390,2025-12-23,Samsung A35 Case,1,800,Eldoret
102391,2025-01-09,Samsung A35 Case,4,1200,Mombasa
102392,2025-09-01,Screen Protector,4,500,Nakuru
102393,2025-07-16,,2,2500,Nairobi
102394,2025-08-14,Redmi Note 14 Case,5,300,Nairobi
102395,2025-12-31,,2,2500,Mombasa
102396,2025-03-16,Redmi Note 14 Case,2,2500,Nakuru
102397,2025-11-20,iPhone 13 Case,5,200,Nairobi
102398,2025-03-12,Samsung A35 Case,1,1200,Mombasa
102399,2025-09-13,Screen Protector,3,300,Nairobi
102400,2025-06-20,samsung a16 case,1,2500,Mombasa
102401,2025-09-18,Screen Protector,5,500,Mombasa
102402,,Earbuds,3,300,Nakuru
102403,2025-01-04,Screen Protector,2,800,Nairobi
102404,2025-10-08,Screen Protector,4,300,Eldoret
102405,2025-04-11,Earbuds,3,200,Nakuru
102406,2025-03-02,Redmi Note 14 Case,5,300,Mombasa
102407,2025-03-04,Infinix Hot 40 Case,1,300,Kisumu
102408,2025-04-15,Earbuds,4,1200,Mombasa
102409,2025-09-12,Tecno Spark 20 Case,two,300,Mombasa
102410,2025-07-26,Infinix Hot 40 Case,4,300,Kisumu
102411,2025-12-02,Infinix Hot 40 Case,4,800,Kisumu
102412,2025-03-10,Samsung A35 Case,2,300,Nairobi
102413,2025-01-01,Power Bank,2,200,Nairobi
102414,2025-09-08,Redmi Note 14 Case,3,500,Nairobi
102415,2025-06-23,Samsung A35 Case,2,2500,Nairobi
102416,2025-03-31,Tecno Spark 20 Case,1,2500,Kisumu
102417,2025-10-21,Samsung A16 Case,4,200,Nairobi
102418,2025-02-28,,1,800,Kisumu
102419,2025-07-18,Earbuds,2,200,Kisumu
102420,,Samsung A35 Case,3,500,Nakuru
102421,2025-04-08,Tecno Spark 20 Case,1,800,Eldoret
102422,2025-03-21,Screen Protector,1,1200,Kisumu
102423,2025-01-27,Power Bank,4,2500,Eldoret
102424,2025-07-14,Charger,1,2500,Nakuru
102425,2025-04-24,Samsung A35 Case,1,300,Kisumu
102426,2025-05-04,Screen Protector,1,800,Mombasa
102427,2025-11-07,Power Bank,5,800,Nairobi
102428,2025-12-17,Earbuds,4,300,Kisumu
102429,2025-12-09,Redmi Note 14 Case,5,800,Nakuru
102430,2025-07-26,Power Bank,4,1200,Kisumu
102431,2025-05-25,Redmi Note 14 Case,2,-1200,Nairobi
102432,,Charger,3,2500,Mombasa
102433,2025-02-14,Samsung A16 Case,2,2500,Nakuru
102434,2025-03-03,Charger,4,800,Mombasa
102435,2025-11-04,iPhone 13 Case,3,1200,Nairobi
102436,2025-10-27,Samsung A35 Case,1,800,Eldoret
102437,2025-04-27,Charger,4,500,Eldoret
102438,2025-02-03,Tecno Spark 20 Case,2,1200,Eldoret
102439,2025-02-24,Power Bank,2,300,Nairobi
102440,2025-10-24,Power Bank,5,1200,Mombasa
102441,2025-01-10,,3,800,Nairobi
102442,2025-05-08,Samsung A16 Case,3,1200,Eldoret
102443,2025-07-12,Screen Protector,4,200,Mombasa
102444,2025-08-19,Earbuds,5,2500,Mombasa
102445,2025-08-01,Infinix Hot 40 Case,two,200,Eldoret
102446,2025-05-25,Earbuds,5,300,Mombasa
102447,2025-07-04,Redmi Note 14 Case,4,1200,Eldoret
102448,2025-10-23,Charger,3,500,Eldoret
102449,2025-11-02,Samsung A16 Case,1,1200,Kisumu
102450,2025-11-30,Redmi Note 14 Case,1,2500,Eldoret
102451,2025-08-09,iPhone 13 Case,3,200,Kisumu
102452,2025-10-19,Redmi Note 14 Case,2,800,Eldoret
102453,2025-09-23,Power Bank,1,200,Eldoret
102454,2025-03-12,Earbuds,2,500,Mombasa
102455,2025-01-21,Samsung A16 Case,4,2500,Nairobi
102456,2025-07-01,Power Bank,1,800,Nairobi
102457,2025-01-05,Tecno Spark 20 Case,5,300,Kisumu
102458,2025-07-17,Samsung A16 Case,1,1200,Eldoret
102459,,Earbuds,1,200,Eldoret
102460,2025-08-25,Redmi Note 14 Case,3,300,Nakuru
102461,2025-10-04,Samsung A16 Case,3,200,Mombasa
102462,2025-02-09,Samsung A35 Case,3,200,Nairobi
102463,2025-05-07,Redmi Note 14 Case,5,2500,Nakuru
102464,2025-02-24,Tecno Spark 20 Case,4,800,Mombasa
102465,2025-06-21,Screen Protector,5,300,Nakuru
102466,,Samsung A16 Case,3,1200,Kisumu
102467,2025-03-28,Power Bank,1,200,Nairobi
102468,2025-11-18,tecno spark 20 case,3,500,Eldoret
102469,2025-04-28,Charger,2,300,Mombasa
102470,2025-11-11,Screen Protector,4,200,Nairobi
102471,2025-01-17,Power Bank,3,300,Nairobi
102472,2025-03-04,Charger,4,500,Kisumu
102473,,Samsung A16 Case,5,300,Nairobi
102474,2025-09-03,Screen Protector,two,200,Kisumu
102475,2025-02-08,Infinix Hot 40 Case,4,1200,Kisumu
102476,2025-07-16,Earbuds,4,800,Eldoret
102477,2025-08-04,Infinix Hot 40 Case,5,-200,Eldoret
102478,2025-07-15,Earbuds,3,2500,Nairobi
102479,2025-11-21,Samsung A16 Case,2,300,Nairobi
102480,2025-02-26,Infinix Hot 40 Case,3,800,Kisumu
102481,2025-07-29,iPhone 13 Case,1,2500,Mombasa
102482,2025-12-10,Power Bank,3,500,Nairobi
102483,2025-10-06,Redmi Note 14 Case,1,200,Kisumu
102484,2025-12-01,Redmi Note 14 Case,4,200,Mombasa
102485,2025-09-28,Earbuds,4,800,Kisumu
102486,2025-08-02,Tecno Spark 20 Case,3,500,Nairobi
102487,2025-12-31,Power Bank,4,800,Nairobi
102488,2025-11-17,Redmi Note 14 Case,5,200,Nairobi
102489,2025-04-19,Charger,1,300,Nairobi
102490,2025-02-16,Infinix Hot 40 Case,3,500,Nairobi
102491,2025-04-06,Infinix Hot 40 Case,4,2500,Eldoret
102492,2025-05-26,Infinix Hot 40 Case,two,800,Mombasa
102493,2025-01-18,iPhone 13 Case,two,200,Nairobi
102494,2025-03-23,Screen Protector,4,-2500,Nairobi
102495,2025-09-11,samsung a16 case,2,800,Nairobi
102496,2025-02-07,Tecno Spark 20 Case,3,200,Mombasa
102497,2025-07-20,Infinix Hot 40 Case,3,500,Eldoret
102498,2025-03-23,Tecno Spark 20 Case,5,-2500,Kisumu
102499,2025-08-08,iPhone 13 Case,4,800,Nakuru
102500,2025-07-23,Samsung A16 Case,2,500,Mombasa
102501,2025-07-25,,4,1200,Mombasa
102502,2025-06-15,Infinix Hot 40 Case,4,200,Nairobi
102503,2025-01-01,Tecno Spark 20 Case,1,800,Nakuru
102504,2025-04-16,Charger,5,800,Nairobi
102505,2025-06-27,iPhone 13 Case,2,2500,Nairobi
102506,2025-12-25,Power Bank,2,300,Eldoret
102507,2025-03-15,Redmi Note 14 Case,4,300,Kisumu
102508,2025-01-17,Samsung A35 Case,4,2500,Kisumu
102509,2025-10-24,Tecno Spark 20 Case,3,800,Nakuru
102510,2025-04-29,Samsung A35 Case,2,2500,Eldoret
102511,2025-02-14,,2,500,Nairobi
102512,2025-02-13,Infinix Hot 40 Case,2,1200,Kisumu
102513,2025-01-03,Earbuds,2,500,Nakuru
102514,2025-03-08,Samsung A16 Case,5,800,Nakuru
102515,2025-04-03,Tecno Spark 20 Case,1,1200,Mombasa
102516,2025-11-18,Redmi Note 14 Case,4,300,Nakuru
102517,2025-08-19,Charger,1,800,Kisumu
102518,2025-05-14,Samsung A35 Case,3,1200,Nairobi
102519,2025-08-07,Infinix Hot 40 Case,5,500,Nairobi
102520,2025-10-04,Samsung A35 Case,4,500,Nakuru
102521,2025-09-16,Tecno Spark 20 Case,two,200,Mombasa
102522,2025-12-23,,3,800,Nakuru
102523,2025-10-23,samsung a35 case,5,800,Kisumu
102524,2025-10-29,Samsung A35 Case,5,500,Mombasa
102525,2025-09-19,Redmi Note 14 Case,1,800,Nakuru
102526,2025-08-20,,1,500,Mombasa
102527,2025-12-03,Redmi Note 14 Case,1,300,Kisumu
102528,2025-09-06,Power Bank,5,800,Eldoret
102529,2025-03-07,Infinix Hot 40 Case,4,800,Mombasa
102530,2025-06-20,Infinix Hot 40 Case,3,300,Mombasa
102531,2025-01-22,Earbuds,3,500,Kisumu
102532,2025-08-15,Power Bank,4,300,Eldoret
102533,2025-08-04,Power Bank,5,800,Nairobi
102534,2025-04-13,Power Bank,5,200,Eldoret
102535,2025-11-09,Infinix Hot 40 Case,5,1200,Kisumu
102536,2025-09-25,Samsung A35 Case,5,300,Kisumu
102537,2025-12-19,Power Bank,1,2500,Nairobi
102538,2025-12-02,Power Bank,5,500,Mombasa
102539,2025-09-16,Earbuds,5,300,Nakuru
102540,2025-01-11,Samsung A16 Case,5,300,Nakuru
102541,2025-12-28,Samsung A35 Case,4,300,Mombasa
102542,2025-03-08,Redmi Note 14 Case,3,1200,Kisumu
102543,,Earbuds,5,-300,Mombasa
102544,2025-03-11,Infinix Hot 40 Case,1,800,Kisumu
102545,2025-08-14,Charger,2,200,Nairobi
102546,2025-07-18,Samsung A16 Case,1,1200,Mombasa
102547,2025-11-22,Power Bank,5,500,Kisumu
102548,2025-08-26,Tecno Spark 20 Case,2,2500,Nairobi
102549,2025-12-06,Samsung A16 Case,two,800,Eldoret
102550,2025-12-15,Screen Protector,5,200,Kisumu
102551,2025-02-21,Power Bank,1,2500,Eldoret
102552,2025-04-24,,5,300,Nairobi
102553,2025-06-15,Samsung A35 Case,5,1200,Mombasa
102554,2025-08-31,Infinix Hot 40 Case,2,300,Kisumu
102555,2025-05-03,iPhone 13 Case,4,300,Eldoret
102556,2025-03-28,Samsung A35 Case,1,2500,Eldoret
102557,2025-12-24,Screen Protector,3,300,Eldoret
102558,2025-06-05,Screen Protector,two,2500,Nakuru
102559,2025-06-18,Infinix Hot 40 Case,3,1200,Nakuru
102560,2025-04-02,Samsung A35 Case,5,1200,Eldoret
102561,2025-05-28,Power Bank,5,500,Nakuru
102562,,,2,1200,Nakuru
102563,,Samsung A35 Case,2,1200,Eldoret
102564,2025-07-06,iPhone 13 Case,5,800,Nakuru
102565,2025-08-14,Tecno Spark 20 Case,5,300,Kisumu
102566,2025-02-17,Power Bank,3,200,Mombasa
102567,2025-03-05,Charger,5,2500,Kisumu
102568,2025-05-05,Charger,2,500,Nairobi
102569,2025-02-08,Charger,4,2500,Eldoret
102570,2025-01-03,Screen Protector,5,800,Nakuru
102571,2025-01-11,Infinix Hot 40 Case,1,2500,Nairobi
102572,2025-07-22,iPhone 13 Case,3,200,Nakuru
102573,2025-01-21,Samsung A35 Case,2,500,Nairobi
102574,2025-06-13,Earbuds,3,300,Nairobi
102575,2025-05-03,Power Bank,1,500,Mombasa
102576,2025-10-18,Samsung A16 Case,4,200,Kisumu
102577,2025-10-08,Redmi Note 14 Case,3,2500,Eldoret
102578,2025-03-25,Tecno Spark 20 Case,3,500,Mombasa
102579,2025-07-29,Redmi Note 14 Case,4,1200,Kisumu
102580,2025-03-10,Samsung A16 Case,1,300,Mombasa
102581,2025-07-07,Charger,5,300,Kisumu
102582,2025-04-24,iPhone 13 Case,4,800,Nairobi
102583,2025-03-26,Screen Protector,1,2500,Eldoret
102584,2025-06-26,Redmi Note 14 Case,3,300,Kisumu
102585,2025-08-06,Power Bank,5,1200,Nairobi
102586,2025-12-12,Tecno Spark 20 Case,4,300,Kisumu
102587,2025-03-13,Tecno Spark 20 Case,5,2500,Nairobi
102588,2025-09-28,Earbuds,3,200,Nakuru
102589,2025-05-24,Power Bank,5,500,Mombasa
102590,2025-02-16,Samsung A16 Case,5,500,Nakuru
102591,2025-05-29,Earbuds,2,2500,Nairobi
102592,2025-06-04,Redmi Note 14 Case,2,300,Kisumu
102593,2025-11-14,Charger,3,2500,Nairobi
102594,2025-06-23,Redmi Note 14 Case,1,500,Nakuru
102595,2025-09-21,Screen Protector,1,1200,Mombasa
102596,2025-07-18,Infinix Hot 40 Case,5,500,Kisumu
102597,2025-12-07,Redmi Note 14 Case,4,300,Mombasa
102598,2025-10-29,Tecno Spark 20 Case,2,200,Kisumu
102599,2025-04-03,Redmi Note 14 Case,1,2500,Eldoret
102600,2025-06-03,Infinix Hot 40 Case,2,1200,Nakuru
102601,2025-03-21,Charger,4,800,Eldoret
102602,2025-12-31,Samsung A35 Case,two,2500,Eldoret
102603,2025-11-23,Tecno Spark 20 Case,1,1200,Kisumu
102604,2025-12-02,Redmi Note 14 Case,4,2500,Nakuru
102605,2025-06-08,Charger,5,200,Nakuru
102606,2025-03-14,Infinix Hot 40 Case,1,500,Mombasa
102607,2025-08-04,Tecno Spark 20 Case,5,300,Mombasa
102608,2025-01-29,Infinix Hot 40 Case,3,200,Eldoret
102609,2025-08-08,Redmi Note 14 Case,5,1200,Nakuru
102610,2025-02-11,Infinix Hot 40 Case,2,800,Mombasa
102611,2025-12-27,Power Bank,3,300,Nakuru
102612,2025-10-29,Earbuds,two,200,Kisumu
102613,2025-03-14,Redmi Note 14 Case,5,500,Kisumu
102614,2025-05-09,Samsung A16 Case,2,300,Mombasa
102615,2025-06-02,Power Bank,5,500,Eldoret
102616,2025-01-06,Charger,5,300,Mombasa
102617,2025-11-22,Power Bank,5,300,Eldoret
102618,2025-11-10,Samsung A35 Case,2,300,Kisumu
102619,2025-03-28,Tecno Spark 20 Case,2,800,Eldoret
102620,2025-05-30,Infinix Hot 40 Case,5,800,Kisumu
102621,2025-04-13,Earbuds,4,200,Nakuru
102622,2025-07-28,Samsung A35 Case,3,200,Nairobi
102623,2025-04-27,Earbuds,4,1200,Nairobi
102624,,iPhone 13 Case,3,2500,Nakuru
102625,2025-11-07,Tecno Spark 20 Case,3,2500,Eldoret
102626,2025-10-28,Earbuds,2,1200,Nairobi
102627,2025-01-24,Charger,2,500,Mombasa
102628,2025-01-24,Tecno Spark 20 Case,4,800,Kisumu
102629,2025-01-16,Tecno Spark 20 Case,3,200,Eldoret
102630,2025-08-31,Earbuds,1,300,Nakuru
102631,2025-09-24,Samsung A35 Case,1,300,Eldoret
102632,2025-04-25,Infinix Hot 40 Case,4,500,Mombasa
102633,2025-11-21,Redmi Note 14 Case,3,1200,Kisumu
102634,2025-03-16,iPhone 13 Case,two,300,Nakuru
102635,2025-04-13,Infinix Hot 40 Case,1,300,Nairobi
102636,2025-06-27,Earbuds,3,500,Mombasa
102637,2025-07-23,Samsung A35 Case,1,300,Eldoret
102638,2025-06-10,Power Bank,5,300,Mombasa
102639,2025-05-12,Power Bank,4,300,Nakuru
102640,2025-04-27,Infinix Hot 40 Case,4,800,Nakuru
102641,2025-11-29,Charger,1,800,Eldoret
102642,2025-02-25,Samsung A35 Case,3,2500,Nairobi
102643,2025-11-06,Samsung A16 Case,4,200,Mombasa
102644,2025-08-05,Samsung A16 Case,2,500,Nakuru
102645,2025-03-06,Samsung A16 Case,5,500,Nairobi
102646,2025-01-22,Power Bank,3,1200,Kisumu
102647,2025-12-23,iPhone 13 Case,5,800,Nakuru
102648,2025-06-13,Earbuds,4,800,Kisumu
102649,2025-06-29,Infinix Hot 40 Case,5,300,Eldoret
102650,2025-06-18,Screen Protector,2,2500,Nakuru
102651,2025-03-07,Charger,5,800,Mombasa
102652,2025-10-27,Charger,5,2500,Nairobi
102653,2025-03-31,Charger,5,200,Nakuru
102654,2025-12-02,Redmi Note 14 Case,4,500,Nairobi
102655,2025-03-14,Screen Protector,1,1200,Mombasa
102656,2025-01-02,Power Bank,4,2500,Nairobi
102657,2025-02-28,Power Bank,1,500,Kisumu
102658,2025-12-25,iPhone 13 Case,2,500,Eldoret
102659,2025-01-02,Samsung A16 Case,3,200,Eldoret
102660,2025-07-30,Tecno Spark 20 Case,3,1200,Kisumu
102661,2025-03-23,iPhone 13 Case,4,800,Eldoret
102662,2025-01-29,Samsung A35 Case,4,500,Eldoret
102663,2025-12-03,Power Bank,2,300,Kisumu
102664,2025-02-01,tecno spark 20 case,2,500,Kisumu
102665,2025-12-03,iPhone 13 Case,5,1200,Kisumu
102666,,iphone 13 case,1,200,Eldoret
102667,2025-04-10,Screen Protector,2,200,Mombasa
102668,2025-03-03,Power Bank,1,1200,Mombasa
102669,2025-04-24,Redmi Note 14 Case,1,2500,Kisumu
102670,2025-04-30,iPhone 13 Case,2,1200,Mombasa
102671,2025-12-01,Tecno Spark 20 Case,5,800,Nairobi
102672,2025-03-23,,2,200,Eldoret
102673,2025-06-21,Infinix Hot 40 Case,3,2500,Eldoret
102674,2025-04-24,Redmi Note 14 Case,2,2500,Eldoret
102675,2025-12-28,Samsung A35 Case,2,300,Mombasa
102676,2025-09-12,earbuds,4,-300,Nairobi
102677,2025-04-22,Samsung A16 Case,1,200,Eldoret
102678,2025-07-15,Power Bank,1,800,Mombasa
102679,2025-02-21,Samsung A35 Case,5,800,Kisumu
102680,2025-04-08,Tecno Spark 20 Case,4,1200,Nakuru
102681,2025-03-10,Charger,5,200,Nakuru
102682,2025-08-22,Power Bank,1,-2500,Kisumu
102683,2025-03-08,Charger,2,800,Nakuru
102684,2025-01-29,Power Bank,3,300,Eldoret
102685,2025-07-04,Charger,5,2500,Mombasa
102686,2025-03-03,Samsung A35 Case,3,2500,Kisumu
102687,2025-03-09,Redmi Note 14 Case,1,500,Mombasa
102688,2025-05-21,,4,500,Eldoret
102689,2025-11-07,iPhone 13 Case,1,300,Mombasa
102690,2025-09-03,Earbuds,1,800,Nairobi
102691,2025-03-05,Redmi Note 14 Case,4,-300,Kisumu
102692,2025-12-18,Tecno Spark 20 Case,2,1200,Kisumu
102693,2025-04-20,Tecno Spark 20 Case,5,300,Kisumu
102694,2025-04-16,iPhone 13 Case,4,300,Nakuru
102695,2025-09-13,Redmi Note 14 Case,3,200,Mombasa
102696,2025-06-11,Tecno Spark 20 Case,5,2500,Nakuru
102697,2025-03-12,Screen Protector,3,1200,Eldoret
102698,2025-01-03,Samsung A16 Case,2,200,Kisumu
102699,2025-05-06,screen protector,5,2500,Mombasa
102700,2025-10-26,Samsung A16 Case,4,300,Nakuru
102701,2025-11-01,Infinix Hot 40 Case,2,800,Nairobi
102702,2025-01-11,iPhone 13 Case,2,300,Nairobi
102703,2025-05-26,Power Bank,5,800,Eldoret
102704,2025-04-14,Redmi Note 14 Case,4,2500,Nakuru
102705,2025-02-13,Screen Protector,5,500,Nakuru
102706,2025-04-24,iPhone 13 Case,3,1200,Kisumu
102707,2025-01-30,Samsung A16 Case,2,200,Kisumu
102708,2025-11-25,Tecno Spark 20 Case,3,800,Nakuru
102709,2025-10-08,Samsung A35 Case,two,1200,Nairobi
102710,2025-11-27,Infinix Hot 40 Case,3,500,Mombasa
102711,2025-02-09,Redmi Note 14 Case,2,500,Eldoret
102712,2025-07-09,Tecno Spark 20 Case,3,300,Mombasa
102713,2025-06-19,Samsung A16 Case,5,800,Eldoret
102714,2025-06-18,Samsung A16 Case,1,500,Mombasa
102715,2025-08-17,Samsung A16 Case,3,200,Eldoret
102716,2025-01-16,Power Bank,2,800,Nairobi
102717,2025-03-13,Samsung A35 Case,5,300,Nairobi
102718,2025-08-08,iPhone 13 Case,5,1200,Eldoret
102719,2025-06-26,Power Bank,2,1200,Nairobi
102720,2025-01-22,Infinix Hot 40 Case,5,800,Nairobi
102721,,Screen Protector,3,200,Mombasa
102722,2025-08-23,Redmi Note 14 Case,2,300,Eldoret
102723,2025-04-27,Redmi Note 14 Case,2,1200,Nairobi
102724,2025-02-08,Samsung A16 Case,1,300,Eldoret
102725,2025-06-25,Samsung A16 Case,1,200,Eldoret
102726,2025-05-14,Tecno Spark 20 Case,2,2500,Nairobi
102727,2025-04-16,Screen Protector,2,500,Eldoret
102728,2025-03-13,iPhone 13 Case,4,300,Eldoret
102729,2025-09-30,Redmi Note 14 Case,5,300,Nakuru
102730,,iPhone 13 Case,2,800,Mombasa
102731,2025-04-09,Samsung A35 Case,3,300,Mombasa
102732,2025-03-30,Screen Protector,5,1200,Nairobi
102733,2025-08-21,iPhone 13 Case,2,1200,Eldoret
102734,2025-07-02,Samsung A16 Case,3,200,Nairobi
102735,2025-03-20,iPhone 13 Case,4,300,Mombasa
102736,2025-09-26,Samsung A16 Case,2,500,Kisumu
102737,2025-07-05,Infinix Hot 40 Case,2,500,Eldoret
102738,2025-08-18,Infinix Hot 40 Case,3,300,Nairobi
102739,2025-04-30,Charger,3,2500,Eldoret
102740,2025-09-04,Tecno Spark 20 Case,two,500,Nakuru
102741,2025-11-19,Earbuds,2,200,Kisumu
102742,2025-05-13,iPhone 13 Case,3,500,Nairobi
102743,2025-05-01,Samsung A16 Case,4,1200,Mombasa
102744,2025-05-09,Infinix Hot 40 Case,3,800,Eldoret
102745,2025-03-04,,5,300,Mombasa
102746,2025-01-12,Earbuds,5,200,Kisumu
102747,2025-05-10,Earbuds,5,1200,Eldoret
102748,2025-07-27,Samsung A16 Case,3,2500,Kisumu
102749,2025-12-22,Screen Protector,3,300,Eldoret
102750,2025-06-23,Samsung A16 Case,5,500,Nakuru
102751,2025-05-23,Samsung A16 Case,4,300,Nairobi
102752,2025-10-26,iPhone 13 Case,2,200,Nakuru
102753,2025-07-11,Charger,3,300,Nairobi
102754,2025-06-01,Charger,2,2500,Mombasa
102755,2025-01-31,Power Bank,3,300,Nairobi
102756,2025-01-29,iPhone 13 Case,3,300,Nairobi
102757,2025-11-30,,1,200,Mombasa
102758,2025-11-19,Earbuds,2,300,Eldoret
102759,2025-10-21,Samsung A35 Case,5,200,Nakuru
102760,2025-11-17,Samsung A35 Case,5,500,Mombasa
102761,2025-12-28,Infinix Hot 40 Case,3,2500,Mombasa
102762,2025-02-13,Samsung A35 Case,4,800,Nakuru
102763,2025-01-17,Infinix Hot 40 Case,3,300,Nairobi
102764,2025-09-01,,3,800,Mombasa
102765,2025-08-19,Samsung A16 Case,4,300,Kisumu
102766,2025-09-05,Power Bank,5,200,Nairobi
102767,2025-03-26,Samsung A35 Case,3,1200,Mombasa
102768,2025-04-09,Screen Protector,two,200,Nairobi
102769,2025-08-04,Redmi Note 14 Case,1,2500,Eldoret
102770,2025-06-23,Infinix Hot 40 Case,5,500,Nairobi
102771,2025-08-08,Samsung A35 Case,4,500,Eldoret
102772,2025-12-09,Charger,1,300,Mombasa
102773,2025-04-15,Infinix Hot 40 Case,3,500,Kisumu
102774,2025-01-02,Samsung A16 Case,5,-1200,Kisumu
102775,2025-02-27,,5,800,Nakuru
102776,2025-12-07,Charger,5,800,Mombasa
102777,2025-09-12,Infinix Hot 40 Case,5,2500,Eldoret
102778,2025-05-28,Power Bank,2,200,Nairobi
102779,2025-05-01,Redmi Note 14 Case,2,2500,Kisumu
102780,2025-06-18,Screen Protector,1,500,Nairobi
102781,2025-08-13,Redmi Note 14 Case,1,500,Eldoret
102782,2025-09-18,Power Bank,5,500,Kisumu
102783,2025-02-17,Samsung A35 Case,1,200,Mombasa
102784,2025-10-18,Earbuds,4,2500,Eldoret
102785,2025-09-18,Charger,2,2500,Eldoret
102786,2025-12-25,Earbuds,5,200,Kisumu
102787,2025-06-24,Charger,3,800,Eldoret
102788,2025-11-05,Redmi Note 14 Case,4,1200,Eldoret
102789,2025-04-14,iPhone 13 Case,1,300,Nairobi
102790,2025-07-31,Power Bank,4,300,Nairobi
102791,2025-11-28,Redmi Note 14 Case,5,1200,Eldoret
102792,2025-02-08,Earbuds,1,2500,Eldoret
102793,2025-09-13,Infinix Hot 40 Case,4,200,Nairobi
102794,2025-06-27,Infinix Hot 40 Case,5,800,Kisumu
102795,2025-01-15,Power Bank,4,200,Mombasa
102796,2025-11-15,Redmi Note 14 Case,5,2500,Eldoret
102797,2025-07-27,Tecno Spark 20 Case,1,300,Nairobi
102798,2025-10-07,Redmi Note 14 Case,2,200,Nairobi
102799,2025-05-26,redmi note 14 case,4,300,Eldoret
102800,2025-03-01,Screen Protector,3,-300,Kisumu
102801,2025-01-29,Tecno Spark 20 Case,5,2500,Nakuru
102802,2025-03-20,Tecno Spark 20 Case,1,200,Nairobi
102803,2025-06-02,Samsung A35 Case,5,200,Eldoret
102804,2025-10-06,,1,500,Mombasa
102805,2025-07-05,Redmi Note 14 Case,5,800,Nakuru
102806,2025-06-07,,3,1200,Eldoret
102807,2025-12-25,Redmi Note 14 Case,5,300,Nakuru
102808,2025-05-31,Infinix Hot 40 Case,two,300,Mombasa
102809,2025-03-14,Screen Protector,1,1200,Nairobi
102810,2025-01-17,Screen Protector,3,500,Eldoret
102811,2025-11-22,Power Bank,3,1200,Nairobi
102812,2025-02-03,iPhone 13 Case,4,200,Nairobi
102813,2025-07-15,Earbuds,2,300,Nakuru
102814,2025-12-10,Charger,5,500,Kisumu
102815,2025-12-13,iPhone 13 Case,2,1200,Eldoret
102816,2025-09-10,Screen Protector,1,500,Eldoret
102817,2025-01-16,iPhone 13 Case,4,500,Mombasa
102818,2025-08-29,Power Bank,5,300,Mombasa
102819,2025-08-16,Power Bank,1,200,Mombasa
102820,2025-05-14,Samsung A35 Case,3,800,Nairobi
102821,2025-06-02,Tecno Spark 20 Case,2,200,Mombasa
102822,2025-04-02,Power Bank,5,1200,Nairobi
102823,2025-09-16,Samsung A35 Case,4,2500,Eldoret
102824,2025-04-13,Screen Protector,1,200,Nairobi
102825,2025-04-11,Redmi Note 14 Case,5,300,Mombasa
102826,2025-08-25,iPhone 13 Case,2,200,Eldoret
102827,,Samsung A16 Case,2,500,Kisumu
102828,2025-10-12,Earbuds,2,200,Eldoret
102829,2025-08-20,Earbuds,4,300,Eldoret
102830,2025-01-24,Samsung A16 Case,5,2500,Mombasa
102831,2025-12-13,Infinix Hot 40 Case,1,500,Nairobi
102832,2025-10-15,Samsung A16 Case,4,300,Nakuru
102833,2025-02-06,Infinix Hot 40 Case,2,200,Mombasa
102834,2025-08-15,Screen Protector,4,2500,Kisumu
102835,2025-12-28,Redmi Note 14 Case,3,2500,Nairobi
102836,2025-02-22,Screen Protector,4,500,Eldoret
102837,2025-08-23,Infinix Hot 40 Case,3,200,Nakuru
102838,2025-04-10,,3,800,Mombasa
102839,2025-01-15,Tecno Spark 20 Case,3,1200,Kisumu
102840,2025-06-14,Screen Protector,5,300,Kisumu
102841,2025-04-17,iPhone 13 Case,2,800,Nairobi
102842,2025-05-10,Charger,4,800,Nairobi
102843,2025-08-02,Tecno Spark 20 Case,2,2500,Eldoret
102844,2025-10-06,Redmi Note 14 Case,3,300,Nairobi
102845,2025-11-27,Power Bank,4,300,Mombasa
102846,2025-05-03,Infinix Hot 40 Case,5,500,Kisumu
102847,2025-08-17,Tecno Spark 20 Case,2,2500,Mombasa
102848,2025-02-19,Tecno Spark 20 Case,2,500,Mombasa
102849,2025-07-10,Screen Protector,4,-800,Nairobi
102850,2025-11-19,iPhone 13 Case,5,2500,Kisumu
102851,2025-03-16,Charger,1,1200,Kisumu
102852,2025-06-20,Screen Protector,3,2500,Mombasa
102853,2025-05-29,,4,800,Mombasa
102854,2025-11-02,Screen Protector,5,1200,Eldoret
102855,2025-09-17,Redmi Note 14 Case,4,2500,Mombasa
102856,2025-01-09,iPhone 13 Case,1,500,Nairobi
102857,2025-04-11,Redmi Note 14 Case,5,300,Eldoret
102858,2025-05-26,Infinix Hot 40 Case,1,500,Nakuru
102859,2025-08-29,Charger,1,500,Nakuru
102860,2025-04-05,charger,2,2500,Nairobi
102861,2025-08-02,Charger,3,800,Mombasa
102862,2025-04-10,iphone 13 case,4,1200,Nairobi
102863,2025-11-18,Samsung A35 Case,2,1200,Mombasa
102864,2025-12-03,Tecno Spark 20 Case,4,2500,Nakuru
102865,2025-06-07,Charger,1,2500,Kisumu
102866,2025-11-22,Samsung A35 Case,3,2500,Nairobi
102867,2025-10-10,Charger,2,1200,Nakuru
102868,2025-10-07,Screen Protector,2,500,Mombasa
102869,2025-08-02,Infinix Hot 40 Case,1,300,Nakuru
102870,2025-02-13,Screen Protector,4,200,Kisumu
102871,2025-12-29,Charger,4,800,Mombasa
102872,2025-07-18,Redmi Note 14 Case,5,300,Mombasa
102873,2025-08-22,Tecno Spark 20 Case,3,800,Mombasa
102874,2025-04-03,Redmi Note 14 Case,2,800,Nairobi
102875,2025-07-29,Earbuds,2,800,Mombasa
102876,2025-10-07,Earbuds,2,2500,Eldoret
102877,2025-08-25,Samsung A16 Case,5,800,Nairobi
102878,2025-04-10,Tecno Spark 20 Case,5,200,Nairobi
102879,2025-11-01,Earbuds,2,-2500,Eldoret
102880,2025-11-24,Tecno Spark 20 Case,2,200,Kisumu
102881,2025-10-20,Redmi Note 14 Case,2,800,Eldoret
102882,2025-07-09,Redmi Note 14 Case,4,2500,Nakuru
102883,2025-02-22,iPhone 13 Case,2,2500,Eldoret
102884,2025-05-12,Screen Protector,2,300,Mombasa
102885,2025-12-30,Samsung A16 Case,1,2500,Mombasa
102886,2025-06-05,,5,500,Eldoret
102887,2025-12-30,Tecno Spark 20 Case,2,300,Mombasa
102888,2025-03-24,iPhone 13 Case,4,500,Nakuru
102889,2025-12-26,iPhone 13 Case,3,1200,Kisumu
102890,2025-10-17,Power Bank,2,500,Nairobi
102891,2025-02-27,Redmi Note 14 Case,1,500,Nakuru
102892,2025-07-29,Earbuds,1,1200,Kisumu
102893,2025-08-22,Redmi Note 14 Case,1,800,Kisumu
102894,2025-03-19,Power Bank,4,200,Eldoret
102895,2025-02-08,Samsung A35 Case,3,300,Mombasa
102896,2025-07-10,Power Bank,4,500,Eldoret
102897,2025-05-27,Samsung A16 Case,4,1200,Kisumu
102898,2025-05-03,Infinix Hot 40 Case,1,300,Kisumu
102899,2025-12-05,Redmi Note 14 Case,3,1200,Mombasa
102900,2025-04-15,Infinix Hot 40 Case,2,500,Nakuru
102901,2025-09-15,iPhone 13 Case,4,2500,Nairobi
102902,2025-09-19,Redmi Note 14 Case,3,500,Mombasa
102903,2025-08-09,Power Bank,3,2500,Nairobi
102904,2025-09-15,Tecno Spark 20 Case,1,300,Kisumu
102905,2025-12-15,iPhone 13 Case,1,300,Nakuru
102906,2025-08-14,Samsung A35 Case,4,1200,Kisumu
102907,2025-09-03,Screen Protector,two,200,Mombasa
102908,2025-04-21,Infinix Hot 40 Case,4,1200,Mombasa
102909,2025-06-04,Infinix Hot 40 Case,1,500,Mombasa
102910,2025-10-16,Screen Protector,5,200,Nairobi
102911,2025-09-21,iPhone 13 Case,1,300,Mombasa
102912,2025-04-08,Samsung A35 Case,1,500,Mombasa
102913,2025-08-30,iPhone 13 Case,5,2500,Nairobi
102914,2025-03-25,Charger,2,200,Nairobi
102915,2025-11-19,Infinix Hot 40 Case,4,2500,Kisumu
102916,2025-06-01,iPhone 13 Case,2,2500,Mombasa
102917,2025-10-05,Power Bank,3,500,Kisumu
102918,,Tecno Spark 20 Case,1,2500,Nakuru
102919,2025-02-07,Samsung A16 Case,5,500,Mombasa
102920,2025-12-14,Samsung A16 Case,2,800,Kisumu
102921,2025-09-30,Redmi Note 14 Case,1,2500,Nakuru
102922,2025-11-04,earbuds,5,200,Kisumu
102923,2025-10-16,Screen Protector,4,200,Mombasa
102924,2025-07-24,Earbuds,5,300,Eldoret
102925,2025-12-07,Screen Protector,5,300,Nakuru
102926,2025-09-19,Screen Protector,3,200,Mombasa
102927,2025-05-21,Power Bank,1,800,Nairobi
102928,2025-11-09,Samsung A35 Case,2,200,Nairobi
102929,2025-08-21,Earbuds,3,-500,Kisumu
102930,2025-01-12,Samsung A35 Case,2,200,Eldoret
102931,2025-06-26,Charger,two,200,Nairobi
102932,2025-01-11,Earbuds,4,1200,Nakuru
102933,2025-08-06,Infinix Hot 40 Case,1,2500,Kisumu
102934,2025-09-10,Screen Protector,4,500,Kisumu
102935,,Samsung A16 Case,4,2500,Nakuru
102936,2025-08-23,Charger,4,800,Mombasa
102937,2025-03-21,Infinix Hot 40 Case,5,500,Eldoret
102938,2025-08-13,iPhone 13 Case,2,1200,Kisumu
102939,2025-07-11,Earbuds,3,800,Mombasa
102940,,Infinix Hot 40 Case,3,300,Eldoret
102941,2025-03-03,Charger,2,200,Eldoret
102942,2025-08-21,Infinix Hot 40 Case,2,1200,Nairobi
102943,2025-11-29,Tecno Spark 20 Case,4,200,Nakuru
102944,2025-06-01,Infinix Hot 40 Case,4,200,Nakuru
102945,2025-05-10,iPhone 13 Case,5,1200,Nairobi
102946,2025-04-24,Charger,4,800,Mombasa
102947,2025-05-23,Tecno Spark 20 Case,1,800,Nairobi
102948,2025-06-19,Samsung A16 Case,4,1200,Kisumu
102949,2025-07-20,Infinix Hot 40 Case,3,200,Nakuru
102950,2025-11-29,Redmi Note 14 Case,5,1200,Eldoret
102951,2025-01-31,Samsung A35 Case,5,300,Kisumu
102952,2025-12-29,Redmi Note 14 Case,5,1200,Eldoret
102953,2025-06-05,Screen Protector,3,200,Mombasa
102954,2025-04-09,Screen Protector,3,2500,Mombasa
102955,2025-04-19,Tecno Spark 20 Case,two,300,Nakuru
102956,,Screen Protector,1,800,Eldoret
102957,2025-04-01,Screen Protector,1,2500,Kisumu
102958,2025-12-03,,2,800,Nakuru
102959,2025-08-26,Tecno Spark 20 Case,3,800,Nairobi
102960,2025-12-28,Charger,5,200,Nairobi
102961,2025-03-05,Infinix Hot 40 Case,3,2500,Eldoret
102962,2025-04-24,Screen Protector,4,200,Kisumu
102963,2025-07-27,Screen Protector,3,2500,Mombasa
102964,2025-02-07,Redmi Note 14 Case,5,1200,Nakuru
102965,2025-04-15,Redmi Note 14 Case,4,300,Nairobi
102966,2025-10-27,Redmi Note 14 Case,4,800,Eldoret
102967,2025-03-20,Samsung A35 Case,1,300,Kisumu
102968,2025-06-25,Samsung A16 Case,4,200,Mombasa
102969,2025-04-13,Infinix Hot 40 Case,2,2500,Nakuru
102970,2025-05-02,Samsung A35 Case,4,500,Mombasa
102971,2025-04-26,Infinix Hot 40 Case,3,300,Nairobi
102972,2025-08-18,Charger,1,2500,Eldoret
102973,2025-07-29,Redmi Note 14 Case,1,2500,Eldoret
102974,2025-12-12,Charger,4,2500,Mombasa
102975,2025-07-03,Earbuds,1,800,Mombasa
102976,2025-04-02,Screen Protector,3,800,Nairobi
102977,2025-05-13,,1,300,Eldoret
102978,2025-07-06,Charger,5,2500,Nairobi
102979,2025-02-15,Charger,3,800,Nairobi
102980,2025-06-28,Samsung A35 Case,5,300,Eldoret
102981,2025-06-11,Tecno Spark 20 Case,3,2500,Kisumu
102982,,Earbuds,1,500,Nairobi
102983,2025-02-23,Screen Protector,4,300,Eldoret
102984,,Samsung A35 Case,2,200,Eldoret
102985,2025-11-14,Charger,1,1200,Mombasa
102986,2025-05-11,Tecno Spark 20 Case,3,2500,Nairobi
102987,2025-07-31,Samsung A16 Case,2,200,Nakuru
102988,2025-02-13,Charger,4,2500,Kisumu
102989,2025-09-30,Infinix Hot 40 Case,3,-300,Kisumu
102990,2025-12-21,Charger,4,300,Nairobi
102991,2025-02-14,Tecno Spark 20 Case,4,500,Nairobi
102992,2025-11-14,Charger,3,200,Nairobi
102993,2025-08-16,Tecno Spark 20 Case,2,500,Eldoret
102994,2025-12-24,Power Bank,3,200,Mombasa
102995,2025-07-09,Samsung A16 Case,2,800,Mombasa
102996,2025-12-23,Redmi Note 14 Case,1,2500,Eldoret
102997,2025-07-23,Redmi Note 14 Case,5,500,Mombasa
102998,2025-11-19,Samsung A16 Case,2,1200,Nairobi
102999,2025-11-16,Samsung A16 Case,3,2500,Eldoret
103000,2025-09-29,Screen Protector,2,800,Nakuru
103001,2025-06-20,Screen Protector,1,200,Nakuru
103002,2025-08-25,Samsung A16 Case,2,2500,Eldoret
103003,2025-11-07,Samsung A35 Case,1,200,Mombasa
103004,2025-06-13,Redmi Note 14 Case,5,1200,Nairobi
103005,2025-04-26,Samsung A16 Case,1,300,Mombasa
103006,2025-07-28,Redmi Note 14 Case,5,2500,Eldoret
103007,2025-11-23,iphone 13 case,1,300,Nairobi
103008,2025-10-07,Tecno Spark 20 Case,3,200,Mombasa
103009,2025-01-12,Tecno Spark 20 Case,3,800,Nakuru
103010,2025-08-16,,two,200,Mombasa
103011,2025-05-21,Screen Protector,3,300,Mombasa
103012,2025-08-17,Tecno Spark 20 Case,1,800,Nakuru
103013,2025-10-17,Redmi Note 14 Case,3,1200,Nakuru
103014,2025-05-08,Power Bank,5,300,Nairobi
103015,2025-12-25,Earbuds,1,500,Nairobi
103016,2025-02-03,Samsung A16 Case,4,500,Nairobi
103017,2025-01-29,Charger,2,1200,Eldoret
103018,2025-01-16,Charger,5,1200,Nairobi
103019,2025-03-22,Screen Protector,5,800,Nairobi
103020,2025-05-04,,3,2500,Mombasa
103021,2025-03-18,Tecno Spark 20 Case,5,300,Kisumu
103022,2025-10-24,Redmi Note 14 Case,3,-2500,Kisumu
103023,2025-03-02,Redmi Note 14 Case,2,200,Eldoret
103024,2025-04-13,Infinix Hot 40 Case,3,-2500,Eldoret
103025,2025-12-29,Power Bank,5,500,Mombasa
103026,2025-12-25,Infinix Hot 40 Case,2,-500,Nakuru
103027,2025-11-20,Power Bank,two,2500,Nairobi
103028,2025-04-23,Earbuds,1,1200,Mombasa
103029,2025-03-02,Samsung A16 Case,4,2500,Nakuru
103030,2025-06-02,Redmi Note 14 Case,1,200,Nakuru
103031,2025-04-25,Earbuds,2,300,Eldoret
103032,2025-04-02,Tecno Spark 20 Case,3,200,Eldoret
103033,2025-11-29,Samsung A16 Case,5,800,Eldoret
103034,2025-02-21,Infinix Hot 40 Case,3,300,Mombasa
103035,2025-07-25,,3,200,Eldoret
103036,2025-04-03,Power Bank,4,1200,Nairobi
103037,2025-11-05,Samsung A35 Case,1,2500,Nairobi
103038,2025-06-02,Charger,2,2500,Nairobi
103039,2025-09-17,Earbuds,4,2500,Kisumu
103040,2025-05-29,Power Bank,two,2500,Mombasa
103041,2025-03-30,Screen Protector,2,800,Kisumu
103042,2025-06-10,Infinix Hot 40 Case,4,200,Kisumu
103043,2025-05-29,Redmi Note 14 Case,4,1200,Nairobi
103044,2025-08-08,Power Bank,3,200,Eldoret
103045,2025-10-02,Samsung A16 Case,1,300,Eldoret
103046,2025-03-20,Samsung A16 Case,4,300,Mombasa
103047,2025-05-30,iPhone 13 Case,1,500,Nakuru
103048,2025-05-21,Samsung A35 Case,1,1200,Nairobi
103049,,iPhone 13 Case,5,500,Nakuru
103050,,Redmi Note 14 Case,3,500,Nairobi
103051,2025-11-15,Earbuds,1,2500,Kisumu
103052,2025-02-17,Redmi Note 14 Case,4,800,Kisumu
103053,2025-06-21,,5,500,Eldoret
103054,2025-10-23,Infinix Hot 40 Case,1,1200,Kisumu
103055,2025-02-26,Tecno Spark 20 Case,4,500,Nairobi
103056,2025-07-04,Infinix Hot 40 Case,1,300,Nairobi
103057,2025-07-21,Infinix Hot 40 Case,2,500,Mombasa
103058,2025-12-22,Earbuds,4,500,Kisumu
103059,2025-01-23,Samsung A35 Case,3,300,Nakuru
103060,2025-09-06,Infinix Hot 40 Case,5,1200,Nakuru
103061,2025-05-14,Earbuds,1,2500,Nakuru
103062,2025-01-22,Tecno Spark 20 Case,1,200,Nakuru
103063,2025-05-05,samsung a16 case,2,500,Nakuru
103064,2025-08-04,Samsung A16 Case,5,2500,Nairobi
103065,2025-09-03,Samsung A35 Case,3,300,Mombasa
103066,2025-07-12,iPhone 13 Case,4,2500,Nakuru
103067,2025-02-05,iPhone 13 Case,2,800,Kisumu
103068,2025-09-24,Screen Protector,4,300,Nakuru
103069,2025-02-08,iPhone 13 Case,3,800,Kisumu
103070,2025-02-21,Power Bank,1,1200,Eldoret
103071,2025-05-26,Redmi Note 14 Case,1,300,Nairobi
103072,2025-07-03,,1,1200,Kisumu
103073,,Samsung A35 Case,4,300,Eldoret
103074,2025-08-18,Earbuds,3,500,Eldoret
103075,2025-07-17,iPhone 13 Case,3,500,Nakuru
103076,2025-09-28,Infinix Hot 40 Case,5,800,Eldoret
103077,2025-04-02,Screen Protector,2,2500,Mombasa
103078,2025-10-30,Charger,1,300,Kisumu
103079,2025-03-12,Samsung A16 Case,2,300,Nakuru
103080,2025-04-15,Samsung A35 Case,2,800,Eldoret
103081,2025-02-12,power bank,2,2500,Kisumu
103082,2025-04-04,Infinix Hot 40 Case,2,1200,Eldoret
103083,2025-03-06,earbuds,2,200,Eldoret
103084,2025-08-01,Tecno Spark 20 Case,4,1200,Nakuru
103085,2025-05-29,Samsung A35 Case,4,800,Nairobi
103086,2025-10-05,Tecno Spark 20 Case,4,300,Mombasa
103087,2025-05-09,Redmi Note 14 Case,1,2500,Mombasa
103088,2025-10-19,Earbuds,5,500,Nakuru
103089,2025-01-24,Screen Protector,4,1200,Nakuru
103090,2025-07-27,Samsung A35 Case,5,2500,Mombasa
103091,2025-01-26,Redmi Note 14 Case,2,2500,Eldoret
103092,2025-08-26,Infinix Hot 40 Case,1,-200,Nakuru
103093,2025-03-16,Infinix Hot 40 Case,3,500,Nakuru
103094,2025-10-26,Power Bank,5,1200,Nakuru
103095,,Redmi Note 14 Case,2,2500,Nairobi
103096,2025-10-22,Screen Protector,2,800,Eldoret
103097,2025-10-12,Redmi Note 14 Case,3,500,Kisumu
103098,2025-05-18,Infinix Hot 40 Case,3,300,Nakuru
103099,2025-07-23,iPhone 13 Case,2,2500,Nakuru
103100,2025-10-15,Infinix Hot 40 Case,2,300,Eldoret
103101,2025-02-25,Power Bank,5,300,Eldoret
103102,,Tecno Spark 20 Case,2,200,Eldoret
103103,2025-06-07,Charger,4,500,Eldoret
103104,2025-01-22,Earbuds,2,2500,Eldoret
103105,2025-02-18,Samsung A16 Case,1,200,Nakuru
103106,2025-12-06,samsung a16 case,5,500,Nakuru
103107,2025-12-22,Power Bank,4,1200,Nairobi
103108,2025-04-15,Tecno Spark 20 Case,2,800,Eldoret
103109,2025-12-28,Samsung A35 Case,3,200,Eldoret
103110,2025-05-14,Infinix Hot 40 Case,3,2500,Mombasa
103111,2025-08-27,iPhone 13 Case,two,200,Eldoret
103112,,Charger,3,2500,Kisumu
103113,2025-06-14,Samsung A35 Case,5,200,Kisumu
103114,2025-07-11,Redmi Note 14 Case,2,2500,Mombasa
103115,2025-03-03,Power Bank,5,1200,Mombasa
103116,2025-06-10,Screen Protector,2,2500,Mombasa
103117,2025-08-27,iPhone 13 Case,4,800,Eldoret
103118,2025-03-23,Samsung A16 Case,3,200,Nairobi
103119,2025-07-21,Infinix Hot 40 Case,4,1200,Nairobi
103120,2025-05-12,Redmi Note 14 Case,5,200,Kisumu
103121,2025-09-10,Samsung A35 Case,3,300,Nakuru
103122,2025-06-25,Earbuds,1,300,Nakuru
103123,2025-07-20,Samsung A35 Case,4,500,Kisumu
103124,2025-05-05,Samsung A35 Case,2,200,Nairobi
103125,2025-02-11,Earbuds,5,200,Nakuru
103126,2025-07-07,Screen Protector,two,200,Nairobi
103127,2025-11-21,Infinix Hot 40 Case,1,300,Nairobi
103128,2025-11-16,Infinix Hot 40 Case,1,800,Eldoret
103129,2025-10-08,Tecno Spark 20 Case,3,200,Mombasa
103130,2025-06-11,infinix hot 40 case,1,800,Kisumu
103131,2025-11-01,Power Bank,1,500,Nairobi
103132,2025-07-07,Charger,5,300,Kisumu
103133,2025-06-18,Power Bank,5,300,Mombasa
103134,2025-01-14,Infinix Hot 40 Case,4,800,Nakuru
103135,2025-09-02,Charger,2,800,Mombasa
103136,2025-02-17,Redmi Note 14 Case,5,800,Eldoret
103137,2025-07-15,Infinix Hot 40 Case,4,500,Mombasa
103138,2025-04-14,Charger,2,1200,Kisumu
103139,2025-01-29,Charger,2,300,Kisumu
103140,2025-04-16,Samsung A35 Case,2,200,Kisumu
103141,2025-10-22,Screen Protector,5,200,Kisumu
103142,2025-09-28,Tecno Spark 20 Case,4,800,Eldoret
103143,2025-11-13,Earbuds,4,300,Kisumu
103144,2025-12-09,Charger,1,300,Nairobi
103145,2025-04-20,Power Bank,1,300,Nakuru
103146,2025-08-19,Tecno Spark 20 Case,5,300,Kisumu
103147,2025-07-01,Infinix Hot 40 Case,4,200,Nairobi
103148,2025-11-29,Samsung A35 Case,1,1200,Nakuru
103149,2025-03-21,iPhone 13 Case,1,800,Mombasa
103150,2025-08-11,iPhone 13 Case,5,500,Mombasa
103151,2025-05-25,Screen Protector,1,300,Mombasa
103152,2025-05-19,Screen Protector,4,300,Mombasa
103153,2025-04-09,Charger,5,500,Kisumu
103154,2025-11-16,Samsung A16 Case,1,200,Mombasa
103155,2025-01-10,Tecno Spark 20 Case,5,1200,Mombasa
103156,2025-11-11,Redmi Note 14 Case,2,1200,Nakuru
103157,2025-07-17,Infinix Hot 40 Case,1,500,Mombasa
103158,2025-01-20,Screen Protector,1,300,Eldoret
103159,2025-10-20,Infinix Hot 40 Case,1,800,Kisumu
103160,2025-12-22,Charger,2,200,Nairobi
103161,2025-09-22,Samsung A16 Case,4,300,Nakuru
103162,2025-10-17,Redmi Note 14 Case,3,300,Kisumu
103163,2025-12-16,Infinix Hot 40 Case,2,300,Eldoret
103164,2025-12-16,earbuds,2,300,Kisumu
103165,2025-07-23,Redmi Note 14 Case,1,1200,Mombasa
103166,2025-03-13,Tecno Spark 20 Case,2,1200,Kisumu
103167,2025-01-15,Screen Protector,5,-800,Kisumu
103168,2025-01-08,Samsung A16 Case,2,2500,Nairobi
103169,2025-11-21,Earbuds,2,500,Nakuru
103170,2025-06-15,Power Bank,3,500,Nairobi
103171,2025-04-27,Samsung A16 Case,3,800,Eldoret
103172,2025-10-04,iPhone 13 Case,2,200,Kisumu
103173,2025-06-27,Earbuds,2,300,Nakuru
103174,2025-06-03,iPhone 13 Case,1,2500,Mombasa
103175,2025-04-25,samsung a35 case,2,800,Kisumu
103176,2025-11-22,Redmi Note 14 Case,4,300,Nairobi
103177,2025-04-21,Tecno Spark 20 Case,1,500,Eldoret
103178,2025-06-28,Earbuds,1,2500,Kisumu
103179,2025-11-15,Samsung A35 Case,5,500,Nairobi
103180,2025-06-02,Screen Protector,3,300,Mombasa
103181,2025-02-25,,1,500,Mombasa
103182,2025-06-08,Power Bank,2,300,Nairobi
103183,2025-06-18,iPhone 13 Case,4,1200,Kisumu
103184,2025-08-05,Samsung A16 Case,2,300,Eldoret
103185,2025-05-24,Samsung A35 Case,1,800,Kisumu
103186,2025-03-18,Samsung A35 Case,3,200,Nakuru
103187,2025-10-14,Earbuds,5,2500,Mombasa
103188,2025-11-11,Samsung A16 Case,1,300,Nairobi
103189,2025-08-18,iPhone 13 Case,2,800,Kisumu
103190,2025-04-15,Charger,1,200,Nairobi
103191,2025-11-26,Redmi Note 14 Case,4,500,Nairobi
103192,2025-05-18,Samsung A16 Case,3,2500,Mombasa
103193,2025-02-07,Infinix Hot 40 Case,4,-1200,Kisumu
103194,2025-06-12,Power Bank,2,500,Kisumu
103195,2025-09-10,Charger,1,500,Nakuru
103196,2025-10-12,Screen Protector,2,800,Kisumu
103197,2025-08-27,iPhone 13 Case,2,200,Eldoret
103198,2025-11-06,Earbuds,2,300,Eldoret
103199,2025-07-05,Tecno Spark 20 Case,2,2500,Eldoret
103200,2025-10-08,Infinix Hot 40 Case,5,500,Nairobi
103201,2025-07-19,iPhone 13 Case,4,500,Mombasa
103202,2025-08-24,Infinix Hot 40 Case,1,800,Kisumu
103203,2025-05-22,Infinix Hot 40 Case,3,200,Eldoret
103204,2025-07-09,Power Bank,5,800,Nairobi
103205,2025-06-14,iPhone 13 Case,3,800,Eldoret
103206,2025-10-18,Redmi Note 14 Case,5,2500,Nairobi
103207,2025-07-22,Samsung A16 Case,4,800,Kisumu
103208,2025-06-04,Screen Protector,4,2500,Mombasa
103209,2025-02-16,Samsung A16 Case,4,500,Nairobi
103210,2025-08-01,Samsung A16 Case,4,800,Mombasa
103211,2025-11-20,Infinix Hot 40 Case,3,1200,Nairobi
103212,2025-03-14,iPhone 13 Case,4,800,Mombasa
103213,2025-11-25,Earbuds,5,300,Nairobi
103214,2025-04-12,Redmi Note 14 Case,2,1200,Eldoret
103215,2025-02-08,Infinix Hot 40 Case,4,300,Nakuru
103216,2025-10-02,Charger,3,200,Nakuru
103217,2025-03-18,Tecno Spark 20 Case,5,300,Nakuru
103218,2025-01-28,Samsung A16 Case,5,300,Kisumu
103219,2025-09-23,Power Bank,5,300,Mombasa
103220,2025-07-20,Samsung A16 Case,1,2500,Eldoret
103221,2025-03-25,Earbuds,1,200,Kisumu
103222,2025-06-01,Power Bank,two,2500,Kisumu
103223,2025-09-08,Redmi Note 14 Case,2,200,Eldoret
103224,2025-08-12,Redmi Note 14 Case,3,800,Nairobi
103225,2025-01-03,Charger,5,800,Kisumu
103226,2025-03-25,iPhone 13 Case,3,1200,Kisumu
103227,2025-06-26,Tecno Spark 20 Case,3,200,Nakuru
103228,2025-11-03,Charger,1,2500,Kisumu
103229,2025-11-28,Charger,2,800,Nakuru
103230,2025-10-06,iPhone 13 Case,1,1200,Kisumu
103231,2025-11-14,Infinix Hot 40 Case,4,300,Mombasa
103232,2025-02-15,Power Bank,1,2500,Kisumu
103233,2025-03-16,Screen Protector,5,-2500,Nairobi
103234,2025-02-21,Charger,two,500,Nakuru
103235,2025-03-07,Screen Protector,4,200,Mombasa
103236,,Redmi Note 14 Case,1,2500,Mombasa
103237,2025-03-14,Infinix Hot 40 Case,2,200,Nairobi
103238,2025-12-09,Power Bank,5,1200,Kisumu
103239,2025-12-11,iPhone 13 Case,5,800,Nairobi
103240,2025-11-13,Power Bank,1,2500,Mombasa
103241,2025-05-11,Tecno Spark 20 Case,4,300,Mombasa
103242,2025-12-27,Tecno Spark 20 Case,2,500,Nairobi
103243,2025-01-10,Power Bank,1,200,Kisumu
103244,2025-08-07,Charger,1,500,Kisumu
103245,2025-04-23,Charger,5,500,Nairobi
103246,2025-02-26,Samsung A16 Case,5,500,Nairobi
103247,2025-04-21,Earbuds,5,800,Nakuru
103248,2025-06-07,iPhone 13 Case,4,1200,Nakuru
103249,2025-05-11,Samsung A16 Case,1,300,Kisumu
103250,2025-02-10,Earbuds,2,300,Nakuru
103251,2025-01-23,Redmi Note 14 Case,3,1200,Eldoret
103252,2025-01-09,Samsung A35 Case,5,800,Nakuru
103253,2025-11-03,Charger,4,200,Eldoret
103254,2025-02-07,Samsung A16 Case,4,200,Mombasa
103255,2025-07-10,Infinix Hot 40 Case,3,200,Mombasa
103256,2025-05-21,iPhone 13 Case,5,500,Eldoret
103257,2025-10-27,Samsung A16 Case,4,200,Nakuru
103258,,Tecno Spark 20 Case,4,500,Eldoret
103259,2025-05-08,Charger,1,300,Nakuru
103260,2025-12-22,Samsung A16 Case,4,2500,Kisumu
103261,2025-12-31,Charger,4,500,Nakuru
103262,2025-05-20,iPhone 13 Case,2,2500,Nairobi
103263,2025-08-17,Screen Protector,4,200,Eldoret
103264,2025-09-25,Earbuds,5,200,Eldoret
103265,,Samsung A16 Case,1,2500,Eldoret
103266,2025-11-02,Infinix Hot 40 Case,1,500,Eldoret
103267,2025-04-26,Samsung A35 Case,1,2500,Nakuru
103268,2025-09-14,Earbuds,1,200,Nakuru
103269,2025-11-24,Charger,5,1200,Mombasa
103270,2025-04-15,Screen Protector,3,500,Nairobi
103271,2025-10-06,Earbuds,1,2500,Nairobi
103272,2025-04-04,iPhone 13 Case,2,200,Nakuru
103273,2025-01-14,Power Bank,two,300,Mombasa
103274,2025-07-05,Earbuds,1,300,Nakuru
103275,2025-06-21,Earbuds,5,500,Kisumu
103276,2025-03-13,Screen Protector,2,300,Nakuru
103277,2025-10-10,power bank,2,500,Nakuru
103278,2025-08-03,Samsung A16 Case,1,800,Nakuru
103279,2025-01-23,Samsung A35 Case,4,2500,Nairobi
103280,2025-12-28,Samsung A35 Case,5,200,Eldoret
103281,2025-11-20,Power Bank,1,200,Kisumu
103282,2025-12-12,Charger,1,800,Nakuru
103283,2025-07-26,Infinix Hot 40 Case,5,800,Kisumu
103284,2025-07-13,Samsung A16 Case,4,500,Mombasa
103285,2025-06-01,iPhone 13 Case,5,500,Nairobi
103286,2025-07-06,Samsung A16 Case,2,200,Eldoret
103287,2025-03-14,Redmi Note 14 Case,4,800,Nakuru
103288,2025-03-06,Earbuds,1,800,Nairobi
103289,2025-05-18,Samsung A35 Case,5,2500,Nairobi
103290,2025-07-29,Samsung A16 Case,1,2500,Eldoret
103291,2025-04-14,Samsung A16 Case,4,1200,Mombasa
103292,2025-11-26,Power Bank,4,300,Eldoret
103293,2025-04-15,Charger,2,300,Nairobi
103294,2025-09-10,iPhone 13 Case,4,2500,Nakuru
103295,2025-02-06,iPhone 13 Case,3,300,Nakuru
103296,2025-10-26,Earbuds,5,800,Eldoret
103297,2025-04-11,iPhone 13 Case,4,800,Mombasa
103298,2025-08-27,Power Bank,1,300,Mombasa
103299,2025-04-02,Samsung A35 Case,5,1200,Nairobi
103300,2025-06-17,Screen Protector,4,2500,Nakuru
103301,2025-08-06,Charger,1,2500,Mombasa
103302,2025-02-26,Samsung A16 Case,2,500,Mombasa
103303,2025-11-23,Infinix Hot 40 Case,2,300,Kisumu
103304,2025-03-13,Charger,2,500,Mombasa
103305,2025-11-09,earbuds,5,200,Kisumu
103306,2025-10-14,Charger,1,1200,Nakuru
103307,2025-07-05,Infinix Hot 40 Case,3,500,Nairobi
103308,2025-10-04,Infinix Hot 40 Case,4,300,Eldoret
103309,2025-06-12,Power Bank,5,1200,Nairobi
103310,2025-12-19,,4,500,Nairobi
103311,2025-08-13,Tecno Spark 20 Case,4,1200,Nakuru
103312,2025-04-28,Screen Protector,2,2500,Eldoret
103313,2025-05-27,Screen Protector,3,2500,Nakuru
103314,2025-09-28,Redmi Note 14 Case,4,200,Nakuru
103315,2025-12-23,Infinix Hot 40 Case,4,300,Nakuru
103316,2025-01-26,Redmi Note 14 Case,2,800,Mombasa
103317,2025-05-05,Tecno Spark 20 Case,3,200,Kisumu
103318,2025-05-03,Screen Protector,5,500,Kisumu
103319,,Screen Protector,4,300,Mombasa
103320,2025-12-10,Samsung A35 Case,5,1200,Nairobi
103321,2025-10-26,Infinix Hot 40 Case,4,500,Eldoret
103322,2025-10-02,Infinix Hot 40 Case,5,500,Kisumu
103323,2025-05-02,Samsung A35 Case,3,300,Kisumu
103324,2025-06-22,Earbuds,4,2500,Eldoret
103325,2025-03-23,iPhone 13 Case,4,800,Kisumu
103326,2025-09-30,,4,800,Eldoret
103327,2025-03-02,Earbuds,3,1200,Eldoret
103328,2025-07-15,Charger,2,200,Eldoret
103329,2025-11-19,Power Bank,2,200,Mombasa
103330,2025-03-30,Infinix Hot 40 Case,1,2500,Mombasa
103331,2025-10-09,Screen Protector,3,500,Eldoret
103332,2025-03-30,iPhone 13 Case,2,2500,Eldoret
103333,2025-09-14,Power Bank,5,500,Nakuru
103334,2025-07-15,iPhone 13 Case,1,1200,Nairobi
103335,2025-11-03,Samsung A35 Case,2,500,Nairobi
103336,2025-02-25,Samsung A16 Case,2,300,Eldoret
103337,2025-04-12,Infinix Hot 40 Case,1,200,Eldoret
103338,2025-12-05,iPhone 13 Case,5,500,Eldoret
103339,2025-10-14,Tecno Spark 20 Case,4,300,Nairobi
103340,2025-08-19,Tecno Spark 20 Case,2,200,Nakuru
103341,2025-01-23,Screen Protector,5,2500,Nairobi
103342,2025-02-07,charger,1,800,Nakuru
103343,2025-10-10,Samsung A35 Case,3,1200,Mombasa
103344,2025-11-09,,two,800,Kisumu
103345,2025-11-23,Samsung A16 Case,3,200,Nairobi
103346,2025-03-20,iPhone 13 Case,5,500,Nakuru
103347,2025-12-31,Screen Protector,2,2500,Nairobi
103348,2025-12-14,Earbuds,5,200,Nakuru
103349,2025-08-22,Earbuds,4,200,Nakuru
103350,,Earbuds,2,500,Nakuru
103351,2025-07-27,iPhone 13 Case,two,1200,Nairobi
103352,2025-04-13,Charger,4,300,Eldoret
103353,2025-11-25,,3,800,Nakuru
103354,2025-03-01,Screen Protector,1,500,Kisumu
103355,2025-09-27,Tecno Spark 20 Case,2,200,Nakuru
103356,2025-01-02,iPhone 13 Case,4,300,Kisumu
103357,2025-10-07,Screen Protector,3,1200,Nakuru
103358,2025-08-10,iPhone 13 Case,3,300,Kisumu
103359,2025-03-06,Samsung A16 Case,4,1200,Eldoret
103360,2025-09-06,Tecno Spark 20 Case,1,500,Nairobi
103361,2025-11-02,Tecno Spark 20 Case,3,300,Nairobi
103362,2025-07-06,Screen Protector,1,800,Kisumu
103363,2025-02-25,Charger,2,1200,Kisumu
103364,2025-05-21,Samsung A35 Case,1,500,Kisumu
103365,2025-03-11,Earbuds,1,2500,Mombasa
103366,2025-07-17,iPhone 13 Case,5,2500,Nairobi
103367,2025-02-25,Earbuds,5,500,Nairobi
103368,2025-05-08,Earbuds,2,1200,Kisumu
103369,2025-10-19,Infinix Hot 40 Case,2,300,Eldoret
103370,2025-02-17,Power Bank,2,300,Kisumu
103371,2025-12-03,Redmi Note 14 Case,5,800,Nakuru
103372,2025-09-14,Redmi Note 14 Case,1,200,Nakuru
103373,2025-02-07,Tecno Spark 20 Case,1,300,Eldoret
103374,2025-02-28,,4,200,Eldoret
103375,2025-12-23,Infinix Hot 40 Case,1,2500,Eldoret
103376,2025-02-26,Tecno Spark 20 Case,1,200,Eldoret
103377,2025-02-25,Redmi Note 14 Case,1,800,Eldoret
103378,2025-03-10,Power Bank,1,200,Mombasa
103379,2025-10-08,Infinix Hot 40 Case,1,300,Mombasa
103380,2025-08-22,,3,200,Nakuru
103381,2025-05-27,iPhone 13 Case,4,500,Kisumu
103382,2025-01-02,Redmi Note 14 Case,1,200,Nairobi
103383,2025-03-02,Tecno Spark 20 Case,1,200,Kisumu
103384,2025-11-28,Power Bank,4,800,Nakuru
103385,2025-05-11,Charger,3,200,Nakuru
103386,2025-02-19,Charger,4,200,Kisumu
103387,2025-06-27,Charger,5,2500,Mombasa
103388,2025-06-19,Earbuds,1,500,Mombasa
103389,2025-09-04,iPhone 13 Case,4,2500,Mombasa
103390,2025-10-07,Screen Protector,5,2500,Nairobi
103391,2025-03-21,Redmi Note 14 Case,2,-200,Nakuru
103392,2025-03-29,Tecno Spark 20 Case,1,2500,Nakuru
103393,2025-07-23,Screen Protector,1,2500,Nakuru
103394,2025-03-30,Screen Protector,4,1200,Kisumu
103395,2025-09-28,,3,500,Kisumu
103396,2025-08-02,Redmi Note 14 Case,2,-1200,Nakuru
103397,2025-07-05,Infinix Hot 40 Case,3,800,Eldoret
103398,2025-10-29,Infinix Hot 40 Case,1,500,Kisumu
103399,2025-08-25,Power Bank,3,1200,Eldoret
103400,2025-11-13,Power Bank,5,300,Nakuru
103401,2025-03-21,Power Bank,4,500,Mombasa
103402,2025-11-04,Samsung A16 Case,1,500,Nakuru
103403,2025-04-22,Tecno Spark 20 Case,4,800,Eldoret
103404,2025-11-06,Redmi Note 14 Case,1,1200,Nairobi
103405,2025-11-27,Charger,3,200,Nakuru
103406,2025-04-27,Screen Protector,3,500,Nakuru
103407,2025-10-10,Samsung A16 Case,5,2500,Kisumu
103408,,Earbuds,3,800,Nairobi
103409,2025-12-02,Tecno Spark 20 Case,5,300,Nakuru
103410,2025-08-16,Screen Protector,3,300,Eldoret
103411,2025-03-22,Redmi Note 14 Case,5,300,Eldoret
103412,2025-05-30,Earbuds,2,800,Eldoret
103413,2025-12-22,Samsung A35 Case,3,1200,Nairobi
103414,2025-11-18,Redmi Note 14 Case,1,2500,Mombasa
103415,2025-03-26,Samsung A35 Case,5,200,Kisumu
103416,2025-07-08,Charger,3,300,Nakuru
103417,2025-04-16,Redmi Note 14 Case,4,500,Nakuru
103418,2025-05-06,Redmi Note 14 Case,2,1200,Kisumu
103419,2025-11-09,Power Bank,1,500,Nairobi
103420,2025-06-07,Tecno Spark 20 Case,4,1200,Nairobi
103421,2025-10-02,Power Bank,1,500,Nairobi
103422,2025-02-23,Power Bank,2,1200,Kisumu
103423,2025-03-28,Tecno Spark 20 Case,2,300,Mombasa
103424,2025-08-30,Infinix Hot 40 Case,3,200,Nairobi
103425,2025-03-21,Redmi Note 14 Case,3,200,Kisumu
103426,,Infinix Hot 40 Case,5,2500,Mombasa
103427,2025-02-16,Screen Protector,4,1200,Nakuru
103428,2025-04-17,Power Bank,3,200,Nairobi
103429,2025-05-03,Charger,2,2500,Nakuru
103430,2025-04-17,Screen Protector,1,200,Kisumu
103431,2025-02-19,iPhone 13 Case,1,800,Nakuru
103432,2025-01-23,iPhone 13 Case,5,500,Mombasa
103433,2025-02-28,Earbuds,4,500,Kisumu
103434,2025-11-10,Earbuds,1,200,Nakuru
103435,2025-03-31,Charger,4,1200,Kisumu
103436,2025-09-14,Screen Protector,5,500,Kisumu
103437,2025-01-21,Samsung A16 Case,4,300,Nairobi
103438,2025-06-20,Redmi Note 14 Case,4,500,Eldoret
103439,2025-04-23,Samsung A35 Case,4,300,Eldoret
103440,2025-11-16,iPhone 13 Case,5,800,Nairobi
103441,2025-01-28,Power Bank,5,800,Mombasa
103442,2025-02-20,iPhone 13 Case,5,800,Nakuru
103443,2025-03-20,Redmi Note 14 Case,1,800,Nairobi
103444,2025-03-15,Power Bank,2,300,Nakuru
103445,2025-05-09,Redmi Note 14 Case,3,1200,Kisumu
103446,2025-07-05,Redmi Note 14 Case,3,800,Nakuru
103447,2025-01-01,Power Bank,3,500,Eldoret
103448,2025-10-20,iPhone 13 Case,3,1200,Nakuru
103449,2025-03-30,Tecno Spark 20 Case,1,800,Nairobi
103450,2025-07-08,Samsung A35 Case,5,300,Mombasa
103451,2025-12-12,Infinix Hot 40 Case,two,200,Kisumu
103452,2025-09-27,Tecno Spark 20 Case,2,500,Eldoret
103453,2025-06-25,Tecno Spark 20 Case,3,1200,Nakuru
103454,2025-08-21,Screen Protector,4,1200,Kisumu
103455,2025-08-17,iPhone 13 Case,3,1200,Kisumu
103456,2025-10-09,Redmi Note 14 Case,1,300,Kisumu
103457,2025-08-15,Infinix Hot 40 Case,3,200,Nakuru
103458,2025-01-29,Charger,4,500,Eldoret
103459,2025-09-01,Tecno Spark 20 Case,two,2500,Eldoret
103460,2025-05-27,Samsung A16 Case,1,2500,Kisumu
103461,,Charger,1,200,Nakuru
103462,2025-05-22,Tecno Spark 20 Case,4,200,Nakuru
103463,2025-11-29,Charger,1,800,Mombasa
103464,2025-02-24,Power Bank,3,2500,Nakuru
103465,2025-06-10,Screen Protector,5,1200,Nakuru
103466,2025-07-17,Screen Protector,1,2500,Eldoret
103467,2025-12-19,Power Bank,5,800,Nakuru
103468,2025-05-18,Power Bank,2,200,Nairobi
103469,2025-03-18,Samsung A16 Case,3,500,Eldoret
103470,2025-02-21,Infinix Hot 40 Case,2,200,Nairobi
103471,2025-03-28,iPhone 13 Case,5,1200,Kisumu
103472,2025-08-13,Samsung A35 Case,2,200,Mombasa
103473,2025-09-05,Earbuds,5,500,Eldoret
103474,2025-03-02,Screen Protector,4,2500,Eldoret
103475,2025-07-08,Redmi Note 14 Case,4,300,Nairobi
103476,,Samsung A35 Case,5,200,Mombasa
103477,,Tecno Spark 20 Case,4,1200,Nakuru
103478,2025-05-12,Screen Protector,2,1200,Nairobi
103479,2025-05-01,Screen Protector,5,2500,Nakuru
103480,2025-05-02,Samsung A35 Case,2,200,Eldoret
103481,2025-09-17,Redmi Note 14 Case,2,200,Nakuru
103482,2025-10-16,Charger,4,1200,Mombasa
103483,2025-06-22,Samsung A16 Case,2,300,Nakuru
103484,2025-03-03,Infinix Hot 40 Case,4,300,Kisumu
103485,2025-01-12,samsung a16 case,1,300,Nairobi
103486,2025-11-25,Screen Protector,3,800,Kisumu
103487,2025-04-25,Redmi Note 14 Case,2,200,Nairobi
103488,2025-04-16,Screen Protector,3,300,Nakuru
103489,2025-11-30,Tecno Spark 20 Case,5,-500,Eldoret
103490,2025-08-14,iPhone 13 Case,1,300,Nairobi
103491,2025-05-21,Redmi Note 14 Case,2,1200,Nairobi
103492,2025-05-27,iPhone 13 Case,1,2500,Nairobi
103493,2025-07-22,Screen Protector,1,1200,Kisumu
103494,2025-06-16,Earbuds,4,300,Nakuru
103495,2025-01-09,Earbuds,1,200,Mombasa
103496,2025-09-15,infinix hot 40 case,3,2500,Nakuru
103497,2025-01-20,Redmi Note 14 Case,2,200,Eldoret
103498,,iPhone 13 Case,1,800,Nairobi
103499,2025-03-30,Infinix Hot 40 Case,4,2500,Nairobi
103500,2025-03-25,Screen Protector,3,500,Nakuru
103501,2025-12-04,Tecno Spark 20 Case,2,800,Eldoret
103502,2025-09-21,iPhone 13 Case,1,1200,Mombasa
103503,2025-05-01,Samsung A16 Case,1,500,Eldoret
103504,2025-06-22,Earbuds,4,2500,Mombasa
103505,2025-05-08,Infinix Hot 40 Case,2,2500,Mombasa
103506,2025-12-21,Screen Protector,5,200,Nairobi
103507,2025-01-31,Power Bank,5,800,Kisumu
103508,2025-01-11,Power Bank,1,2500,Kisumu
103509,2025-07-07,Tecno Spark 20 Case,2,500,Nairobi
103510,2025-04-26,Tecno Spark 20 Case,4,2500,Eldoret
103511,2025-02-02,Charger,2,2500,Kisumu
103512,2025-03-09,iPhone 13 Case,3,800,Eldoret
103513,2025-05-05,Redmi Note 14 Case,3,500,Nakuru
103514,2025-04-07,Infinix Hot 40 Case,3,1200,Nairobi
103515,2025-10-05,Samsung A16 Case,1,200,Nakuru
103516,2025-10-10,iPhone 13 Case,1,800,Nairobi
103517,2025-10-28,Earbuds,2,1200,Eldoret
103518,2025-05-03,Earbuds,1,200,Nakuru
103519,2025-07-23,Samsung A35 Case,1,1200,Nairobi
103520,2025-03-21,iPhone 13 Case,2,200,Kisumu
103521,2025-12-04,Samsung A35 Case,1,500,Nakuru
103522,2025-05-16,,3,300,Nakuru
103523,2025-01-25,Charger,2,1200,Nairobi
103524,2025-07-02,Charger,3,300,Nairobi
103525,2025-06-27,Tecno Spark 20 Case,5,200,Mombasa
103526,2025-04-21,Samsung A16 Case,2,1200,Nakuru
103527,2025-08-19,Samsung A16 Case,1,2500,Nairobi
103528,,Earbuds,5,200,Eldoret
103529,2025-06-09,Redmi Note 14 Case,3,800,Eldoret
103530,2025-01-29,Tecno Spark 20 Case,4,200,Nairobi
103531,2025-08-17,Samsung A35 Case,3,200,Mombasa
103532,2025-09-26,Charger,5,800,Nairobi
103533,2025-06-18,Power Bank,3,500,Eldoret
103534,2025-02-02,Tecno Spark 20 Case,1,2500,Kisumu
103535,2025-02-19,Charger,4,200,Kisumu
103536,2025-07-29,Samsung A35 Case,2,1200,Eldoret
103537,2025-02-08,iPhone 13 Case,3,800,Mombasa
103538,2025-06-22,iPhone 13 Case,1,300,Kisumu
103539,2025-02-15,iphone 13 case,3,1200,Kisumu
103540,2025-05-22,Samsung A35 Case,3,2500,Mombasa
103541,2025-08-30,Tecno Spark 20 Case,5,1200,Eldoret
103542,2025-02-23,Samsung A16 Case,2,200,Mombasa
103543,2025-11-29,,1,300,Eldoret
103544,2025-07-02,Earbuds,5,1200,Eldoret
103545,2025-03-27,iPhone 13 Case,1,2500,Nakuru
103546,2025-04-10,Redmi Note 14 Case,1,200,Kisumu
103547,2025-09-15,iPhone 13 Case,2,1200,Nairobi
103548,2025-05-03,Power Bank,3,1200,Mombasa
103549,2025-05-16,Redmi Note 14 Case,3,200,Eldoret
103550,2025-09-25,Samsung A16 Case,4,1200,Nairobi
103551,2025-04-05,Infinix Hot 40 Case,5,200,Kisumu
103552,2025-09-11,Redmi Note 14 Case,5,1200,Kisumu
103553,2025-03-22,Earbuds,1,2500,Nairobi
103554,2025-03-30,iPhone 13 Case,3,1200,Nairobi
103555,2025-11-18,Samsung A35 Case,2,1200,Eldoret
103556,2025-07-26,Screen Protector,5,-1200,Kisumu
103557,2025-10-15,Screen Protector,5,2500,Mombasa
103558,2025-07-19,Redmi Note 14 Case,3,300,Mombasa
103559,2025-06-03,Samsung A16 Case,2,200,Eldoret
103560,2025-06-06,Tecno Spark 20 Case,5,1200,Nairobi
103561,2025-09-14,Infinix Hot 40 Case,3,500,Nakuru
103562,2025-08-16,Infinix Hot 40 Case,3,500,Eldoret
103563,2025-12-15,Samsung A35 Case,2,500,Mombasa
103564,2025-11-12,Tecno Spark 20 Case,1,1200,Mombasa
103565,2025-11-26,Samsung A35 Case,4,200,Kisumu
103566,2025-05-27,Samsung A16 Case,3,800,Nakuru
103567,2025-10-26,Earbuds,1,200,Nakuru
103568,2025-08-23,Samsung A16 Case,3,1200,Nairobi
103569,2025-03-31,Samsung A35 Case,4,200,Nairobi
103570,2025-03-25,Tecno Spark 20 Case,5,200,Kisumu
103571,2025-01-05,Earbuds,5,2500,Mombasa
103572,2025-04-01,Earbuds,4,800,Eldoret
103573,,Power Bank,4,2500,Kisumu
103574,2025-07-30,Power Bank,1,1200,Eldoret
103575,2025-03-18,Power Bank,4,2500,Nakuru
103576,2025-11-06,Earbuds,2,1200,Mombasa
103577,2025-10-06,Charger,3,2500,Nakuru
103578,2025-08-06,Charger,2,1200,Eldoret
103579,2025-07-08,Tecno Spark 20 Case,5,500,Mombasa
103580,2025-11-02,Earbuds,4,500,Nakuru
103581,2025-09-14,Samsung A16 Case,5,300,Kisumu
103582,2025-02-09,Samsung A35 Case,3,200,Mombasa
103583,2025-07-02,Samsung A35 Case,3,500,Mombasa
103584,2025-07-07,Samsung A16 Case,4,500,Eldoret
103585,2025-05-17,iPhone 13 Case,2,300,Eldoret
103586,2025-12-02,Charger,5,1200,Nakuru
103587,,Tecno Spark 20 Case,3,500,Nairobi
103588,2025-01-28,Redmi Note 14 Case,4,1200,Eldoret
103589,2025-02-25,Samsung A35 Case,2,500,Eldoret
103590,2025-10-15,Tecno Spark 20 Case,2,200,Nakuru
103591,2025-10-08,Screen Protector,4,-800,Mombasa
103592,2025-07-08,Samsung A35 Case,2,300,Kisumu
103593,2025-09-06,Power Bank,two,200,Eldoret
103594,2025-06-13,Power Bank,1,800,Nakuru
103595,2025-10-21,Samsung A16 Case,1,300,Nakuru
103596,2025-11-13,Redmi Note 14 Case,1,1200,Eldoret
103597,2025-01-18,Power Bank,2,800,Nairobi
103598,2025-03-21,Tecno Spark 20 Case,5,500,Mombasa
103599,2025-07-07,Samsung A35 Case,5,200,Nairobi
103600,2025-07-18,Charger,1,-300,Nakuru
103601,2025-10-15,Earbuds,3,200,Nakuru
103602,2025-09-26,Samsung A16 Case,5,2500,Nairobi
103603,2025-11-17,Samsung A35 Case,5,1200,Eldoret
103604,2025-09-07,Tecno Spark 20 Case,3,300,Nairobi
103605,2025-04-11,Redmi Note 14 Case,3,1200,Nairobi
103606,2025-05-21,Redmi Note 14 Case,2,300,Eldoret
103607,2025-07-17,Samsung A16 Case,4,200,Nakuru
103608,2025-06-21,Charger,4,2500,Kisumu
103609,2025-05-31,Tecno Spark 20 Case,3,2500,Mombasa
103610,2025-03-27,Power Bank,5,1200,Eldoret
103611,2025-01-21,iPhone 13 Case,1,500,Mombasa
103612,2025-02-02,Samsung A16 Case,4,300,Nairobi
103613,2025-01-03,Charger,3,800,Eldoret
103614,2025-08-15,Charger,4,2500,Nairobi
103615,2025-11-09,Samsung A35 Case,4,2500,Eldoret
103616,2025-05-24,Redmi Note 14 Case,5,200,Eldoret
103617,2025-08-22,Samsung A16 Case,5,800,Nakuru
103618,2025-11-21,Samsung A35 Case,5,800,Mombasa
103619,2025-12-14,Samsung A35 Case,2,800,Eldoret
103620,2025-06-04,Power Bank,3,300,Kisumu
103621,2025-08-19,Power Bank,1,500,Eldoret
103622,2025-11-12,Earbuds,2,200,Mombasa
103623,2025-08-05,Samsung A16 Case,5,500,Nairobi
103624,2025-12-19,Redmi Note 14 Case,5,500,Mombasa
103625,2025-04-17,Charger,2,200,Nairobi
103626,2025-08-14,Screen Protector,2,2500,Eldoret
103627,2025-09-02,Tecno Spark 20 Case,3,2500,Nakuru
103628,2025-03-17,tecno spark 20 case,3,500,Nakuru
103629,2025-11-13,Earbuds,4,200,Eldoret
103630,2025-11-20,Earbuds,1,800,Eldoret
103631,2025-04-24,Power Bank,4,2500,Kisumu
103632,2025-06-15,Samsung A16 Case,5,200,Mombasa
103633,2025-08-17,Samsung A35 Case,1,2500,Eldoret
103634,2025-07-25,iPhone 13 Case,1,2500,Nairobi
103635,2025-10-18,Redmi Note 14 Case,2,1200,Eldoret
103636,2025-06-12,Redmi Note 14 Case,3,300,Nakuru
103637,2025-04-21,Screen Protector,5,500,Nairobi
103638,2025-05-24,Samsung A16 Case,2,1200,Kisumu
103639,2025-06-13,,1,2500,Nairobi
103640,2025-10-25,Screen Protector,1,800,Nakuru
103641,2025-10-23,Charger,3,500,Eldoret
103642,2025-06-14,Samsung A16 Case,2,300,Kisumu
103643,2025-07-02,Power Bank,two,200,Mombasa
103644,2025-04-17,Samsung A16 Case,2,300,Kisumu
103645,2025-07-03,,4,200,Nairobi
103646,2025-05-14,iPhone 13 Case,4,800,Eldoret
103647,2025-07-21,Samsung A35 Case,2,300,Kisumu
103648,2025-11-20,Samsung A35 Case,1,300,Nairobi
103649,2025-09-21,Samsung A35 Case,3,-200,Mombasa
103650,2025-10-23,Power Bank,3,200,Mombasa
103651,2025-07-13,Samsung A16 Case,5,300,Eldoret
103652,2025-01-04,Samsung A35 Case,1,800,Nairobi
103653,2025-06-15,Redmi Note 14 Case,2,500,Kisumu
103654,2025-01-17,Samsung A16 Case,4,500,Mombasa
103655,2025-01-31,Power Bank,5,2500,Eldoret
103656,2025-07-26,Tecno Spark 20 Case,3,-300,Mombasa
103657,2025-04-11,Samsung A16 Case,1,200,Eldoret
103658,2025-09-04,Tecno Spark 20 Case,3,800,Nakuru
103659,2025-06-22,Redmi Note 14 Case,3,800,Mombasa
103660,2025-12-25,iPhone 13 Case,5,2500,Kisumu
103661,2025-01-21,power bank,4,500,Mombasa
103662,2025-04-07,Tecno Spark 20 Case,3,500,Eldoret
103663,2025-02-24,Infinix Hot 40 Case,5,800,Mombasa
103664,2025-07-12,Redmi Note 14 Case,3,1200,Nairobi
103665,2025-03-29,Screen Protector,1,800,Kisumu
103666,2025-10-30,Earbuds,3,2500,Mombasa
103667,2025-05-19,Samsung A35 Case,3,200,Eldoret
103668,2025-05-15,Earbuds,1,200,Mombasa
103669,2025-04-06,Redmi Note 14 Case,1,1200,Eldoret
103670,2025-01-26,Infinix Hot 40 Case,5,500,Eldoret
103671,2025-12-15,Power Bank,4,2500,Nairobi
103672,2025-11-23,Earbuds,two,2500,Eldoret
103673,2025-02-20,Charger,1,800,Nairobi
103674,2025-03-08,Earbuds,1,300,Nakuru
103675,2025-06-04,Power Bank,5,200,Nakuru
103676,2025-05-22,Earbuds,4,1200,Eldoret
103677,2025-04-19,Charger,4,2500,Mombasa
103678,2025-06-10,iPhone 13 Case,3,1200,Eldoret
103679,2025-01-29,Power Bank,5,-2500,Eldoret
103680,2025-07-26,Tecno Spark 20 Case,2,2500,Eldoret
103681,2025-04-15,Screen Protector,1,200,Nairobi
103682,2025-08-24,Screen Protector,5,-2500,Eldoret
103683,2025-06-21,Charger,2,500,Nakuru
103684,2025-06-06,iPhone 13 Case,2,800,Nairobi
103685,2025-05-27,Samsung A35 Case,2,2500,Nakuru
103686,2025-05-11,Charger,2,800,Kisumu
103687,2025-11-23,Earbuds,3,300,Nakuru
103688,2025-07-09,Samsung A16 Case,4,1200,Nairobi
103689,2025-01-24,Power Bank,4,800,Nakuru
103690,2025-05-08,Samsung A16 Case,5,800,Nairobi
103691,2025-05-13,Charger,5,2500,Nakuru
103692,2025-06-07,Samsung A35 Case,5,300,Nairobi
103693,2025-07-30,Infinix Hot 40 Case,2,1200,Nairobi
103694,2025-08-10,Infinix Hot 40 Case,3,1200,Eldoret
103695,2025-06-07,Samsung A16 Case,3,500,Nairobi
103696,2025-05-02,iPhone 13 Case,3,1200,Kisumu
103697,2025-02-18,Earbuds,1,200,Mombasa
103698,2025-10-24,Samsung A16 Case,2,1200,Mombasa
103699,2025-05-07,Infinix Hot 40 Case,5,1200,Mombasa
103700,2025-04-01,Screen Protector,3,800,Nakuru
103701,2025-11-16,Samsung A35 Case,2,1200,Mombasa
103702,2025-07-10,Tecno Spark 20 Case,5,500,Nakuru
103703,2025-03-02,Screen Protector,two,200,Eldoret
103704,2025-05-29,Charger,4,500,Eldoret
103705,2025-01-02,Redmi Note 14 Case,2,200,Mombasa
103706,2025-07-13,Samsung A16 Case,2,500,Nairobi
103707,2025-12-02,Charger,3,800,Mombasa
103708,2025-12-09,Screen Protector,1,300,Nakuru
103709,2025-07-31,Earbuds,1,2500,Eldoret
103710,2025-12-28,Charger,3,1200,Nakuru
103711,2025-09-30,Screen Protector,2,200,Nakuru
103712,2025-10-06,,4,800,Kisumu
103713,2025-01-02,Earbuds,3,300,Mombasa
103714,,Samsung A35 Case,4,200,Nakuru
103715,2025-05-21,Earbuds,4,500,Kisumu
103716,2025-08-24,Infinix Hot 40 Case,2,2500,Mombasa
103717,2025-01-31,Redmi Note 14 Case,2,800,Kisumu
103718,2025-01-21,Samsung A16 Case,2,300,Kisumu
103719,2025-10-06,Power Bank,3,800,Eldoret
103720,2025-01-29,Samsung A35 Case,1,800,Nairobi
103721,2025-06-11,Charger,5,800,Kisumu
103722,2025-03-02,charger,5,2500,Nairobi
103723,2025-12-30,Tecno Spark 20 Case,2,500,Eldoret
103724,2025-09-06,Infinix Hot 40 Case,5,200,Nakuru
103725,2025-01-21,Redmi Note 14 Case,3,300,Nakuru
103726,2025-12-10,Earbuds,2,500,Nakuru
103727,2025-01-12,Samsung A35 Case,1,200,Mombasa
103728,2025-07-11,Charger,2,300,Kisumu
103729,2025-01-26,Samsung A35 Case,3,800,Mombasa
103730,2025-02-02,Infinix Hot 40 Case,5,-500,Mombasa
103731,2025-07-12,Charger,4,500,Nakuru
103732,2025-09-06,Charger,3,200,Eldoret
103733,2025-02-26,Power Bank,4,1200,Mombasa
103734,2025-04-02,Samsung A16 Case,1,500,Eldoret
103735,2025-11-22,Power Bank,4,1200,Eldoret
103736,2025-03-27,Power Bank,two,800,Nairobi
103737,2025-06-29,Screen Protector,4,2500,Kisumu
103738,2025-06-24,Screen Protector,3,1200,Kisumu
103739,2025-04-15,Infinix Hot 40 Case,2,500,Mombasa
103740,2025-09-20,Redmi Note 14 Case,1,200,Kisumu
103741,2025-12-06,Charger,2,300,Nairobi
103742,2025-03-16,Tecno Spark 20 Case,2,200,Nakuru
103743,2025-10-09,Samsung A16 Case,2,1200,Mombasa
103744,2025-11-15,Power Bank,1,2500,Nakuru
103745,2025-07-05,Charger,2,800,Eldoret
103746,2025-12-01,Charger,2,300,Nairobi
103747,2025-04-03,Redmi Note 14 Case,1,500,Nakuru
103748,2025-01-17,Screen Protector,4,200,Nairobi
103749,2025-04-24,Tecno Spark 20 Case,4,200,Mombasa
103750,2025-10-19,iPhone 13 Case,3,200,Nairobi
103751,2025-04-05,Tecno Spark 20 Case,2,800,Eldoret
103752,2025-09-03,Tecno Spark 20 Case,5,800,Eldoret
103753,2025-09-11,Redmi Note 14 Case,5,2500,Nairobi
103754,2025-11-27,Samsung A35 Case,5,500,Mombasa
103755,2025-11-04,Redmi Note 14 Case,2,1200,Mombasa
103756,2025-07-07,Charger,1,800,Kisumu
103757,2025-08-23,Samsung A35 Case,2,300,Nairobi
103758,2025-11-28,Earbuds,1,500,Nairobi
103759,2025-11-20,Tecno Spark 20 Case,4,300,Eldoret
103760,2025-04-25,Redmi Note 14 Case,1,300,Kisumu
103761,2025-08-16,Samsung A35 Case,2,300,Nairobi
103762,2025-09-02,Samsung A16 Case,2,2500,Nakuru
103763,2025-01-16,Redmi Note 14 Case,3,-300,Mombasa
103764,2025-04-20,Screen Protector,4,500,Kisumu
103765,2025-03-07,Samsung A35 Case,1,800,Nairobi
103766,2025-11-06,Power Bank,1,300,Kisumu
103767,2025-03-26,Infinix Hot 40 Case,3,200,Nairobi
103768,2025-11-20,Power Bank,1,2500,Nairobi
103769,2025-05-03,Samsung A35 Case,2,200,Mombasa
103770,2025-03-02,Power Bank,two,500,Nakuru
103771,2025-12-20,Tecno Spark 20 Case,1,800,Eldoret
103772,2025-09-15,Screen Protector,5,2500,Kisumu
103773,2025-07-16,Screen Protector,4,2500,Nakuru
103774,,Infinix Hot 40 Case,3,800,Kisumu
103775,,Tecno Spark 20 Case,1,1200,Eldoret
103776,2025-05-30,Tecno Spark 20 Case,3,300,Kisumu
103777,2025-07-27,Samsung A16 Case,2,1200,Kisumu
103778,2025-08-22,Samsung A35 Case,5,500,Eldoret
103779,2025-09-23,Infinix Hot 40 Case,1,1200,Kisumu
103780,2025-07-10,Power Bank,3,500,Mombasa
103781,2025-11-15,iPhone 13 Case,1,500,Nairobi
103782,2025-11-03,Tecno Spark 20 Case,2,1200,Mombasa
103783,2025-05-12,Redmi Note 14 Case,3,500,Mombasa
103784,2025-06-29,Samsung A16 Case,3,300,Eldoret
103785,,,4,2500,Kisumu
103786,2025-06-20,Infinix Hot 40 Case,3,1200,Kisumu
103787,2025-01-19,Earbuds,2,200,Mombasa
103788,2025-04-05,Charger,1,200,Mombasa
103789,2025-03-22,iPhone 13 Case,3,2500,Kisumu
103790,2025-12-21,Samsung A16 Case,5,500,Nakuru
103791,2025-11-17,Earbuds,4,-800,Mombasa
103792,2025-10-01,Charger,2,500,Kisumu
103793,2025-11-07,Screen Protector,4,200,Kisumu
103794,2025-05-14,Power Bank,1,200,Eldoret
103795,2025-02-20,Earbuds,3,1200,Kisumu
103796,2025-10-08,Redmi Note 14 Case,1,500,Nairobi
103797,,Samsung A35 Case,5,1200,Nakuru
103798,2025-11-08,tecno spark 20 case,4,200,Eldoret
103799,2025-04-30,Redmi Note 14 Case,1,1200,Kisumu
103800,2025-05-02,Charger,4,300,Eldoret
103801,2025-10-14,,4,2500,Nakuru
103802,2025-09-30,Screen Protector,2,1200,Nakuru
103803,2025-07-29,Earbuds,2,200,Eldoret
103804,2025-07-19,Power Bank,5,1200,Nairobi
103805,2025-08-04,Screen Protector,3,2500,Kisumu
103806,2025-02-04,Samsung A35 Case,1,300,Nakuru
103807,2025-06-14,Infinix Hot 40 Case,5,300,Nairobi
103808,2025-08-17,Earbuds,2,2500,Nairobi
103809,2025-01-01,Infinix Hot 40 Case,1,300,Nairobi
103810,2025-12-25,Power Bank,2,800,Mombasa
103811,2025-09-20,Charger,5,1200,Nairobi
103812,2025-09-09,Samsung A16 Case,4,200,Mombasa
103813,2025-10-31,Charger,4,300,Kisumu
103814,2025-04-22,Samsung A35 Case,3,300,Mombasa
103815,2025-08-27,Charger,4,1200,Kisumu
103816,2025-10-25,Samsung A16 Case,5,300,Eldoret
103817,2025-02-03,Tecno Spark 20 Case,5,-500,Nairobi
103818,2025-09-28,Power Bank,1,300,Kisumu
103819,2025-08-15,Tecno Spark 20 Case,1,300,Nakuru
103820,2025-02-28,Power Bank,3,2500,Nairobi
103821,2025-09-08,Samsung A16 Case,4,1200,Eldoret
103822,2025-03-12,Infinix Hot 40 Case,1,1200,Eldoret
103823,2025-04-03,Charger,5,500,Mombasa
103824,2025-03-10,Infinix Hot 40 Case,4,2500,Mombasa
103825,,iPhone 13 Case,3,200,Kisumu
103826,2025-04-24,Redmi Note 14 Case,2,1200,Kisumu
103827,2025-11-14,Infinix Hot 40 Case,5,500,Nairobi
103828,2025-10-20,Earbuds,5,1200,Mombasa
103829,2025-10-18,Earbuds,4,800,Mombasa
103830,2025-08-10,Screen Protector,2,300,Mombasa
103831,2025-09-01,Redmi Note 14 Case,4,200,Nakuru
103832,2025-06-03,Tecno Spark 20 Case,1,200,Eldoret
103833,2025-01-08,iPhone 13 Case,5,-2500,Nakuru
103834,2025-06-08,Redmi Note 14 Case,3,300,Eldoret
103835,,Screen Protector,4,500,Nairobi
103836,2025-03-15,Earbuds,4,800,Nakuru
103837,2025-12-23,Samsung A35 Case,1,800,Mombasa
103838,2025-07-01,Samsung A35 Case,2,2500,Eldoret
103839,2025-07-22,Tecno Spark 20 Case,5,300,Eldoret
103840,2025-04-03,Earbuds,1,800,Nairobi
103841,2025-06-25,Earbuds,2,500,Nakuru
103842,2025-07-03,Samsung A35 Case,1,200,Nairobi
103843,2025-08-25,Infinix Hot 40 Case,1,300,Nairobi
103844,2025-09-22,Tecno Spark 20 Case,3,2500,Eldoret
103845,2025-04-24,power bank,3,500,Nairobi
103846,2025-05-05,Screen Protector,4,1200,Mombasa
103847,2025-09-07,Samsung A35 Case,2,1200,Mombasa
103848,2025-09-12,Samsung A16 Case,5,300,Kisumu
103849,2025-01-20,Power Bank,2,800,Eldoret
103850,2025-04-02,,5,1200,Nakuru
103851,2025-09-10,Earbuds,4,800,Kisumu
103852,2025-12-21,Tecno Spark 20 Case,5,2500,Nakuru
103853,2025-06-27,Power Bank,1,1200,Eldoret
103854,2025-12-25,Charger,2,200,Nairobi
103855,2025-07-09,Charger,5,800,Eldoret
103856,2025-09-14,Tecno Spark 20 Case,4,2500,Eldoret
103857,,Screen Protector,3,500,Eldoret
103858,2025-07-27,Screen Protector,3,500,Nairobi
103859,2025-12-09,Earbuds,2,500,Nakuru
103860,2025-03-23,Earbuds,2,1200,Kisumu
103861,2025-11-10,Power Bank,2,500,Nairobi
103862,2025-05-02,Redmi Note 14 Case,4,500,Mombasa
103863,2025-11-07,Screen Protector,two,500,Eldoret
103864,2025-02-27,Earbuds,4,500,Nairobi
103865,2025-11-04,samsung a35 case,1,2500,Eldoret
103866,2025-10-07,Redmi Note 14 Case,1,2500,Mombasa
103867,2025-04-04,Infinix Hot 40 Case,5,500,Nakuru
103868,2025-12-02,Charger,4,1200,Nairobi
103869,2025-12-22,Infinix Hot 40 Case,5,2500,Nakuru
103870,2025-09-02,Power Bank,5,300,Kisumu
103871,2025-06-27,Earbuds,5,800,Mombasa
103872,2025-03-13,Earbuds,3,200,Nairobi
103873,2025-12-07,Samsung A16 Case,1,300,Kisumu
103874,2025-04-17,Power Bank,4,1200,Mombasa
103875,2025-08-07,Samsung A16 Case,2,1200,Kisumu
103876,2025-01-31,Tecno Spark 20 Case,4,300,Kisumu
103877,2025-04-18,Infinix Hot 40 Case,5,2500,Eldoret
103878,2025-09-29,Samsung A16 Case,3,800,Nairobi
103879,2025-11-25,Screen Protector,2,200,Mombasa
103880,2025-09-25,Earbuds,3,500,Nairobi
103881,2025-02-10,Earbuds,5,1200,Nairobi
103882,2025-02-28,Earbuds,1,200,Mombasa
103883,2025-07-11,Infinix Hot 40 Case,1,800,Eldoret
103884,2025-03-21,Screen Protector,5,1200,Kisumu
103885,,Earbuds,1,800,Kisumu
103886,2025-12-03,iPhone 13 Case,3,200,Nakuru
103887,2025-08-09,Power Bank,4,2500,Mombasa
103888,2025-07-04,Charger,2,500,Nakuru
103889,2025-08-30,iPhone 13 Case,2,300,Nairobi
103890,2025-05-19,Tecno Spark 20 Case,3,500,Kisumu
103891,2025-03-13,Redmi Note 14 Case,3,300,Nakuru
103892,2025-03-18,Power Bank,5,500,Nakuru
103893,2025-12-09,Samsung A16 Case,4,200,Nairobi
103894,2025-08-10,Charger,4,2500,Mombasa
103895,2025-06-21,Charger,4,1200,Nakuru
103896,2025-10-08,Earbuds,4,500,Eldoret
103897,2025-08-26,Power Bank,5,-2500,Mombasa
103898,2025-10-07,Tecno Spark 20 Case,3,500,Nakuru
103899,2025-08-16,Charger,3,200,Eldoret
103900,2025-04-22,Samsung A35 Case,3,800,Eldoret
103901,2025-12-24,Samsung A16 Case,3,1200,Mombasa
103902,2025-10-31,Infinix Hot 40 Case,5,1200,Mombasa
103903,2025-06-19,Earbuds,5,1200,Mombasa
103904,2025-01-14,Charger,5,800,Mombasa
103905,2025-05-14,Power Bank,5,1200,Mombasa
103906,2025-01-18,Redmi Note 14 Case,4,2500,Eldoret
103907,2025-07-06,Power Bank,1,800,Eldoret
103908,2025-08-31,iPhone 13 Case,4,500,Eldoret
103909,2025-08-03,Samsung A35 Case,3,800,Eldoret
103910,2025-03-31,Tecno Spark 20 Case,4,800,Mombasa
103911,2025-01-08,Earbuds,3,200,Mombasa
103912,2025-05-11,Samsung A16 Case,5,800,Kisumu
103913,2025-05-22,,4,300,Kisumu
103914,2025-04-21,Earbuds,3,300,Eldoret
103915,2025-06-17,Power Bank,3,500,Nairobi
103916,2025-01-05,iPhone 13 Case,5,200,Kisumu
103917,2025-07-24,Redmi Note 14 Case,3,1200,Mombasa
103918,2025-01-08,Infinix Hot 40 Case,1,800,Nairobi
103919,2025-07-25,Charger,5,500,Eldoret
103920,2025-08-16,Samsung A16 Case,3,800,Nakuru
103921,2025-08-27,Charger,3,1200,Eldoret
103922,2025-02-14,iPhone 13 Case,1,800,Mombasa
103923,2025-10-08,Power Bank,2,1200,Eldoret
103924,2025-02-13,Power Bank,1,2500,Nakuru
103925,2025-05-22,Charger,1,300,Kisumu
103926,2025-05-15,Power Bank,1,500,Mombasa
103927,2025-02-24,Redmi Note 14 Case,5,200,Nairobi
103928,2025-02-25,Earbuds,1,300,Nakuru
103929,,Samsung A35 Case,1,1200,Eldoret
103930,2025-08-03,Samsung A35 Case,5,200,Kisumu
103931,2025-07-01,Samsung A35 Case,3,1200,Eldoret
103932,2025-11-05,Charger,3,500,Nairobi
103933,2025-11-07,Earbuds,1,800,Mombasa
103934,2025-01-18,,4,800,Eldoret
103935,2025-10-28,Infinix Hot 40 Case,3,1200,Nakuru
103936,2025-08-06,Infinix Hot 40 Case,1,300,Kisumu
103937,2025-10-30,Samsung A16 Case,5,2500,Eldoret
103938,2025-10-28,Infinix Hot 40 Case,5,800,Eldoret
103939,2025-01-09,,4,1200,Nairobi
103940,2025-12-13,Tecno Spark 20 Case,4,1200,Kisumu
103941,2025-11-23,Redmi Note 14 Case,5,200,Nakuru
103942,2025-03-17,Redmi Note 14 Case,4,800,Nairobi
103943,2025-03-02,iPhone 13 Case,1,1200,Eldoret
103944,2025-06-04,Charger,1,800,Nakuru
103945,2025-06-11,Screen Protector,4,1200,Kisumu
103946,2025-06-10,Tecno Spark 20 Case,1,200,Nairobi
103947,2025-09-16,iPhone 13 Case,two,500,Nairobi
103948,2025-12-01,,2,2500,Kisumu
103949,2025-08-09,Charger,3,500,Mombasa
103950,2025-09-19,Screen Protector,5,200,Nakuru
103951,2025-03-01,Charger,5,200,Mombasa
103952,2025-12-07,Infinix Hot 40 Case,3,300,Mombasa
103953,2025-05-19,Samsung A35 Case,2,1200,Nairobi
103954,2025-08-24,Screen Protector,5,200,Kisumu
103955,2025-10-04,Tecno Spark 20 Case,2,500,Eldoret
103956,2025-01-15,Charger,5,1200,Mombasa
103957,2025-06-28,Earbuds,4,2500,Nakuru
103958,2025-04-29,,5,1200,Kisumu
103959,2025-05-14,Infinix Hot 40 Case,2,300,Mombasa
103960,2025-01-08,Samsung A16 Case,1,500,Mombasa
103961,2025-01-04,iPhone 13 Case,5,1200,Mombasa
103962,2025-01-25,Samsung A16 Case,5,500,Nakuru
103963,2025-02-12,Infinix Hot 40 Case,1,1200,Nakuru
103964,2025-07-04,Tecno Spark 20 Case,2,800,Mombasa
103965,2025-11-13,Samsung A35 Case,4,1200,Nakuru
103966,2025-03-25,Samsung A16 Case,2,800,Nakuru
103967,2025-12-19,Samsung A35 Case,4,1200,Nakuru
103968,2025-10-13,Samsung A16 Case,3,800,Nakuru
103969,2025-02-07,iPhone 13 Case,4,2500,Kisumu
103970,2025-08-09,Tecno Spark 20 Case,4,1200,Kisumu
103971,2025-12-29,Screen Protector,1,1200,Nakuru
103972,2025-09-28,,2,800,Eldoret
103973,2025-01-15,Charger,2,-800,Kisumu
103974,2025-01-27,Samsung A16 Case,5,200,Kisumu
103975,2025-11-05,Screen Protector,4,200,Kisumu
103976,2025-06-30,Power Bank,1,800,Mombasa
103977,2025-12-29,Samsung A35 Case,3,1200,Nairobi
103978,2025-09-17,Power Bank,5,1200,Kisumu
103979,2025-09-12,Samsung A16 Case,1,800,Kisumu
103980,2025-12-02,Tecno Spark 20 Case,1,2500,Eldoret
103981,2025-09-12,Samsung A35 Case,2,2500,Kisumu
103982,2025-07-14,Samsung A35 Case,2,1200,Nakuru
103983,2025-07-17,Charger,3,1200,Eldoret
103984,2025-12-04,Infinix Hot 40 Case,4,1200,Nairobi
103985,2025-07-31,Infinix Hot 40 Case,4,300,Nakuru
103986,2025-03-23,Samsung A35 Case,3,500,Nairobi
103987,2025-11-25,Samsung A35 Case,4,200,Eldoret
103988,,Samsung A35 Case,2,200,Nakuru
103989,2025-04-15,Tecno Spark 20 Case,5,500,Eldoret
103990,2025-07-30,Tecno Spark 20 Case,4,500,Nairobi
103991,2025-04-12,Redmi Note 14 Case,4,1200,Nakuru
103992,2025-10-28,Tecno Spark 20 Case,3,500,Nairobi
103993,2025-06-14,Screen Protector,1,200,Kisumu
103994,2025-03-06,Screen Protector,3,300,Nairobi
103995,2025-06-30,Earbuds,2,2500,Eldoret
103996,2025-09-23,Tecno Spark 20 Case,4,-200,Eldoret
103997,2025-11-16,Power Bank,3,200,Eldoret
103998,2025-07-03,Screen Protector,1,300,Eldoret
103999,2025-05-28,Infinix Hot 40 Case,1,1200,Nairobi
104000,2025-05-09,Samsung A16 Case,2,300,Eldoret
104001,2025-05-27,Screen Protector,4,300,Nairobi
104002,2025-01-27,Redmi Note 14 Case,5,2500,Nakuru
104003,2025-09-10,Earbuds,1,800,Nakuru
104004,2025-04-17,iPhone 13 Case,two,200,Eldoret
104005,2025-09-16,Earbuds,3,300,Nakuru
104006,2025-02-21,Charger,4,300,Kisumu
104007,2025-04-06,Tecno Spark 20 Case,5,200,Mombasa
104008,2025-11-12,Samsung A16 Case,2,500,Kisumu
104009,2025-09-03,Charger,2,2500,Mombasa
104010,2025-06-15,iPhone 13 Case,5,2500,Nairobi
104011,2025-10-18,Redmi Note 14 Case,3,500,Nakuru
104012,2025-12-05,Samsung A16 Case,2,500,Kisumu
104013,2025-05-23,Earbuds,3,300,Eldoret
104014,2025-09-08,Samsung A16 Case,5,1200,Kisumu
104015,2025-05-12,Screen Protector,5,200,Kisumu
104016,2025-04-08,Samsung A35 Case,5,200,Kisumu
104017,2025-03-01,Samsung A35 Case,2,800,Nairobi
104018,2025-05-29,Charger,3,800,Nairobi
104019,2025-07-05,Tecno Spark 20 Case,4,800,Nakuru
104020,2025-03-19,Screen Protector,two,300,Mombasa
104021,2025-10-08,,5,800,Mombasa
104022,2025-05-24,Redmi Note 14 Case,2,1200,Nakuru
104023,,iPhone 13 Case,3,500,Nairobi
104024,2025-10-02,Tecno Spark 20 Case,3,1200,Nakuru
104025,2025-08-31,Screen Protector,2,500,Eldoret
104026,2025-06-15,Samsung A35 Case,5,300,Nakuru
104027,2025-02-15,Samsung A16 Case,3,800,Nakuru
104028,2025-01-26,Samsung A35 Case,2,800,Kisumu
104029,2025-11-07,Redmi Note 14 Case,2,500,Nairobi
104030,2025-05-15,Screen Protector,two,500,Mombasa
104031,2025-06-05,Charger,1,800,Eldoret
104032,,Screen Protector,two,800,Nakuru
104033,2025-09-26,Redmi Note 14 Case,5,500,Kisumu
104034,2025-11-02,Infinix Hot 40 Case,4,500,Nairobi
104035,2025-09-17,,5,300,Eldoret
104036,2025-12-19,Samsung A16 Case,4,300,Nairobi
104037,2025-10-23,Power Bank,1,800,Eldoret
104038,2025-05-10,Samsung A35 Case,3,800,Nairobi
104039,2025-03-15,Screen Protector,1,300,Eldoret
104040,2025-03-08,Infinix Hot 40 Case,4,800,Kisumu
104041,2025-11-28,Earbuds,3,200,Mombasa
104042,2025-12-14,Infinix Hot 40 Case,1,300,Kisumu
104043,2025-03-27,Screen Protector,1,200,Mombasa
104044,2025-08-02,Screen Protector,4,1200,Nairobi
104045,2025-04-01,Redmi Note 14 Case,3,1200,Nairobi
104046,2025-08-14,Charger,4,800,Kisumu
104047,2025-09-07,Samsung A35 Case,5,500,Eldoret
104048,2025-12-28,,3,200,Nakuru
104049,2025-02-13,Redmi Note 14 Case,5,800,Eldoret
104050,2025-06-14,Power Bank,1,800,Nairobi
104051,2025-12-03,Samsung A35 Case,5,300,Nairobi
104052,2025-10-14,Samsung A16 Case,4,200,Mombasa
104053,2025-10-13,Power Bank,4,800,Eldoret
104054,2025-01-12,Samsung A16 Case,3,200,Mombasa
104055,2025-09-01,iPhone 13 Case,2,800,Kisumu
104056,2025-01-13,Samsung A16 Case,3,300,Eldoret
104057,2025-09-13,Earbuds,4,200,Nakuru
104058,2025-03-12,Tecno Spark 20 Case,4,300,Nakuru
104059,2025-02-12,Infinix Hot 40 Case,5,1200,Kisumu
104060,2025-04-21,Charger,4,500,Kisumu
104061,2025-01-23,Screen Protector,2,1200,Nakuru
104062,2025-04-25,Power Bank,4,200,Eldoret
104063,2025-11-04,Screen Protector,4,500,Mombasa
104064,2025-11-21,iPhone 13 Case,3,200,Kisumu
104065,2025-06-24,Samsung A16 Case,3,300,Kisumu
104066,2025-06-21,Infinix Hot 40 Case,5,2500,Eldoret
104067,2025-11-30,Charger,4,500,Nakuru
104068,2025-02-23,Charger,2,500,Nairobi
104069,2025-04-12,Infinix Hot 40 Case,1,2500,Eldoret
104070,2025-10-31,Earbuds,5,2500,Eldoret
104071,2025-12-14,Samsung A35 Case,1,800,Kisumu
104072,2025-08-23,Power Bank,5,-200,Nakuru
104073,2025-06-14,Infinix Hot 40 Case,5,1200,Kisumu
104074,2025-02-15,Screen Protector,1,200,Eldoret
104075,2025-02-16,Samsung A16 Case,5,500,Mombasa
104076,2025-02-23,Earbuds,4,2500,Nakuru
104077,2025-11-05,Tecno Spark 20 Case,2,1200,Nakuru
104078,2025-03-14,Infinix Hot 40 Case,4,300,Eldoret
104079,2025-08-10,iPhone 13 Case,4,800,Nairobi
104080,2025-01-26,Charger,5,1200,Kisumu
104081,2025-01-29,Earbuds,3,1200,Nakuru
104082,2025-04-16,Earbuds,3,1200,Mombasa
104083,,Charger,2,1200,Nairobi
104084,2025-01-16,Earbuds,1,2500,Nairobi
104085,2025-09-07,iPhone 13 Case,4,800,Nairobi
104086,2025-04-22,Samsung A35 Case,2,800,Nakuru
104087,2025-04-21,Power Bank,2,-200,Nakuru
104088,2025-02-27,Infinix Hot 40 Case,5,1200,Eldoret
104089,2025-07-30,Tecno Spark 20 Case,4,2500,Nakuru
104090,2025-12-30,Earbuds,2,2500,Nairobi
104091,2025-04-20,iPhone 13 Case,two,2500,Eldoret
104092,2025-01-14,,5,200,Nairobi
104093,2025-10-23,Charger,2,800,Kisumu
104094,2025-07-27,Infinix Hot 40 Case,5,500,Nakuru
104095,2025-03-19,Power Bank,4,200,Kisumu
104096,2025-02-02,Earbuds,4,800,Nairobi
104097,2025-01-07,Redmi Note 14 Case,3,1200,Nakuru
104098,2025-01-24,Earbuds,2,500,Mombasa
104099,2025-10-15,iPhone 13 Case,5,1200,Kisumu
104100,2025-07-17,Infinix Hot 40 Case,1,1200,Nakuru
104101,2025-11-28,Redmi Note 14 Case,3,2500,Nairobi
104102,2025-11-14,Infinix Hot 40 Case,2,1200,Mombasa
104103,2025-04-13,Tecno Spark 20 Case,5,1200,Mombasa
104104,2025-04-14,Charger,5,200,Nairobi
104105,2025-06-18,Earbuds,4,1200,Mombasa
104106,2025-12-22,iPhone 13 Case,5,200,Nakuru
104107,2025-07-13,Redmi Note 14 Case,4,300,Nairobi
104108,2025-01-05,Power Bank,3,300,Mombasa
104109,2025-10-01,Tecno Spark 20 Case,1,1200,Mombasa
104110,2025-09-23,Samsung A16 Case,5,200,Nakuru
104111,2025-12-08,Samsung A35 Case,5,200,Nakuru
104112,2025-09-22,Tecno Spark 20 Case,4,2500,Nairobi
104113,2025-02-15,Samsung A35 Case,5,500,Mombasa
104114,2025-08-08,Screen Protector,1,2500,Eldoret
104115,2025-09-08,Tecno Spark 20 Case,2,300,Eldoret
104116,2025-08-20,Samsung A35 Case,4,2500,Nakuru
104117,2025-01-14,,5,500,Nairobi
104118,2025-01-28,Charger,5,1200,Mombasa
104119,2025-12-09,Samsung A16 Case,2,500,Mombasa
104120,2025-11-29,Power Bank,4,300,Nakuru
104121,2025-11-27,Earbuds,2,500,Nakuru
104122,2025-07-22,iPhone 13 Case,3,300,Eldoret
104123,2025-10-30,Samsung A16 Case,5,2500,Kisumu
104124,2025-04-23,Samsung A16 Case,5,300,Nairobi
104125,2025-12-11,Samsung A16 Case,1,200,Mombasa
104126,2025-12-01,Charger,4,300,Nairobi
104127,2025-08-18,Charger,4,200,Eldoret
104128,2025-09-17,iPhone 13 Case,4,2500,Nakuru
104129,2025-04-05,iPhone 13 Case,4,800,Kisumu
104130,2025-01-09,Samsung A35 Case,1,2500,Nairobi
104131,2025-06-10,Charger,5,800,Nairobi
104132,2025-05-21,Samsung A16 Case,3,800,Nakuru
104133,2025-03-25,Earbuds,2,500,Mombasa
104134,2025-02-17,Screen Protector,3,2500,Mombasa
104135,2025-01-30,Earbuds,5,800,Eldoret
104136,2025-02-10,Screen Protector,2,300,Eldoret
104137,2025-09-15,earbuds,2,2500,Nakuru
104138,2025-04-05,Infinix Hot 40 Case,1,200,Nairobi
104139,2025-03-02,Earbuds,4,200,Nakuru
104140,2025-01-13,Power Bank,3,800,Kisumu
104141,2025-08-28,Power Bank,1,500,Kisumu
104142,2025-10-20,samsung a35 case,1,200,Eldoret
104143,2025-06-15,Screen Protector,3,200,Kisumu
104144,2025-09-07,Samsung A35 Case,1,2500,Eldoret
104145,2025-11-12,Tecno Spark 20 Case,3,800,Kisumu
104146,2025-05-21,Samsung A16 Case,4,300,Nakuru
104147,2025-03-04,Screen Protector,2,2500,Nakuru
104148,2025-06-29,Screen Protector,5,200,Kisumu
104149,2025-02-03,,two,800,Eldoret
104150,2025-07-07,Power Bank,1,500,Nakuru
104151,2025-01-22,Redmi Note 14 Case,5,500,Nakuru
104152,2025-03-27,Infinix Hot 40 Case,5,1200,Mombasa
104153,2025-01-28,iPhone 13 Case,2,800,Nairobi
104154,2025-11-14,Redmi Note 14 Case,5,300,Mombasa
104155,2025-09-20,,5,1200,Mombasa
104156,2025-03-09,Screen Protector,2,300,Nairobi
104157,2025-03-27,Samsung A35 Case,5,300,Kisumu
104158,2025-12-09,Power Bank,4,500,Mombasa
104159,2025-07-20,Earbuds,3,300,Kisumu
104160,2025-03-30,Tecno Spark 20 Case,5,200,Nairobi
104161,2025-05-17,Tecno Spark 20 Case,3,200,Eldoret
104162,2025-03-09,Charger,5,200,Nakuru
104163,2025-11-06,Infinix Hot 40 Case,5,800,Mombasa
104164,2025-10-16,Infinix Hot 40 Case,1,800,Nakuru
104165,2025-04-10,Screen Protector,4,2500,Kisumu
104166,2025-03-18,iPhone 13 Case,4,1200,Mombasa
104167,2025-12-29,Infinix Hot 40 Case,1,200,Kisumu
104168,,Samsung A35 Case,2,500,Kisumu
104169,2025-10-14,Earbuds,4,800,Mombasa
104170,2025-03-19,Tecno Spark 20 Case,3,800,Mombasa
104171,2025-04-06,,2,1200,Kisumu
104172,2025-09-30,Screen Protector,3,200,Nairobi
104173,2025-06-28,Earbuds,5,800,Mombasa
104174,2025-12-09,Samsung A35 Case,4,800,Kisumu
104175,2025-12-07,Infinix Hot 40 Case,5,200,Kisumu
104176,2025-06-17,Earbuds,5,800,Nakuru
104177,2025-02-27,iPhone 13 Case,5,300,Mombasa
104178,2025-03-20,Charger,4,1200,Kisumu
104179,2025-05-01,Samsung A35 Case,2,2500,Eldoret
104180,2025-01-17,iPhone 13 Case,1,200,Nakuru
104181,2025-01-20,Charger,1,500,Nairobi
104182,2025-03-10,Samsung A16 Case,1,2500,Kisumu
104183,,Charger,1,200,Eldoret
104184,2025-03-24,Power Bank,1,200,Nakuru
104185,2025-09-26,Earbuds,3,2500,Eldoret
104186,2025-07-06,Redmi Note 14 Case,1,2500,Eldoret
104187,2025-04-20,Infinix Hot 40 Case,3,300,Mombasa
104188,2025-02-20,Samsung A35 Case,3,500,Kisumu
104189,2025-03-28,Samsung A35 Case,4,800,Mombasa
104190,2025-02-11,Screen Protector,3,200,Mombasa
104191,2025-08-14,iPhone 13 Case,4,2500,Kisumu
104192,2025-03-03,Samsung A35 Case,5,300,Eldoret
104193,2025-01-26,iPhone 13 Case,2,2500,Nairobi
104194,2025-01-19,iPhone 13 Case,1,1200,Nakuru
104195,2025-01-20,Screen Protector,two,1200,Nairobi
104196,2025-11-02,Earbuds,1,2500,Nakuru
104197,2025-01-10,Charger,1,2500,Nakuru
104198,2025-09-21,Samsung A16 Case,5,2500,Kisumu
104199,2025-10-01,Samsung A35 Case,2,800,Eldoret
104200,2025-09-22,Power Bank,3,2500,Mombasa
104201,2025-01-26,Tecno Spark 20 Case,5,2500,Eldoret
104202,2025-12-22,Power Bank,2,300,Nairobi
104203,,Power Bank,2,500,Nairobi
104204,2025-08-30,iPhone 13 Case,1,1200,Eldoret
104205,2025-12-18,Charger,3,1200,Kisumu
104206,2025-07-11,Samsung A35 Case,4,-2500,Kisumu
104207,2025-07-13,Tecno Spark 20 Case,5,800,Kisumu
104208,2025-10-30,Samsung A16 Case,3,200,Nakuru
104209,2025-10-17,Tecno Spark 20 Case,1,500,Eldoret
104210,2025-06-14,Earbuds,3,2500,Nakuru
104211,2025-11-16,Samsung A35 Case,2,800,Nakuru
104212,2025-05-31,Tecno Spark 20 Case,1,200,Eldoret
104213,2025-05-21,iPhone 13 Case,5,300,Kisumu
104214,2025-08-15,Redmi Note 14 Case,1,300,Eldoret
104215,2025-04-28,Power Bank,5,800,Nakuru
104216,2025-12-18,Power Bank,3,1200,Eldoret
104217,2025-06-01,Charger,4,300,Nakuru
104218,2025-10-04,Infinix Hot 40 Case,2,1200,Eldoret
104219,2025-04-26,iPhone 13 Case,4,200,Nakuru
104220,2025-09-08,Power Bank,4,300,Kisumu
104221,2025-04-30,Earbuds,4,500,Eldoret
104222,2025-06-16,Infinix Hot 40 Case,2,2500,Mombasa
104223,2025-01-02,Samsung A16 Case,1,1200,Mombasa
104224,2025-03-06,,5,200,Nairobi
104225,2025-04-19,Samsung A16 Case,4,300,Nakuru
104226,2025-04-03,Infinix Hot 40 Case,4,500,Nairobi
104227,2025-04-22,Infinix Hot 40 Case,1,500,Eldoret
104228,,Earbuds,4,500,Eldoret
104229,2025-05-16,Tecno Spark 20 Case,4,300,Nakuru
104230,2025-09-10,Redmi Note 14 Case,1,1200,Kisumu
104231,2025-06-09,Power Bank,1,2500,Kisumu
104232,2025-07-24,Power Bank,3,300,Kisumu
104233,,Charger,4,200,Kisumu
104234,2025-01-17,Charger,4,1200,Nakuru
104235,2025-07-07,Samsung A16 Case,4,300,Kisumu
104236,2025-06-23,Redmi Note 14 Case,4,200,Eldoret
104237,2025-06-20,Screen Protector,two,300,Kisumu
104238,2025-10-31,charger,5,500,Eldoret
104239,2025-12-26,iPhone 13 Case,4,300,Nairobi
104240,2025-09-07,Infinix Hot 40 Case,2,1200,Nairobi
104241,2025-01-21,Redmi Note 14 Case,3,2500,Mombasa
104242,2025-12-27,Power Bank,5,1200,Nairobi
104243,2025-09-15,Power Bank,2,200,Nakuru
104244,2025-08-24,Redmi Note 14 Case,2,300,Eldoret
104245,2025-10-03,Screen Protector,1,800,Kisumu
104246,2025-06-22,Earbuds,4,500,Mombasa
104247,2025-05-05,Samsung A35 Case,2,1200,Kisumu
104248,2025-08-05,Power Bank,1,800,Mombasa
104249,,Samsung A35 Case,2,200,Kisumu
104250,2025-10-02,Tecno Spark 20 Case,1,800,Nairobi
104251,2025-12-21,Infinix Hot 40 Case,5,300,Eldoret
104252,2025-04-17,earbuds,1,1200,Nairobi
104253,2025-11-05,Tecno Spark 20 Case,4,2500,Nairobi
104254,2025-01-24,iPhone 13 Case,4,2500,Nakuru
104255,2025-09-30,Samsung A35 Case,5,800,Nakuru
104256,,iPhone 13 Case,5,300,Nakuru
104257,2025-11-03,Infinix Hot 40 Case,5,500,Mombasa
104258,2025-07-12,Infinix Hot 40 Case,1,200,Kisumu
104259,2025-04-28,Redmi Note 14 Case,2,200,Kisumu
104260,2025-02-03,Samsung A35 Case,1,2500,Kisumu
104261,2025-04-30,Earbuds,3,1200,Nairobi
104262,2025-03-10,iPhone 13 Case,1,1200,Nakuru
104263,2025-09-14,iPhone 13 Case,1,800,Eldoret
104264,2025-08-16,Power Bank,4,300,Nairobi
104265,2025-10-11,Infinix Hot 40 Case,1,2500,Mombasa
104266,2025-05-14,Power Bank,3,800,Kisumu
104267,2025-11-14,Screen Protector,4,500,Eldoret
104268,2025-06-23,Tecno Spark 20 Case,1,300,Nakuru
104269,2025-12-17,iPhone 13 Case,4,2500,Kisumu
104270,2025-04-22,Redmi Note 14 Case,3,200,Nairobi
104271,2025-04-20,Tecno Spark 20 Case,2,500,Nakuru
104272,2025-03-27,iPhone 13 Case,3,-500,Nairobi
104273,2025-11-21,Infinix Hot 40 Case,2,200,Nakuru
104274,2025-12-21,Power Bank,two,500,Eldoret
104275,2025-04-22,Samsung A16 Case,3,500,Mombasa
104276,2025-11-22,Redmi Note 14 Case,5,800,Eldoret
104277,2025-07-09,Samsung A16 Case,2,500,Mombasa
104278,2025-07-15,Power Bank,1,1200,Eldoret
104279,2025-11-08,iPhone 13 Case,4,2500,Nairobi
104280,2025-05-27,Power Bank,3,800,Nairobi
104281,2025-01-11,Redmi Note 14 Case,4,500,Nairobi
104282,2025-10-24,Infinix Hot 40 Case,1,300,Mombasa
104283,2025-09-16,Samsung A16 Case,3,800,Eldoret
104284,2025-06-05,Screen Protector,3,300,Kisumu
104285,2025-04-17,Screen Protector,4,500,Mombasa
104286,2025-12-18,Power Bank,4,-500,Eldoret
104287,2025-10-04,Tecno Spark 20 Case,4,300,Mombasa
104288,2025-01-13,iPhone 13 Case,3,2500,Nakuru
104289,,Samsung A16 Case,4,1200,Nairobi
104290,2025-04-20,Tecno Spark 20 Case,5,1200,Kisumu
104291,2025-01-14,tecno spark 20 case,1,500,Eldoret
104292,2025-08-20,Power Bank,4,800,Kisumu
104293,2025-10-06,iPhone 13 Case,4,1200,Nakuru
104294,2025-01-30,Tecno Spark 20 Case,3,300,Kisumu
104295,2025-07-31,iPhone 13 Case,3,500,Eldoret
104296,2025-08-05,Screen Protector,4,1200,Eldoret
104297,2025-01-15,Screen Protector,3,500,Mombasa
104298,2025-09-23,Samsung A16 Case,1,500,Nakuru
104299,2025-01-11,,5,1200,Mombasa
104300,2025-11-16,iPhone 13 Case,2,2500,Nairobi
104301,2025-02-19,iPhone 13 Case,2,-1200,Nairobi
104302,2025-01-16,Samsung A16 Case,5,200,Nakuru
104303,2025-05-12,Infinix Hot 40 Case,4,200,Nairobi
104304,2025-04-21,Power Bank,4,2500,Mombasa
104305,2025-12-02,Infinix Hot 40 Case,5,800,Nakuru
104306,2025-02-07,Samsung A35 Case,5,2500,Kisumu
104307,2025-05-01,iPhone 13 Case,2,200,Kisumu
104308,2025-02-05,Earbuds,5,2500,Nairobi
104309,2025-01-04,Earbuds,two,300,Nairobi
104310,2025-09-12,Charger,4,300,Nairobi
104311,2025-08-25,iPhone 13 Case,5,2500,Nakuru
104312,2025-09-12,Power Bank,2,200,Nairobi
104313,2025-10-04,Infinix Hot 40 Case,1,1200,Mombasa
104314,2025-11-22,Samsung A16 Case,3,800,Kisumu
104315,2025-02-05,Tecno Spark 20 Case,1,1200,Kisumu
104316,2025-01-27,Samsung A35 Case,3,1200,Eldoret
104317,2025-07-09,Charger,2,300,Mombasa
104318,2025-10-05,Redmi Note 14 Case,1,500,Nakuru
104319,2025-03-09,Power Bank,5,2500,Eldoret
104320,2025-04-06,Samsung A35 Case,3,200,Nairobi
104321,2025-10-25,,4,1200,Eldoret
104322,2025-08-23,Infinix Hot 40 Case,1,500,Eldoret
104323,2025-01-27,Samsung A16 Case,two,300,Nakuru
104324,2025-04-01,Earbuds,2,1200,Nakuru
104325,2025-03-23,Tecno Spark 20 Case,3,500,Mombasa
104326,2025-04-28,Charger,1,2500,Mombasa
104327,2025-04-25,Tecno Spark 20 Case,2,2500,Kisumu
104328,2025-07-26,Samsung A16 Case,1,500,Nakuru
104329,2025-12-13,iPhone 13 Case,5,200,Nairobi
104330,2025-08-17,Samsung A16 Case,5,1200,Eldoret
104331,2025-12-18,Screen Protector,4,1200,Eldoret
104332,2025-03-11,Power Bank,2,2500,Mombasa
104333,2025-04-20,Power Bank,3,800,Eldoret
104334,2025-02-25,Power Bank,5,500,Mombasa
104335,2025-03-30,Infinix Hot 40 Case,1,500,Nairobi
104336,2025-08-06,Infinix Hot 40 Case,3,500,Mombasa
104337,2025-04-10,Charger,1,200,Mombasa
104338,2025-06-30,Samsung A16 Case,3,500,Nairobi
104339,2025-08-06,Samsung A35 Case,1,300,Kisumu
104340,2025-06-05,Power Bank,5,300,Nairobi
104341,2025-11-25,,4,500,Nairobi
104342,2025-12-30,Screen Protector,2,200,Nairobi
104343,2025-10-25,Infinix Hot 40 Case,3,500,Mombasa
104344,2025-01-25,Charger,5,800,Eldoret
104345,2025-03-01,Infinix Hot 40 Case,3,300,Eldoret
104346,2025-03-07,iPhone 13 Case,5,300,Nairobi
104347,2025-04-06,Samsung A16 Case,4,300,Mombasa
104348,2025-04-14,iPhone 13 Case,5,800,Kisumu
104349,2025-01-08,Redmi Note 14 Case,2,800,Nakuru
104350,2025-02-12,Infinix Hot 40 Case,3,-2500,Nairobi
104351,2025-07-29,Redmi Note 14 Case,5,800,Kisumu
104352,2025-11-15,Samsung A35 Case,1,500,Kisumu
104353,2025-06-04,Redmi Note 14 Case,1,200,Mombasa
104354,2025-07-18,Earbuds,2,800,Nairobi
104355,2025-01-07,Samsung A35 Case,3,1200,Eldoret
104356,2025-05-18,Samsung A16 Case,2,1200,Kisumu
104357,2025-06-30,Redmi Note 14 Case,5,200,Kisumu
104358,2025-04-01,Redmi Note 14 Case,1,2500,Eldoret
104359,2025-01-04,iPhone 13 Case,3,300,Nairobi
104360,2025-09-16,Samsung A16 Case,3,500,Kisumu
104361,2025-07-10,Tecno Spark 20 Case,1,300,Nairobi
104362,2025-12-16,Redmi Note 14 Case,1,1200,Mombasa
104363,2025-12-22,iPhone 13 Case,5,2500,Eldoret
104364,2025-12-11,Samsung A16 Case,1,800,Mombasa
104365,2025-02-18,Power Bank,2,1200,Mombasa
104366,2025-02-17,Screen Protector,5,1200,Nairobi
104367,2025-01-03,Samsung A16 Case,2,2500,Kisumu
104368,2025-12-24,screen protector,5,1200,Nairobi
104369,2025-11-08,Screen Protector,2,200,Nairobi
104370,2025-09-26,Power Bank,1,1200,Nakuru
104371,,Samsung A16 Case,3,1200,Nairobi
104372,2025-06-05,Tecno Spark 20 Case,2,800,Kisumu
104373,2025-07-29,Infinix Hot 40 Case,4,500,Kisumu
104374,2025-02-26,Charger,1,500,Nakuru
104375,2025-02-23,Samsung A35 Case,1,1200,Nairobi
104376,2025-12-08,Tecno Spark 20 Case,5,800,Nairobi
104377,2025-10-31,Tecno Spark 20 Case,4,-2500,Eldoret
104378,2025-10-31,Screen Protector,2,2500,Eldoret
104379,2025-10-06,Samsung A16 Case,4,1200,Kisumu
104380,2025-10-30,iPhone 13 Case,4,200,Mombasa
104381,2025-06-09,Tecno Spark 20 Case,2,300,Kisumu
104382,2025-06-30,Samsung A16 Case,4,200,Mombasa
104383,2025-10-19,Samsung A35 Case,3,800,Eldoret
104384,,Screen Protector,4,300,Nairobi
104385,2025-01-31,Infinix Hot 40 Case,5,500,Mombasa
104386,2025-03-22,Tecno Spark 20 Case,1,300,Nakuru
104387,2025-08-22,Tecno Spark 20 Case,2,1200,Nairobi
104388,2025-02-05,iPhone 13 Case,1,800,Nairobi
104389,2025-11-20,Power Bank,2,800,Kisumu
104390,2025-01-09,Samsung A35 Case,3,1200,Nairobi
104391,2025-01-04,Power Bank,5,1200,Eldoret
104392,2025-08-25,Power Bank,5,2500,Mombasa
104393,2025-08-18,Samsung A35 Case,3,1200,Nairobi
104394,2025-07-27,Charger,3,200,Nairobi
104395,2025-09-22,Tecno Spark 20 Case,2,1200,Nakuru
104396,2025-06-24,Redmi Note 14 Case,3,800,Eldoret
104397,,Samsung A35 Case,1,1200,Kisumu
104398,2025-10-31,,3,2500,Nakuru
104399,2025-12-09,Charger,1,2500,Mombasa
104400,2025-07-18,Earbuds,4,1200,Kisumu
104401,2025-10-23,Redmi Note 14 Case,4,800,Mombasa
104402,2025-08-27,Samsung A16 Case,5,1200,Mombasa
104403,2025-01-06,Power Bank,4,500,Eldoret
104404,2025-09-11,Samsung A35 Case,5,200,Eldoret
104405,2025-10-22,Earbuds,2,500,Nairobi
104406,2025-10-22,iPhone 13 Case,5,1200,Eldoret
104407,2025-09-08,Screen Protector,2,2500,Kisumu
104408,2025-08-28,Samsung A16 Case,4,200,Mombasa
104409,2025-06-14,Samsung A16 Case,2,200,Nakuru
104410,2025-04-12,Power Bank,3,1200,Eldoret
104411,2025-10-27,Tecno Spark 20 Case,3,1200,Nakuru
104412,2025-02-17,Infinix Hot 40 Case,2,200,Nairobi
104413,2025-07-28,,5,500,Nairobi
104414,2025-03-25,Screen Protector,2,1200,Nakuru
104415,2025-10-31,Redmi Note 14 Case,2,-200,Mombasa
104416,2025-04-26,Tecno Spark 20 Case,2,1200,Kisumu
104417,2025-02-16,Tecno Spark 20 Case,3,2500,Nairobi
104418,2025-02-22,Infinix Hot 40 Case,2,800,Nakuru
104419,2025-03-18,Charger,4,800,Eldoret
104420,2025-06-05,Screen Protector,2,1200,Mombasa
104421,,Samsung A35 Case,1,300,Nairobi
104422,2025-02-27,Earbuds,4,1200,Eldoret
104423,2025-06-06,Screen Protector,3,500,Nakuru
104424,2025-10-16,Power Bank,3,500,Nairobi
104425,2025-11-25,Power Bank,1,500,Eldoret
104426,2025-08-09,iPhone 13 Case,3,800,Kisumu
104427,2025-08-08,Earbuds,4,2500,Eldoret
104428,2025-07-29,Samsung A16 Case,4,1200,Nairobi
104429,2025-08-03,iPhone 13 Case,2,300,Nairobi
104430,2025-11-28,Charger,3,200,Eldoret
104431,2025-05-26,iPhone 13 Case,2,2500,Nairobi
104432,2025-03-07,Samsung A35 Case,5,1200,Eldoret
104433,2025-12-19,iPhone 13 Case,2,800,Mombasa
104434,2025-04-04,Tecno Spark 20 Case,2,1200,Nakuru
104435,2025-12-07,Earbuds,two,800,Mombasa
104436,2025-01-08,Tecno Spark 20 Case,1,800,Eldoret
104437,2025-05-29,Power Bank,3,800,Kisumu
104438,2025-10-16,Earbuds,2,300,Kisumu
104439,2025-12-22,iPhone 13 Case,1,500,Kisumu
104440,2025-09-28,Screen Protector,2,200,Kisumu
104441,2025-01-11,Samsung A35 Case,two,200,Mombasa
104442,2025-06-21,Screen Protector,2,300,Mombasa
104443,2025-07-28,Tecno Spark 20 Case,two,500,Nakuru
104444,2025-07-05,Screen Protector,5,2500,Nairobi
104445,2025-11-19,Charger,1,500,Eldoret
104446,2025-08-01,iPhone 13 Case,5,300,Mombasa
104447,2025-11-10,Samsung A16 Case,4,-500,Eldoret
104448,2025-03-09,Redmi Note 14 Case,5,300,Eldoret
104449,2025-03-07,,2,200,Mombasa
104450,2025-12-24,Samsung A35 Case,5,2500,Nakuru
104451,2025-10-13,Screen Protector,2,1200,Nairobi
104452,2025-11-14,,2,500,Nakuru
104453,2025-05-21,Screen Protector,4,200,Mombasa
104454,2025-07-15,Samsung A16 Case,5,2500,Nakuru
104455,2025-10-17,Screen Protector,5,200,Nakuru
104456,2025-12-01,Samsung A16 Case,2,800,Nakuru
104457,2025-02-20,Tecno Spark 20 Case,4,300,Kisumu
104458,2025-06-16,Samsung A16 Case,2,200,Mombasa
104459,2025-02-14,Redmi Note 14 Case,5,800,Eldoret
104460,2025-04-17,Power Bank,3,200,Nakuru
104461,2025-12-03,Charger,5,2500,Kisumu
104462,2025-03-03,Screen Protector,2,200,Mombasa
104463,2025-10-07,Screen Protector,4,1200,Mombasa
104464,2025-04-04,Earbuds,3,200,Nairobi
104465,2025-01-13,Tecno Spark 20 Case,5,500,Kisumu
104466,2025-06-12,Screen Protector,3,2500,Kisumu
104467,2025-06-25,Samsung A16 Case,1,500,Nakuru
104468,2025-11-20,samsung a16 case,5,500,Kisumu
104469,2025-03-05,Samsung A16 Case,5,300,Eldoret
104470,2025-03-07,Power Bank,3,1200,Kisumu
104471,2025-03-28,iPhone 13 Case,2,500,Nakuru
104472,2025-09-16,iPhone 13 Case,5,300,Nakuru
104473,2025-06-27,iPhone 13 Case,3,200,Kisumu
104474,2025-10-23,Power Bank,2,300,Nakuru
104475,2025-06-21,,2,-1200,Eldoret
104476,2025-02-04,Earbuds,1,1200,Nakuru
104477,2025-09-20,Screen Protector,5,1200,Nakuru
104478,2025-10-06,Earbuds,1,800,Nairobi
104479,2025-06-25,Samsung A35 Case,2,1200,Nakuru
104480,2025-10-07,Charger,2,300,Nairobi
104481,2025-09-09,Screen Protector,2,500,Kisumu
104482,2025-11-18,Earbuds,5,200,Kisumu
104483,2025-11-26,Power Bank,4,500,Nakuru
104484,2025-08-21,Charger,1,2500,Eldoret
104485,2025-02-13,Samsung A35 Case,3,200,Kisumu
104486,2025-11-12,,5,500,Nairobi
104487,2025-12-05,Power Bank,5,500,Eldoret
104488,2025-11-29,Samsung A16 Case,3,300,Eldoret
104489,2025-01-21,Screen Protector,4,300,Eldoret
104490,2025-06-24,Infinix Hot 40 Case,4,2500,Nakuru
104491,2025-10-10,iPhone 13 Case,4,300,Nakuru
104492,2025-04-05,iPhone 13 Case,5,200,Kisumu
104493,2025-05-12,Charger,1,2500,Mombasa
104494,2025-10-03,iPhone 13 Case,4,1200,Mombasa
104495,2025-01-03,Power Bank,two,300,Kisumu
104496,2025-08-12,Earbuds,3,200,Eldoret
104497,2025-03-31,Samsung A16 Case,1,500,Mombasa
104498,2025-01-14,iPhone 13 Case,3,1200,Mombasa
104499,2025-11-02,Infinix Hot 40 Case,5,300,Eldoret
104500,2025-01-03,Infinix Hot 40 Case,3,800,Mombasa
104501,2025-06-13,Redmi Note 14 Case,3,500,Nakuru
104502,2025-09-14,Tecno Spark 20 Case,1,1200,Kisumu
104503,2025-04-26,Earbuds,4,-500,Nakuru
104504,2025-05-22,iPhone 13 Case,4,200,Kisumu
104505,2025-08-26,Redmi Note 14 Case,2,1200,Nakuru
104506,2025-01-18,Samsung A35 Case,1,200,Nakuru
104507,2025-08-18,Earbuds,2,1200,Mombasa
104508,2025-06-27,Infinix Hot 40 Case,5,2500,Nakuru
104509,2025-12-07,Samsung A16 Case,3,800,Nakuru
104510,2025-11-23,Infinix Hot 40 Case,4,200,Nairobi
104511,2025-10-27,iPhone 13 Case,5,1200,Kisumu
104512,2025-11-26,Redmi Note 14 Case,2,1200,Nairobi
104513,2025-04-20,Power Bank,5,300,Mombasa
104514,2025-09-09,iPhone 13 Case,1,300,Nakuru
104515,2025-09-19,Power Bank,4,800,Nairobi
104516,2025-09-25,iPhone 13 Case,3,500,Eldoret
104517,2025-03-04,Infinix Hot 40 Case,4,2500,Eldoret
104518,2025-08-17,Samsung A35 Case,3,300,Nakuru
104519,,samsung a35 case,3,1200,Eldoret
104520,2025-11-25,Earbuds,3,2500,Nairobi
104521,2025-09-12,iPhone 13 Case,4,800,Mombasa
104522,2025-06-21,Infinix Hot 40 Case,1,1200,Nakuru
104523,2025-12-02,Earbuds,2,2500,Kisumu
104524,2025-11-30,iPhone 13 Case,5,200,Nakuru
104525,2025-07-18,iPhone 13 Case,4,1200,Kisumu
104526,2025-08-30,Power Bank,4,300,Nakuru
104527,2025-08-15,Redmi Note 14 Case,2,800,Nakuru
104528,2025-07-15,Earbuds,4,500,Nakuru
104529,2025-11-14,Screen Protector,1,200,Kisumu
104530,2025-09-29,Power Bank,1,200,Kisumu
104531,2025-07-20,Earbuds,3,200,Nairobi
104532,2025-05-20,iPhone 13 Case,1,300,Kisumu
104533,2025-11-27,Infinix Hot 40 Case,3,2500,Mombasa
104534,2025-06-30,Samsung A16 Case,4,500,Mombasa
104535,2025-03-13,Charger,2,200,Nakuru
104536,2025-04-17,Infinix Hot 40 Case,2,200,Nakuru
104537,2025-04-27,Charger,3,500,Eldoret
104538,2025-11-23,Earbuds,2,2500,Nairobi
104539,2025-04-13,Tecno Spark 20 Case,4,1200,Nairobi
104540,2025-12-22,Samsung A35 Case,1,1200,Nairobi
104541,2025-11-10,Power Bank,4,1200,Nairobi
104542,2025-12-14,Screen Protector,2,800,Kisumu
104543,2025-04-15,Screen Protector,4,1200,Nairobi
104544,2025-01-27,Samsung A35 Case,1,200,Nakuru
104545,2025-05-17,iPhone 13 Case,4,1200,Nakuru
104546,2025-11-18,Earbuds,5,200,Mombasa
104547,2025-01-30,Samsung A35 Case,4,2500,Nairobi
104548,2025-11-12,screen protector,1,800,Nairobi
104549,2025-09-06,iPhone 13 Case,5,500,Mombasa
104550,2025-06-13,Redmi Note 14 Case,1,2500,Nakuru
104551,2025-07-20,Earbuds,4,300,Eldoret
104552,2025-08-05,Redmi Note 14 Case,4,200,Nakuru
104553,2025-07-21,Charger,3,300,Nakuru
104554,2025-05-21,iPhone 13 Case,4,300,Nairobi
104555,2025-02-12,Tecno Spark 20 Case,1,800,Mombasa
104556,2025-05-22,Samsung A35 Case,2,500,Kisumu
104557,2025-05-08,Redmi Note 14 Case,2,-1200,Eldoret
104558,2025-08-03,Redmi Note 14 Case,4,200,Nakuru
104559,,Earbuds,2,800,Nairobi
104560,2025-12-28,Tecno Spark 20 Case,4,1200,Nakuru
104561,2025-11-26,Power Bank,5,2500,Nairobi
104562,2025-09-03,Screen Protector,3,1200,Mombasa
104563,2025-04-26,Samsung A16 Case,3,300,Mombasa
104564,2025-06-21,Tecno Spark 20 Case,1,200,Mombasa
104565,2025-08-28,Power Bank,2,800,Eldoret
104566,2025-07-12,iPhone 13 Case,5,300,Kisumu
104567,2025-10-05,Screen Protector,5,800,Nakuru
104568,2025-08-26,Tecno Spark 20 Case,5,200,Nakuru
104569,2025-03-27,Screen Protector,3,300,Mombasa
104570,2025-06-23,Samsung A35 Case,4,300,Kisumu
104571,2025-03-04,Samsung A35 Case,4,800,Nairobi
104572,2025-11-17,Screen Protector,5,200,Nakuru
104573,2025-12-27,Infinix Hot 40 Case,3,200,Kisumu
104574,2025-08-08,iPhone 13 Case,1,2500,Eldoret
104575,2025-06-03,iPhone 13 Case,5,800,Eldoret
104576,2025-03-12,Samsung A16 Case,5,2500,Eldoret
104577,2025-05-10,Samsung A35 Case,5,2500,Kisumu
104578,2025-12-23,Power Bank,1,200,Kisumu
104579,2025-09-19,Power Bank,4,300,Nairobi
104580,2025-04-13,Infinix Hot 40 Case,1,1200,Nairobi
104581,2025-05-22,Power Bank,5,1200,Mombasa
104582,2025-10-23,iPhone 13 Case,3,800,Eldoret
104583,,Screen Protector,1,500,Kisumu
104584,2025-10-15,Charger,2,800,Mombasa
104585,2025-08-03,Samsung A16 Case,1,800,Nairobi
104586,2025-10-16,Tecno Spark 20 Case,2,2500,Nakuru
104587,2025-04-14,Screen Protector,2,-2500,Kisumu
104588,2025-05-07,Earbuds,5,500,Nairobi
104589,2025-03-21,Earbuds,5,300,Kisumu
104590,2025-01-31,Power Bank,4,1200,Nakuru
104591,2025-11-30,iPhone 13 Case,2,500,Mombasa
104592,2025-10-11,Charger,2,800,Nairobi
104593,2025-09-29,iPhone 13 Case,5,300,Eldoret
104594,2025-08-09,Redmi Note 14 Case,1,300,Nairobi
104595,2025-01-28,Infinix Hot 40 Case,1,1200,Eldoret
104596,2025-06-13,Samsung A16 Case,1,2500,Mombasa
104597,2025-11-03,Charger,4,1200,Eldoret
104598,2025-05-02,iPhone 13 Case,1,2500,Eldoret
104599,2025-09-07,Earbuds,1,2500,Kisumu
104600,2025-05-24,Infinix Hot 40 Case,4,200,Nakuru
104601,2025-06-15,Samsung A16 Case,3,2500,Nakuru
104602,2025-09-06,Earbuds,2,300,Nakuru
104603,2025-03-19,Tecno Spark 20 Case,4,200,Nakuru
104604,2025-09-09,iPhone 13 Case,3,300,Nairobi
104605,2025-10-31,Earbuds,5,1200,Eldoret
104606,2025-04-23,Charger,1,1200,Nairobi
104607,2025-07-05,Tecno Spark 20 Case,3,500,Eldoret
104608,2025-01-16,Earbuds,4,300,Kisumu
104609,2025-04-21,Samsung A16 Case,1,200,Kisumu
104610,2025-02-17,Samsung A35 Case,4,800,Mombasa
104611,2025-06-10,Samsung A16 Case,1,300,Mombasa
104612,2025-05-31,Infinix Hot 40 Case,4,300,Nakuru
104613,2025-01-30,Charger,1,1200,Eldoret
104614,2025-03-21,Power Bank,5,2500,Mombasa
104615,2025-12-03,Charger,4,1200,Nakuru
104616,2025-10-15,Redmi Note 14 Case,4,1200,Nairobi
104617,2025-12-01,Power Bank,5,800,Kisumu
104618,2025-07-01,Earbuds,2,800,Eldoret
104619,2025-11-02,iPhone 13 Case,2,200,Kisumu
104620,2025-04-21,Power Bank,2,500,Mombasa
104621,2025-02-16,iPhone 13 Case,2,800,Nakuru
104622,2025-12-28,Power Bank,two,800,Mombasa
104623,2025-03-16,iPhone 13 Case,2,300,Kisumu
104624,2025-10-24,Redmi Note 14 Case,4,500,Kisumu
104625,2025-12-04,Screen Protector,1,500,Eldoret
104626,2025-05-14,Tecno Spark 20 Case,2,300,Nairobi
104627,2025-10-07,Power Bank,4,800,Nairobi
104628,2025-04-27,,5,300,Kisumu
104629,2025-11-13,Power Bank,5,300,Nakuru
104630,2025-03-16,Samsung A16 Case,2,500,Mombasa
104631,2025-02-28,Tecno Spark 20 Case,2,200,Mombasa
104632,2025-06-14,Power Bank,4,300,Nakuru
104633,2025-02-04,Tecno Spark 20 Case,2,1200,Eldoret
104634,2025-10-14,Screen Protector,3,800,Nakuru
104635,2025-10-07,Charger,4,800,Nakuru
104636,2025-07-01,Charger,1,500,Mombasa
104637,2025-06-25,Samsung A35 Case,3,2500,Nairobi
104638,2025-02-16,Power Bank,1,500,Nakuru
104639,2025-12-16,iPhone 13 Case,1,300,Nakuru
104640,2025-01-29,Infinix Hot 40 Case,4,200,Nairobi
104641,2025-01-14,Redmi Note 14 Case,1,300,Mombasa
104642,2025-11-09,Power Bank,5,1200,Mombasa
104643,2025-12-26,Screen Protector,4,300,Nakuru
104644,2025-02-06,Screen Protector,3,500,Mombasa
104645,2025-03-24,Earbuds,1,2500,Eldoret
104646,2025-12-03,Charger,3,800,Nakuru
104647,2025-03-09,iPhone 13 Case,1,500,Nairobi
104648,2025-01-22,iPhone 13 Case,4,200,Nairobi
104649,2025-10-29,Earbuds,3,300,Mombasa
104650,2025-09-24,Charger,3,2500,Kisumu
104651,2025-02-25,Samsung A35 Case,5,1200,Nairobi
104652,2025-04-20,iPhone 13 Case,2,300,Eldoret
104653,2025-05-16,,4,300,Eldoret
104654,2025-09-08,Samsung A16 Case,1,1200,Eldoret
104655,2025-03-28,Redmi Note 14 Case,4,500,Nairobi
104656,2025-08-29,Charger,3,300,Mombasa
104657,2025-04-19,Samsung A35 Case,1,300,Nakuru
104658,2025-08-08,Screen Protector,3,500,Eldoret
104659,2025-03-10,Charger,1,800,Nakuru
104660,2025-10-13,Power Bank,5,2500,Eldoret
104661,2025-07-08,Infinix Hot 40 Case,1,800,Nairobi
104662,2025-11-17,Earbuds,3,2500,Nairobi
104663,2025-12-12,Charger,3,500,Eldoret
104664,2025-10-29,Screen Protector,5,500,Mombasa
104665,2025-02-08,Tecno Spark 20 Case,4,500,Nakuru
104666,2025-01-04,Redmi Note 14 Case,1,1200,Eldoret
104667,2025-06-28,Power Bank,5,1200,Kisumu
104668,2025-10-03,Samsung A35 Case,4,300,Eldoret
104669,2025-04-19,iPhone 13 Case,2,500,Eldoret
104670,2025-12-11,Screen Protector,2,800,Nakuru
104671,2025-07-02,Infinix Hot 40 Case,two,300,Mombasa
104672,2025-03-13,Samsung A16 Case,3,1200,Mombasa
104673,2025-05-21,Infinix Hot 40 Case,4,1200,Nairobi
104674,2025-01-20,Infinix Hot 40 Case,2,500,Eldoret
104675,2025-10-30,Power Bank,3,1200,Nairobi
104676,2025-06-14,iPhone 13 Case,2,2500,Kisumu
104677,2025-01-06,Power Bank,4,2500,Nakuru
104678,2025-08-31,Earbuds,4,300,Nairobi
104679,2025-10-10,Power Bank,3,200,Nairobi
104680,2025-09-15,Samsung A16 Case,2,200,Nakuru
104681,2025-11-12,iPhone 13 Case,1,300,Mombasa
104682,2025-10-03,Charger,3,2500,Kisumu
104683,2025-07-27,Samsung A16 Case,4,800,Kisumu
104684,2025-12-30,Tecno Spark 20 Case,1,500,Mombasa
104685,2025-06-29,Tecno Spark 20 Case,1,300,Mombasa
104686,2025-09-30,Samsung A16 Case,1,200,Eldoret
104687,2025-12-03,Charger,2,800,Eldoret
104688,2025-01-23,Samsung A16 Case,2,1200,Mombasa
104689,2025-11-09,Earbuds,4,2500,Kisumu
104690,2025-01-23,Power Bank,1,500,Mombasa
104691,2025-03-08,Earbuds,2,200,Nakuru
104692,2025-02-15,Samsung A16 Case,1,1200,Nakuru
104693,2025-05-27,iPhone 13 Case,3,200,Nairobi
104694,2025-03-19,Tecno Spark 20 Case,2,200,Mombasa
104695,2025-01-18,Samsung A16 Case,3,1200,Kisumu
104696,2025-01-27,Screen Protector,2,200,Kisumu
104697,2025-10-22,iPhone 13 Case,3,1200,Kisumu
104698,2025-07-03,Screen Protector,2,2500,Mombasa
104699,2025-02-25,iPhone 13 Case,1,800,Eldoret
104700,2025-11-16,Samsung A35 Case,2,200,Kisumu
104701,2025-12-22,Earbuds,1,800,Nairobi
104702,2025-09-17,Power Bank,1,2500,Nakuru
104703,2025-12-10,Screen Protector,4,2500,Nakuru
104704,2025-06-08,Charger,2,1200,Nairobi
104705,2025-05-16,Infinix Hot 40 Case,5,800,Nakuru
104706,2025-12-15,Infinix Hot 40 Case,4,2500,Nakuru
104707,2025-06-27,Charger,3,200,Eldoret
104708,2025-11-04,Charger,4,1200,Kisumu
104709,2025-01-18,Screen Protector,5,2500,Nairobi
104710,2025-02-21,Samsung A16 Case,4,1200,Nakuru
104711,2025-09-09,Tecno Spark 20 Case,3,200,Nakuru
104712,2025-07-20,iPhone 13 Case,1,500,Mombasa
104713,2025-11-04,Redmi Note 14 Case,5,300,Nakuru
104714,2025-05-20,iPhone 13 Case,3,2500,Eldoret
104715,2025-09-05,Charger,1,800,Nakuru
104716,2025-03-20,Earbuds,1,300,Nairobi
104717,2025-03-05,Earbuds,1,300,Nakuru
104718,2025-09-13,Redmi Note 14 Case,3,200,Nairobi
104719,2025-07-17,,3,1200,Mombasa
104720,2025-01-15,Earbuds,2,300,Mombasa
104721,2025-03-16,Samsung A35 Case,two,500,Nakuru
104722,2025-02-08,Samsung A16 Case,2,800,Mombasa
104723,2025-09-30,Redmi Note 14 Case,4,500,Nairobi
104724,2025-11-03,Tecno Spark 20 Case,4,200,Kisumu
104725,,Screen Protector,5,300,Kisumu
104726,2025-03-06,Tecno Spark 20 Case,4,300,Kisumu
104727,2025-01-08,Tecno Spark 20 Case,4,1200,Eldoret
104728,2025-02-12,Charger,4,1200,Kisumu
104729,2025-03-26,Earbuds,3,500,Nakuru
104730,2025-01-23,Screen Protector,3,300,Eldoret
104731,2025-10-26,Power Bank,3,800,Nairobi
104732,2025-02-20,Redmi Note 14 Case,2,1200,Nakuru
104733,2025-09-01,Earbuds,1,500,Nairobi
104734,2025-12-02,Screen Protector,5,1200,Nairobi
104735,2025-02-18,iPhone 13 Case,2,2500,Mombasa
104736,2025-03-18,Samsung A16 Case,5,2500,Mombasa
104737,2025-05-05,Earbuds,5,800,Eldoret
104738,2025-06-10,Earbuds,5,300,Eldoret
104739,2025-03-20,Power Bank,2,500,Kisumu
104740,2025-12-23,Samsung A35 Case,5,1200,Nairobi
104741,2025-09-21,Power Bank,5,1200,Nairobi
104742,2025-01-02,Charger,1,200,Kisumu
104743,2025-09-08,Samsung A35 Case,2,1200,Mombasa
104744,2025-11-17,Samsung A16 Case,4,800,Mombasa
104745,2025-06-29,Samsung A16 Case,5,1200,Eldoret
104746,2025-03-13,Tecno Spark 20 Case,3,500,Eldoret
104747,2025-08-15,Samsung A35 Case,4,1200,Mombasa
104748,2025-03-24,iPhone 13 Case,5,300,Eldoret
104749,2025-04-30,,1,200,Nakuru
104750,2025-10-10,Infinix Hot 40 Case,4,300,Mombasa
104751,2025-10-27,Power Bank,3,800,Nakuru
104752,2025-05-27,Redmi Note 14 Case,1,200,Nairobi
104753,,iPhone 13 Case,5,500,Eldoret
104754,2025-01-13,Charger,1,300,Nakuru
104755,2025-03-26,Earbuds,1,1200,Kisumu
104756,2025-10-27,samsung a16 case,2,300,Kisumu
104757,2025-11-12,iPhone 13 Case,1,300,Mombasa
104758,,Power Bank,3,500,Eldoret
104759,2025-03-22,iPhone 13 Case,4,1200,Nakuru
104760,2025-11-23,Redmi Note 14 Case,1,1200,Mombasa
104761,2025-11-17,Redmi Note 14 Case,3,2500,Nakuru
104762,2025-05-28,Power Bank,3,800,Kisumu
104763,2025-07-10,Earbuds,5,200,Eldoret
104764,2025-09-07,Infinix Hot 40 Case,4,2500,Eldoret
104765,2025-04-04,Samsung A16 Case,4,500,Nakuru
104766,2025-10-25,Redmi Note 14 Case,3,1200,Kisumu
104767,2025-05-13,Samsung A35 Case,1,500,Eldoret
104768,2025-01-28,Samsung A35 Case,2,500,Mombasa
104769,,Tecno Spark 20 Case,1,300,Eldoret
104770,2025-01-01,Infinix Hot 40 Case,4,300,Kisumu
104771,2025-02-27,Power Bank,1,300,Mombasa
104772,2025-03-18,iPhone 13 Case,1,200,Eldoret
104773,2025-11-24,Screen Protector,5,2500,Kisumu
104774,2025-01-23,Earbuds,4,2500,Nakuru
104775,2025-07-25,samsung a35 case,3,2500,Kisumu
104776,2025-09-24,Tecno Spark 20 Case,5,800,Kisumu
104777,2025-02-22,Tecno Spark 20 Case,3,800,Eldoret
104778,2025-01-28,Redmi Note 14 Case,4,2500,Mombasa
104779,2025-04-12,Earbuds,3,500,Kisumu
104780,,Power Bank,2,300,Kisumu
104781,2025-11-13,Infinix Hot 40 Case,1,300,Nairobi
104782,2025-11-03,Samsung A35 Case,4,1200,Mombasa
104783,2025-12-12,Tecno Spark 20 Case,4,800,Kisumu
104784,2025-03-23,,1,200,Eldoret
104785,2025-08-01,Samsung A35 Case,1,1200,Nairobi
104786,2025-02-09,Tecno Spark 20 Case,two,300,Nakuru
104787,2025-04-18,Power Bank,5,200,Nairobi
104788,2025-01-23,Power Bank,5,2500,Nakuru
104789,2025-11-05,Power Bank,1,2500,Mombasa
104790,2025-03-19,Redmi Note 14 Case,1,2500,Mombasa
104791,2025-05-02,Screen Protector,4,300,Nairobi
104792,2025-12-12,Screen Protector,two,200,Nairobi
104793,2025-09-01,Redmi Note 14 Case,5,300,Mombasa
104794,2025-11-12,iPhone 13 Case,2,1200,Mombasa
104795,2025-10-13,Power Bank,2,500,Nakuru
104796,2025-04-21,Power Bank,4,200,Eldoret
104797,2025-02-19,iPhone 13 Case,4,800,Nairobi
104798,2025-12-09,power bank,2,2500,Eldoret
104799,2025-10-24,Charger,two,300,Eldoret
104800,2025-06-13,Samsung A16 Case,1,300,Nakuru
104801,2025-01-16,Redmi Note 14 Case,2,2500,Nakuru
104802,2025-10-14,Charger,2,800,Eldoret
104803,2025-07-12,Infinix Hot 40 Case,4,500,Nairobi
104804,2025-06-17,Charger,1,800,Nairobi
104805,2025-01-25,Screen Protector,3,-1200,Eldoret
104806,2025-04-12,Power Bank,2,2500,Nairobi
104807,2025-09-20,iPhone 13 Case,3,500,Nakuru
104808,2025-06-10,Samsung A16 Case,1,2500,Nairobi
104809,2025-02-07,Tecno Spark 20 Case,2,200,Kisumu
104810,2025-01-28,Tecno Spark 20 Case,4,2500,Mombasa
104811,2025-05-04,Samsung A16 Case,5,800,Nairobi
104812,2025-09-12,Samsung A35 Case,1,2500,Mombasa
104813,2025-06-18,Infinix Hot 40 Case,4,500,Eldoret
104814,2025-10-26,Samsung A16 Case,3,2500,Kisumu
104815,2025-07-13,Earbuds,two,800,Mombasa
104816,2025-06-03,Samsung A16 Case,3,800,Nairobi
104817,2025-09-15,Infinix Hot 40 Case,1,500,Nairobi
104818,2025-01-10,Redmi Note 14 Case,1,500,Nairobi
104819,2025-01-21,Samsung A35 Case,3,2500,Nakuru
104820,2025-12-07,,5,1200,Mombasa
104821,2025-07-07,Infinix Hot 40 Case,4,1200,Mombasa
104822,2025-08-19,Earbuds,1,1200,Nakuru
104823,2025-05-29,samsung a35 case,4,800,Mombasa
104824,2025-08-14,Redmi Note 14 Case,2,500,Nakuru
104825,2025-06-18,Samsung A35 Case,1,200,Eldoret
104826,,Samsung A16 Case,4,200,Mombasa
104827,2025-08-29,Infinix Hot 40 Case,2,500,Nairobi
104828,2025-12-17,Infinix Hot 40 Case,2,800,Kisumu
104829,2025-03-27,Screen Protector,3,300,Eldoret
104830,2025-02-09,Samsung A35 Case,1,800,Kisumu
104831,2025-04-19,Samsung A16 Case,1,800,Mombasa
104832,2025-11-20,Charger,4,800,Eldoret
104833,2025-02-14,Earbuds,2,800,Kisumu
104834,2025-06-03,Redmi Note 14 Case,4,500,Kisumu
104835,2025-12-25,Infinix Hot 40 Case,3,-800,Nakuru
104836,2025-07-21,Tecno Spark 20 Case,5,200,Kisumu
104837,2025-09-11,Tecno Spark 20 Case,5,800,Nakuru
104838,2025-07-06,Redmi Note 14 Case,3,300,Nakuru
104839,2025-09-17,Samsung A35 Case,5,800,Nairobi
104840,2025-08-16,Infinix Hot 40 Case,3,1200,Nakuru
104841,2025-12-02,Redmi Note 14 Case,1,2500,Nairobi
104842,2025-09-24,iPhone 13 Case,two,300,Nakuru
104843,2025-08-02,Infinix Hot 40 Case,3,300,Nakuru
104844,2025-10-19,Samsung A35 Case,5,300,Kisumu
104845,2025-08-18,iPhone 13 Case,3,2500,Nakuru
104846,2025-12-20,Power Bank,3,500,Eldoret
104847,2025-04-30,Samsung A16 Case,1,200,Nakuru
104848,2025-12-08,Charger,2,800,Mombasa
104849,2025-03-28,,3,1200,Nairobi
104850,2025-12-11,Earbuds,2,2500,Kisumu
104851,2025-03-15,Charger,2,2500,Nakuru
104852,2025-11-29,iPhone 13 Case,5,2500,Eldoret
104853,2025-05-17,Samsung A16 Case,5,1200,Nairobi
104854,2025-05-22,iPhone 13 Case,5,200,Kisumu
104855,2025-11-24,Infinix Hot 40 Case,3,200,Nairobi
104856,2025-12-18,Redmi Note 14 Case,3,300,Mombasa
104857,2025-02-19,Infinix Hot 40 Case,1,500,Mombasa
104858,,Power Bank,3,300,Kisumu
104859,2025-03-22,Infinix Hot 40 Case,4,500,Nakuru
104860,2025-10-10,Charger,4,200,Nakuru
104861,2025-05-27,Charger,1,500,Nairobi
104862,2025-01-07,Charger,5,500,Mombasa
104863,2025-03-10,Samsung A35 Case,1,500,Kisumu
104864,2025-07-05,Samsung A35 Case,2,800,Mombasa
104865,2025-02-11,Tecno Spark 20 Case,5,300,Nakuru
104866,2025-10-01,Screen Protector,2,500,Kisumu
104867,2025-07-31,iPhone 13 Case,5,500,Eldoret
104868,2025-09-11,Samsung A16 Case,3,300,Kisumu
104869,2025-09-13,Earbuds,2,1200,Nakuru
104870,2025-05-30,Samsung A35 Case,3,2500,Eldoret
104871,2025-04-23,Screen Protector,4,500,Nairobi
104872,2025-11-06,Samsung A35 Case,1,200,Kisumu
104873,2025-03-01,iPhone 13 Case,1,1200,Mombasa
104874,2025-08-21,Screen Protector,5,200,Eldoret
104875,2025-01-26,Tecno Spark 20 Case,1,1200,Kisumu
104876,2025-03-14,Redmi Note 14 Case,1,200,Nakuru
104877,2025-03-10,Power Bank,1,800,Nakuru
104878,2025-07-17,Earbuds,4,1200,Nairobi
104879,2025-10-09,Samsung A35 Case,4,2500,Nairobi
104880,,Samsung A35 Case,4,500,Eldoret
104881,2025-03-26,Samsung A35 Case,2,500,Mombasa
104882,2025-07-09,Samsung A35 Case,4,500,Nakuru
104883,2025-01-30,Samsung A16 Case,5,2500,Kisumu
104884,2025-12-07,Earbuds,4,2500,Mombasa
104885,2025-12-26,Redmi Note 14 Case,2,800,Kisumu
104886,2025-10-12,Power Bank,4,-1200,Nairobi
104887,2025-05-25,Tecno Spark 20 Case,1,500,Eldoret
104888,2025-05-26,Redmi Note 14 Case,1,1200,Nakuru
104889,2025-11-12,,4,500,Mombasa
104890,2025-09-01,Infinix Hot 40 Case,1,800,Mombasa
104891,2025-07-20,iphone 13 case,1,300,Nakuru
104892,2025-09-16,Earbuds,5,200,Nakuru
104893,2025-09-03,Charger,3,1200,Kisumu
104894,2025-11-07,Redmi Note 14 Case,4,500,Kisumu
104895,2025-11-14,Earbuds,3,500,Kisumu
104896,2025-12-22,Samsung A16 Case,4,500,Eldoret
104897,2025-10-17,Redmi Note 14 Case,1,800,Nairobi
104898,2025-08-11,Tecno Spark 20 Case,2,800,Eldoret
104899,2025-08-15,Power Bank,2,2500,Eldoret
104900,2025-02-10,Redmi Note 14 Case,1,800,Mombasa
104901,2025-07-10,Samsung A35 Case,5,2500,Kisumu
104902,2025-09-29,Samsung A35 Case,2,300,Kisumu
104903,2025-05-22,Samsung A35 Case,3,2500,Nairobi
104904,2025-04-08,Earbuds,4,1200,Eldoret
104905,2025-11-08,Samsung A35 Case,3,800,Nakuru
104906,2025-02-15,Tecno Spark 20 Case,4,2500,Mombasa
104907,2025-03-25,iPhone 13 Case,1,800,Mombasa
104908,2025-03-12,Redmi Note 14 Case,1,300,Mombasa
104909,2025-02-21,iPhone 13 Case,5,1200,Nakuru
104910,2025-10-27,Infinix Hot 40 Case,1,1200,Kisumu
104911,2025-02-07,Charger,3,-800,Nakuru
104912,2025-08-19,Redmi Note 14 Case,4,500,Eldoret
104913,2025-12-23,Screen Protector,3,300,Eldoret
104914,2025-07-20,Samsung A35 Case,5,500,Mombasa
104915,2025-08-02,Samsung A16 Case,4,2500,Kisumu
104916,2025-09-01,Charger,4,300,Nairobi
104917,2025-02-27,Power Bank,4,1200,Kisumu
104918,2025-07-12,Tecno Spark 20 Case,5,300,Nakuru
104919,2025-02-01,iPhone 13 Case,2,500,Eldoret
104920,2025-12-17,Samsung A16 Case,5,500,Mombasa
104921,2025-12-13,Charger,1,1200,Mombasa
104922,2025-02-06,Infinix Hot 40 Case,3,800,Kisumu
104923,2025-11-04,Earbuds,1,-800,Mombasa
104924,,Redmi Note 14 Case,4,300,Kisumu
104925,2025-12-11,Screen Protector,3,800,Mombasa
104926,2025-03-19,Redmi Note 14 Case,2,800,Kisumu
104927,2025-09-28,Infinix Hot 40 Case,2,200,Eldoret
104928,2025-12-08,Samsung A35 Case,4,300,Kisumu
104929,2025-11-08,Tecno Spark 20 Case,5,1200,Eldoret
104930,2025-09-15,Infinix Hot 40 Case,4,800,Nakuru
104931,2025-09-06,Power Bank,1,2500,Nairobi
104932,2025-06-04,Samsung A16 Case,1,800,Eldoret
104933,2025-02-16,Charger,3,200,Nakuru
104934,2025-11-02,iPhone 13 Case,5,200,Nakuru
104935,2025-07-19,Tecno Spark 20 Case,1,300,Mombasa
104936,2025-01-28,Charger,2,2500,Nairobi
104937,2025-02-10,Charger,4,500,Kisumu
104938,,Redmi Note 14 Case,2,500,Eldoret
104939,2025-11-21,Tecno Spark 20 Case,3,300,Eldoret
104940,2025-06-16,iPhone 13 Case,3,300,Nairobi
104941,2025-08-27,Tecno Spark 20 Case,1,800,Eldoret
104942,2025-12-23,Charger,4,800,Kisumu
104943,2025-11-04,Redmi Note 14 Case,2,300,Kisumu
104944,2025-08-06,Infinix Hot 40 Case,2,300,Nakuru
104945,2025-01-10,iPhone 13 Case,1,1200,Nairobi
104946,2025-07-25,Power Bank,2,1200,Nairobi
104947,2025-01-27,Charger,1,300,Eldoret
104948,2025-09-05,Tecno Spark 20 Case,1,2500,Kisumu
104949,2025-01-23,Redmi Note 14 Case,1,500,Mombasa
104950,2025-12-15,Earbuds,1,-800,Mombasa
104951,2025-07-18,Samsung A35 Case,3,800,Nairobi
104952,2025-12-05,Samsung A16 Case,4,800,Nairobi
104953,2025-10-23,Screen Protector,1,200,Kisumu
104954,2025-02-28,Screen Protector,5,2500,Kisumu
104955,2025-08-29,Tecno Spark 20 Case,1,2500,Kisumu
104956,2025-04-08,Charger,1,-1200,Nairobi
104957,2025-05-26,Samsung A16 Case,4,2500,Eldoret
104958,2025-11-12,,2,300,Nakuru
104959,2025-07-13,Redmi Note 14 Case,3,2500,Nairobi
104960,2025-10-31,Tecno Spark 20 Case,5,1200,Eldoret
104961,2025-11-08,Tecno Spark 20 Case,4,800,Kisumu
104962,2025-11-07,Samsung A16 Case,4,2500,Nakuru
104963,2025-08-05,iPhone 13 Case,4,300,Nakuru
104964,2025-02-05,Earbuds,2,500,Eldoret
104965,,Charger,1,2500,Eldoret
104966,2025-02-17,Samsung A16 Case,5,500,Kisumu
104967,2025-12-25,Screen Protector,2,500,Kisumu
104968,2025-12-13,Charger,1,2500,Eldoret
104969,2025-06-27,iPhone 13 Case,1,300,Mombasa
104970,2025-02-25,Screen Protector,1,800,Mombasa
104971,2025-08-27,Samsung A16 Case,2,2500,Mombasa
104972,2025-09-07,Earbuds,1,300,Eldoret
104973,2025-07-08,iPhone 13 Case,4,300,Mombasa
104974,2025-01-10,iPhone 13 Case,3,300,Kisumu
104975,2025-02-09,iPhone 13 Case,1,200,Nakuru
104976,2025-03-12,,1,1200,Nairobi
104977,2025-12-20,Charger,4,500,Mombasa
104978,2025-12-11,Screen Protector,1,500,Nakuru
104979,2025-09-26,Samsung A16 Case,3,800,Mombasa
104980,2025-01-17,Earbuds,5,1200,Nakuru
104981,2025-07-09,Infinix Hot 40 Case,3,800,Nakuru
104982,2025-12-19,Charger,2,1200,Eldoret
104983,2025-04-14,Infinix Hot 40 Case,3,2500,Kisumu
104984,2025-10-27,Samsung A16 Case,4,200,Mombasa
104985,2025-05-29,Screen Protector,1,2500,Kisumu
104986,2025-02-11,Screen Protector,2,300,Kisumu
104987,2025-09-01,Tecno Spark 20 Case,5,200,Mombasa
104988,2025-10-13,Screen Protector,two,1200,Eldoret
104989,2025-08-26,Earbuds,3,1200,Kisumu
104990,2025-03-26,Earbuds,1,2500,Eldoret
104991,2025-12-26,Infinix Hot 40 Case,5,1200,Nakuru
104992,2025-12-27,Tecno Spark 20 Case,5,200,Nakuru
104993,2025-05-27,Earbuds,4,200,Eldoret
104994,2025-07-12,Redmi Note 14 Case,5,200,Kisumu
104995,2025-11-22,Samsung A35 Case,2,300,Eldoret
104996,2025-02-28,Screen Protector,1,2500,Nairobi
104997,2025-10-20,Redmi Note 14 Case,4,500,Eldoret
104998,2025-12-16,Charger,5,800,Nakuru
104999,2025-11-29,Samsung A16 Case,4,300,Nakuru
105000,2025-02-15,Redmi Note 14 Case,2,1200,Nakuru
105001,2025-05-11,Samsung A35 Case,1,500,Nakuru
105002,2025-07-22,Samsung A35 Case,1,2500,Nairobi
105003,2025-10-25,iPhone 13 Case,2,2500,Nairobi
105004,2025-03-14,Tecno Spark 20 Case,4,500,Kisumu
105005,2025-01-21,iPhone 13 Case,2,2500,Mombasa
105006,2025-06-06,Tecno Spark 20 Case,1,1200,Kisumu
105007,2025-03-05,Tecno Spark 20 Case,5,500,Mombasa
105008,2025-05-09,Screen Protector,5,300,Eldoret
105009,2025-11-17,Charger,2,2500,Eldoret
105010,2025-07-01,Infinix Hot 40 Case,4,2500,Eldoret
105011,2025-09-18,iPhone 13 Case,1,2500,Nairobi
105012,2025-03-11,Infinix Hot 40 Case,3,300,Nakuru
105013,2025-06-16,Redmi Note 14 Case,2,800,Nakuru
105014,2025-08-31,iPhone 13 Case,4,2500,Nakuru
105015,2025-11-19,Infinix Hot 40 Case,2,800,Mombasa
105016,2025-05-13,earbuds,3,300,Eldoret
105017,2025-10-08,Redmi Note 14 Case,3,500,Nairobi
105018,2025-10-05,Infinix Hot 40 Case,5,2500,Kisumu
105019,2025-07-22,iPhone 13 Case,3,1200,Mombasa
105020,2025-04-27,earbuds,4,300,Kisumu
105021,2025-01-04,Tecno Spark 20 Case,2,500,Mombasa
105022,2025-01-20,Samsung A35 Case,2,200,Eldoret
105023,2025-03-21,Samsung A16 Case,2,2500,Eldoret
105024,2025-01-25,Tecno Spark 20 Case,4,200,Eldoret
105025,2025-02-28,Tecno Spark 20 Case,5,200,Kisumu
105026,2025-02-07,Power Bank,5,500,Mombasa
105027,2025-09-27,Earbuds,5,500,Eldoret
105028,2025-10-20,Samsung A35 Case,5,300,Mombasa
105029,2025-01-16,Redmi Note 14 Case,1,2500,Kisumu
105030,2025-05-14,Infinix Hot 40 Case,5,800,Nakuru
105031,2025-11-24,Infinix Hot 40 Case,2,200,Mombasa
105032,2025-12-18,Power Bank,2,200,Eldoret
105033,2025-04-25,Power Bank,5,2500,Kisumu
105034,2025-08-02,Redmi Note 14 Case,4,300,Eldoret
105035,2025-08-30,charger,2,2500,Nakuru
105036,2025-10-14,Samsung A35 Case,2,1200,Nakuru
105037,2025-10-24,Redmi Note 14 Case,5,500,Kisumu
105038,2025-08-20,Samsung A16 Case,5,1200,Nakuru
105039,2025-07-22,Screen Protector,5,200,Eldoret
105040,2025-12-18,Samsung A35 Case,4,500,Nairobi
105041,2025-10-05,Redmi Note 14 Case,2,200,Mombasa
105042,2025-07-23,Samsung A16 Case,1,200,Nakuru
105043,2025-07-21,Samsung A35 Case,4,200,Eldoret
105044,2025-07-29,Screen Protector,3,300,Kisumu
105045,2025-03-19,Tecno Spark 20 Case,2,300,Mombasa
105046,2025-01-18,Tecno Spark 20 Case,1,800,Nakuru
105047,2025-01-10,Tecno Spark 20 Case,5,1200,Eldoret
105048,2025-03-24,iPhone 13 Case,5,800,Nairobi
105049,2025-05-12,Samsung A16 Case,5,500,Kisumu
105050,2025-01-18,Screen Protector,5,500,Kisumu
105051,2025-10-21,Power Bank,4,500,Nairobi
105052,2025-06-21,,3,500,Nairobi
105053,2025-04-30,Samsung A16 Case,4,200,Kisumu
105054,2025-03-07,Earbuds,5,2500,Mombasa
105055,2025-07-08,Samsung A16 Case,5,2500,Nairobi
105056,2025-04-08,Redmi Note 14 Case,3,2500,Nairobi
105057,2025-12-10,Redmi Note 14 Case,4,200,Mombasa
105058,2025-12-27,Charger,1,300,Nakuru
105059,2025-12-04,Samsung A35 Case,3,200,Nairobi
105060,2025-08-04,iPhone 13 Case,1,300,Nairobi
105061,2025-06-29,Redmi Note 14 Case,4,800,Mombasa
105062,2025-09-17,Earbuds,5,200,Eldoret
105063,2025-04-18,Power Bank,5,1200,Kisumu
105064,2025-11-27,Tecno Spark 20 Case,3,1200,Nakuru
105065,2025-05-22,Charger,4,200,Eldoret
105066,2025-04-25,Earbuds,4,800,Nakuru
105067,2025-12-04,Tecno Spark 20 Case,2,800,Mombasa
105068,2025-02-19,Redmi Note 14 Case,4,2500,Nairobi
105069,2025-09-28,iPhone 13 Case,2,2500,Nakuru
105070,2025-01-30,Samsung A16 Case,2,800,Mombasa
105071,2025-11-29,Infinix Hot 40 Case,4,200,Nairobi
105072,2025-02-04,Power Bank,2,200,Nairobi
105073,2025-08-18,Samsung A16 Case,two,500,Eldoret
105074,2025-04-10,Power Bank,5,800,Eldoret
105075,2025-02-24,Power Bank,3,500,Mombasa
105076,2025-05-08,Screen Protector,5,300,Nakuru
105077,2025-12-07,Samsung A16 Case,4,300,Kisumu
105078,2025-02-05,Earbuds,5,300,Nairobi
105079,2025-11-05,Samsung A35 Case,1,500,Mombasa
105080,2025-03-28,iPhone 13 Case,2,500,Kisumu
105081,2025-06-26,Screen Protector,2,500,Kisumu
105082,2025-01-11,Earbuds,2,500,Kisumu
105083,2025-05-02,Power Bank,3,500,Nairobi
105084,2025-01-31,Power Bank,4,2500,Kisumu
105085,2025-08-12,Screen Protector,1,800,Kisumu
105086,2025-04-02,Power Bank,1,500,Eldoret
105087,2025-12-14,Samsung A16 Case,1,500,Mombasa
105088,2025-07-16,Earbuds,2,300,Kisumu
105089,2025-08-16,Infinix Hot 40 Case,2,300,Nakuru
105090,2025-11-29,Power Bank,3,1200,Nairobi
105091,2025-10-03,Tecno Spark 20 Case,2,500,Nakuru
105092,2025-03-03,Tecno Spark 20 Case,2,300,Mombasa
105093,2025-06-15,Power Bank,4,300,Nakuru
105094,2025-09-04,Redmi Note 14 Case,1,2500,Nairobi
105095,2025-04-06,Samsung A16 Case,2,300,Mombasa
105096,2025-11-04,Redmi Note 14 Case,4,800,Nairobi
105097,2025-11-30,Redmi Note 14 Case,2,800,Nairobi
105098,2025-11-22,,1,1200,Eldoret
105099,2025-11-16,Samsung A16 Case,4,1200,Mombasa
105100,2025-09-07,Samsung A35 Case,4,500,Mombasa
105101,2025-07-05,Samsung A16 Case,1,200,Kisumu
105102,2025-03-10,iPhone 13 Case,5,500,Mombasa
105103,2025-12-13,Samsung A35 Case,1,800,Nairobi
105104,2025-09-06,Power Bank,1,500,Eldoret
105105,2025-09-28,Earbuds,5,500,Mombasa
105106,2025-10-22,Screen Protector,3,-500,Eldoret
105107,2025-11-09,iPhone 13 Case,4,200,Nakuru
105108,2025-05-07,iPhone 13 Case,3,300,Eldoret
105109,2025-04-17,Redmi Note 14 Case,3,2500,Nakuru
105110,2025-05-26,Redmi Note 14 Case,1,500,Nakuru
105111,2025-05-28,Charger,2,1200,Eldoret
105112,2025-12-08,Infinix Hot 40 Case,2,-200,Nakuru
105113,2025-12-01,,2,1200,Mombasa
105114,2025-09-04,Charger,4,1200,Kisumu
105115,2025-12-18,Redmi Note 14 Case,2,1200,Eldoret
105116,2025-02-16,Redmi Note 14 Case,2,800,Eldoret
105117,2025-04-23,Charger,4,500,Kisumu
105118,2025-12-07,Earbuds,5,300,Nakuru
105119,2025-11-20,Redmi Note 14 Case,1,200,Eldoret
105120,2025-04-07,Power Bank,3,800,Mombasa
105121,2025-03-04,Earbuds,1,500,Nakuru
105122,2025-04-19,Redmi Note 14 Case,2,800,Mombasa
105123,2025-01-12,Redmi Note 14 Case,5,800,Nairobi
105124,2025-12-08,Earbuds,4,800,Mombasa
105125,2025-08-24,Earbuds,3,2500,Mombasa
105126,2025-07-06,Earbuds,2,800,Nairobi
105127,2025-11-15,Tecno Spark 20 Case,5,200,Nakuru
105128,2025-06-11,Samsung A35 Case,1,200,Nakuru
105129,2025-12-30,Infinix Hot 40 Case,5,200,Nakuru
105130,2025-12-01,Infinix Hot 40 Case,1,300,Nakuru
105131,2025-06-22,Samsung A35 Case,5,200,Mombasa
105132,2025-09-18,iPhone 13 Case,2,300,Nakuru
105133,2025-11-26,Samsung A35 Case,4,200,Nakuru
105134,2025-01-05,Samsung A16 Case,2,200,Eldoret
105135,2025-12-17,Samsung A16 Case,1,800,Eldoret
105136,2025-08-18,Charger,5,2500,Nairobi
105137,2025-09-28,Samsung A35 Case,5,300,Nakuru
105138,2025-06-02,Samsung A16 Case,5,1200,Nakuru
105139,2025-12-24,iPhone 13 Case,2,500,Kisumu
105140,2025-04-23,Samsung A35 Case,5,800,Eldoret
105141,2025-03-24,,2,300,Nairobi
105142,2025-08-14,Samsung A35 Case,4,300,Mombasa
105143,2025-12-05,Samsung A35 Case,1,-2500,Nairobi
105144,2025-11-29,iPhone 13 Case,3,800,Mombasa
105145,2025-07-26,Samsung A35 Case,1,1200,Mombasa
105146,2025-09-03,Samsung A16 Case,4,1200,Mombasa
105147,2025-09-16,Power Bank,2,500,Nairobi
105148,2025-01-23,Power Bank,1,1200,Eldoret
105149,2025-12-27,,4,1200,Nairobi
105150,2025-05-22,iPhone 13 Case,3,500,Nairobi
105151,2025-04-20,Earbuds,5,2500,Nakuru
105152,2025-06-28,Redmi Note 14 Case,4,2500,Kisumu
105153,2025-01-06,Redmi Note 14 Case,1,2500,Nairobi
105154,2025-07-26,Earbuds,5,500,Kisumu
105155,2025-11-26,Charger,2,200,Nairobi
105156,2025-12-02,Samsung A16 Case,3,300,Eldoret
105157,2025-10-16,Redmi Note 14 Case,4,500,Eldoret
105158,2025-05-20,Earbuds,1,800,Mombasa
105159,2025-01-13,Tecno Spark 20 Case,4,200,Mombasa
105160,2025-12-18,Screen Protector,5,1200,Kisumu
105161,2025-12-22,Samsung A16 Case,5,800,Nakuru
105162,2025-11-03,iPhone 13 Case,5,800,Eldoret
105163,2025-01-21,Samsung A16 Case,3,2500,Nairobi
105164,2025-09-02,Screen Protector,1,200,Mombasa
105165,2025-03-17,Infinix Hot 40 Case,two,2500,Kisumu
105166,2025-03-06,Power Bank,2,500,Kisumu
105167,,Redmi Note 14 Case,2,2500,Nairobi
105168,2025-01-06,Screen Protector,4,1200,Nairobi
105169,2025-09-15,Infinix Hot 40 Case,2,300,Nakuru
105170,2025-11-08,Tecno Spark 20 Case,2,300,Nairobi
105171,2025-11-22,Samsung A16 Case,4,200,Nakuru
105172,2025-01-30,iPhone 13 Case,5,200,Eldoret
105173,2025-02-03,Screen Protector,1,800,Eldoret
105174,2025-01-22,Power Bank,1,1200,Kisumu
105175,2025-09-29,Charger,4,500,Kisumu
105176,2025-06-21,Tecno Spark 20 Case,2,500,Eldoret
105177,2025-10-31,Samsung A16 Case,5,500,Kisumu
105178,2025-08-30,earbuds,5,800,Nairobi
105179,2025-06-13,iPhone 13 Case,4,500,Kisumu
105180,2025-12-18,iPhone 13 Case,2,2500,Nairobi
105181,2025-03-27,Tecno Spark 20 Case,1,1200,Eldoret
105182,2025-02-20,,2,200,Mombasa
105183,2025-12-10,Samsung A16 Case,4,300,Mombasa
105184,2025-08-22,Samsung A35 Case,2,800,Nairobi
105185,2025-12-17,Redmi Note 14 Case,3,2500,Nairobi
105186,2025-05-24,Screen Protector,5,200,Mombasa
105187,2025-08-27,Charger,3,200,Kisumu
105188,2025-09-03,Samsung A35 Case,2,500,Eldoret
105189,2025-06-07,Redmi Note 14 Case,2,2500,Kisumu
105190,2025-02-24,Samsung A16 Case,1,300,Nairobi
105191,2025-04-18,Earbuds,4,1200,Mombasa
105192,2025-07-17,Tecno Spark 20 Case,4,1200,Eldoret
105193,2025-07-22,iPhone 13 Case,5,300,Kisumu
105194,2025-01-24,Screen Protector,2,800,Kisumu
105195,2025-09-18,Earbuds,1,2500,Eldoret
105196,2025-12-04,iPhone 13 Case,5,2500,Nairobi
105197,2025-04-01,Earbuds,1,1200,Nakuru
105198,2025-01-16,Redmi Note 14 Case,5,800,Mombasa
105199,2025-10-03,iPhone 13 Case,2,300,Mombasa
105200,2025-07-11,Charger,5,500,Mombasa
105201,2025-04-23,Charger,1,1200,Nakuru
105202,2025-06-27,iPhone 13 Case,3,200,Mombasa
105203,2025-07-08,Tecno Spark 20 Case,2,300,Eldoret
105204,2025-03-31,Screen Protector,4,2500,Nakuru
105205,2025-06-22,Infinix Hot 40 Case,3,2500,Eldoret
105206,2025-10-12,Power Bank,two,500,Nairobi
105207,2025-06-26,samsung a35 case,1,1200,Mombasa
105208,2025-10-28,Charger,3,500,Nakuru
105209,2025-08-27,Tecno Spark 20 Case,5,500,Kisumu
105210,2025-08-02,Earbuds,2,500,Kisumu
105211,2025-09-19,Tecno Spark 20 Case,3,2500,Nairobi
105212,2025-05-13,Screen Protector,1,800,Kisumu
105213,2025-07-30,Power Bank,4,500,Nairobi
105214,2025-07-24,Tecno Spark 20 Case,5,2500,Nairobi
105215,2025-02-12,Redmi Note 14 Case,two,1200,Kisumu
105216,2025-07-09,,1,500,Mombasa
105217,2025-08-21,iPhone 13 Case,5,200,Mombasa
105218,2025-09-05,Power Bank,5,200,Nairobi
105219,2025-08-05,Earbuds,3,200,Mombasa
105220,2025-03-10,Tecno Spark 20 Case,3,200,Nairobi
105221,2025-10-02,Samsung A16 Case,4,500,Nairobi
105222,2025-12-01,Samsung A16 Case,4,800,Nairobi
105223,2025-06-04,Tecno Spark 20 Case,5,2500,Nakuru
105224,2025-04-11,Infinix Hot 40 Case,5,300,Nairobi
105225,2025-05-24,Samsung A35 Case,4,500,Eldoret
105226,2025-02-14,Infinix Hot 40 Case,5,500,Mombasa
105227,2025-07-26,iPhone 13 Case,4,500,Nairobi
105228,2025-01-07,iPhone 13 Case,two,2500,Mombasa
105229,2025-04-24,,3,2500,Nakuru
105230,2025-10-03,Samsung A35 Case,5,-300,Mombasa
105231,2025-02-27,Charger,4,300,Eldoret
105232,2025-02-19,Charger,4,2500,Nakuru
105233,2025-05-30,Samsung A16 Case,5,1200,Kisumu
105234,2025-03-07,Power Bank,5,500,Eldoret
105235,2025-12-04,Redmi Note 14 Case,5,200,Kisumu
105236,2025-05-17,Earbuds,1,200,Kisumu
105237,2025-02-23,Tecno Spark 20 Case,1,300,Nairobi
105238,2025-05-12,Earbuds,4,300,Nairobi
105239,2025-12-26,Screen Protector,2,500,Kisumu
105240,2025-07-11,Power Bank,4,200,Kisumu
105241,2025-02-18,Tecno Spark 20 Case,4,2500,Kisumu
105242,2025-05-29,Earbuds,5,300,Mombasa
105243,2025-10-10,Infinix Hot 40 Case,1,300,Kisumu
105244,2025-02-04,Samsung A16 Case,1,800,Mombasa
105245,2025-02-22,,3,200,Eldoret
105246,2025-04-14,Earbuds,2,200,Kisumu
105247,2025-08-30,Samsung A35 Case,5,1200,Kisumu
105248,2025-12-27,Tecno Spark 20 Case,1,300,Mombasa
105249,2025-02-03,Tecno Spark 20 Case,3,500,Mombasa
105250,2025-09-16,Screen Protector,1,2500,Kisumu
105251,2025-07-25,Samsung A35 Case,3,200,Mombasa
105252,2025-04-22,Charger,5,800,Mombasa
105253,,infinix hot 40 case,1,200,Nairobi
105254,2025-06-05,Charger,two,300,Eldoret
105255,2025-05-16,Earbuds,2,500,Nakuru
105256,2025-01-18,Samsung A35 Case,3,500,Mombasa
105257,2025-09-29,Infinix Hot 40 Case,2,300,Kisumu
105258,2025-12-26,Samsung A35 Case,4,2500,Kisumu
105259,2025-01-16,Samsung A35 Case,4,500,Mombasa
105260,2025-07-31,Redmi Note 14 Case,3,200,Nairobi
105261,2025-10-10,Tecno Spark 20 Case,3,800,Mombasa
105262,2025-01-30,iPhone 13 Case,1,1200,Nakuru
105263,2025-11-06,Power Bank,5,200,Nakuru
105264,2025-11-01,Tecno Spark 20 Case,4,500,Nairobi
105265,2025-04-01,Charger,4,800,Nakuru
105266,2025-08-03,iPhone 13 Case,3,2500,Nakuru
105267,2025-11-10,Screen Protector,2,300,Eldoret
105268,2025-05-12,Redmi Note 14 Case,3,2500,Kisumu
105269,2025-12-01,Tecno Spark 20 Case,3,2500,Kisumu
105270,2025-06-10,iPhone 13 Case,1,1200,Mombasa
105271,2025-08-29,,2,300,Nakuru
105272,2025-10-21,Samsung A35 Case,2,300,Mombasa
105273,2025-10-20,Infinix Hot 40 Case,2,800,Nakuru
105274,2025-05-20,Infinix Hot 40 Case,4,200,Nairobi
105275,2025-05-22,Screen Protector,3,1200,Nairobi
105276,2025-09-25,Samsung A16 Case,4,300,Kisumu
105277,2025-02-13,Samsung A35 Case,2,300,Kisumu
105278,2025-09-30,Screen Protector,2,300,Kisumu
105279,2025-10-05,iPhone 13 Case,3,300,Eldoret
105280,2025-02-22,Redmi Note 14 Case,1,1200,Kisumu
105281,2025-08-16,Redmi Note 14 Case,1,800,Nakuru
105282,2025-09-11,Tecno Spark 20 Case,2,500,Eldoret
105283,2025-11-05,Charger,4,300,Mombasa
105284,2025-04-05,Power Bank,5,1200,Nakuru
105285,2025-05-30,Samsung A35 Case,4,300,Kisumu
105286,2025-05-11,screen protector,4,1200,Mombasa
105287,2025-04-19,Infinix Hot 40 Case,1,300,Kisumu
105288,,Power Bank,3,800,Nakuru
105289,2025-05-23,Infinix Hot 40 Case,5,300,Mombasa
105290,2025-09-18,Screen Protector,1,200,Nairobi
105291,2025-01-10,Redmi Note 14 Case,2,800,Eldoret
105292,2025-08-18,Charger,1,200,Kisumu
105293,2025-04-19,Samsung A16 Case,3,200,Mombasa
105294,2025-12-29,Infinix Hot 40 Case,3,300,Nakuru
105295,2025-09-25,Charger,5,500,Mombasa
105296,2025-12-01,Screen Protector,5,300,Mombasa
105297,2025-10-16,Samsung A16 Case,3,800,Nairobi
105298,2025-09-19,iPhone 13 Case,2,1200,Mombasa
105299,2025-04-29,Samsung A35 Case,1,1200,Nairobi
105300,2025-09-08,Power Bank,4,1200,Kisumu
105301,2025-08-17,Samsung A16 Case,4,800,Mombasa
105302,2025-03-25,Charger,1,1200,Nairobi
105303,2025-04-23,Charger,1,200,Kisumu
105304,2025-09-03,Power Bank,2,800,Eldoret
105305,2025-02-06,Earbuds,3,2500,Kisumu
105306,2025-02-03,Earbuds,3,200,Nakuru
105307,2025-11-14,Earbuds,3,1200,Nakuru
105308,2025-07-18,Screen Protector,1,500,Kisumu
105309,2025-03-20,Screen Protector,5,300,Nakuru
105310,2025-10-12,Earbuds,2,200,Kisumu
105311,2025-04-11,Earbuds,4,2500,Eldoret
105312,2025-03-09,Screen Protector,4,800,Mombasa
105313,2025-09-27,Charger,4,300,Kisumu
105314,2025-03-18,Tecno Spark 20 Case,1,800,Kisumu
105315,2025-06-16,Samsung A35 Case,4,200,Nakuru
105316,2025-02-01,Power Bank,1,800,Mombasa
105317,2025-09-07,Redmi Note 14 Case,1,1200,Nairobi
105318,2025-11-29,Power Bank,2,2500,Nakuru
105319,2025-07-22,Earbuds,2,800,Kisumu
105320,2025-08-08,Screen Protector,5,200,Nakuru
105321,2025-12-01,Redmi Note 14 Case,4,1200,Eldoret
105322,2025-10-25,Samsung A35 Case,4,1200,Nakuru
105323,2025-03-12,Tecno Spark 20 Case,4,2500,Eldoret
105324,2025-01-13,Tecno Spark 20 Case,4,200,Nairobi
105325,2025-09-28,Redmi Note 14 Case,4,800,Mombasa
105326,2025-01-15,iphone 13 case,5,500,Eldoret
105327,2025-02-25,Redmi Note 14 Case,4,500,Nairobi
105328,2025-08-14,iPhone 13 Case,4,500,Nakuru
105329,2025-08-10,Infinix Hot 40 Case,5,800,Nakuru
105330,2025-10-12,Infinix Hot 40 Case,2,1200,Eldoret
105331,2025-06-06,Power Bank,1,300,Eldoret
105332,2025-01-21,Charger,3,300,Mombasa
105333,2025-08-21,,4,2500,Nairobi
105334,2025-11-03,Charger,1,300,Nakuru
105335,2025-03-19,Samsung A35 Case,5,200,Mombasa
105336,2025-12-29,Samsung A35 Case,4,800,Kisumu
105337,2025-05-23,Samsung A16 Case,4,2500,Mombasa
105338,2025-08-02,Screen Protector,2,2500,Mombasa
105339,2025-02-23,Samsung A35 Case,1,300,Nakuru
105340,2025-09-08,Power Bank,3,-300,Nairobi
105341,2025-07-13,Infinix Hot 40 Case,3,1200,Nakuru
105342,2025-09-01,iPhone 13 Case,two,500,Nairobi
105343,2025-03-12,iPhone 13 Case,4,1200,Eldoret
105344,2025-04-23,Earbuds,2,800,Nakuru
105345,2025-10-28,Tecno Spark 20 Case,2,300,Eldoret
105346,2025-07-12,Tecno Spark 20 Case,2,300,Nairobi
105347,2025-08-20,Charger,3,200,Nairobi
105348,2025-07-28,Samsung A16 Case,4,300,Mombasa
105349,2025-01-20,Screen Protector,5,300,Eldoret
105350,2025-08-12,iPhone 13 Case,3,2500,Eldoret
105351,2025-09-17,Samsung A16 Case,two,300,Nakuru
105352,2025-01-24,Screen Protector,2,200,Nairobi
105353,2025-10-19,Earbuds,2,300,Mombasa
105354,2025-01-12,iPhone 13 Case,1,800,Kisumu
105355,2025-07-27,Screen Protector,5,500,Eldoret
105356,2025-07-15,Power Bank,2,200,Nakuru
105357,2025-04-13,Samsung A16 Case,1,1200,Eldoret
105358,2025-09-01,Power Bank,1,1200,Kisumu
105359,2025-06-27,Samsung A35 Case,5,800,Eldoret
105360,2025-03-13,Earbuds,5,200,Nairobi
105361,2025-04-15,Power Bank,3,1200,Kisumu
105362,2025-11-10,Infinix Hot 40 Case,4,500,Eldoret
105363,2025-12-15,Tecno Spark 20 Case,2,500,Nairobi
105364,2025-09-28,Samsung A35 Case,5,2500,Nairobi
105365,2025-02-27,,1,500,Mombasa
105366,2025-02-08,Samsung A35 Case,4,500,Nairobi
105367,2025-10-18,Charger,2,200,Nairobi
105368,2025-02-21,Screen Protector,3,800,Nakuru
105369,2025-01-30,Earbuds,2,1200,Nakuru
105370,2025-06-12,Infinix Hot 40 Case,2,800,Nairobi
105371,2025-05-22,Infinix Hot 40 Case,5,800,Mombasa
105372,2025-04-01,Tecno Spark 20 Case,5,1200,Eldoret
105373,2025-12-31,Screen Protector,1,1200,Mombasa
105374,2025-04-26,Power Bank,4,500,Nairobi
105375,2025-10-25,Charger,1,2500,Nairobi
105376,,Charger,5,200,Nakuru
105377,2025-04-17,Samsung A35 Case,3,300,Mombasa
105378,2025-10-10,Tecno Spark 20 Case,5,800,Mombasa
105379,2025-06-04,Samsung A16 Case,1,1200,Eldoret
105380,2025-08-31,Charger,3,2500,Kisumu
105381,2025-05-29,iPhone 13 Case,3,2500,Mombasa
105382,2025-07-09,Infinix Hot 40 Case,1,500,Nakuru
105383,2025-03-27,Samsung A16 Case,2,200,Kisumu
105384,2025-07-10,iPhone 13 Case,1,800,Mombasa
105385,2025-06-01,Tecno Spark 20 Case,2,2500,Nairobi
105386,2025-05-18,Samsung A35 Case,2,200,Nakuru
105387,2025-06-13,Screen Protector,4,300,Nairobi
105388,2025-05-16,Tecno Spark 20 Case,2,500,Nakuru
105389,2025-07-17,iPhone 13 Case,1,2500,Nakuru
105390,2025-10-21,Infinix Hot 40 Case,4,1200,Kisumu
105391,2025-12-03,Screen Protector,two,2500,Eldoret
105392,2025-10-23,Charger,3,2500,Kisumu
105393,2025-08-04,Redmi Note 14 Case,2,300,Mombasa
105394,2025-09-09,screen protector,2,500,Mombasa
105395,2025-11-09,Charger,2,500,Eldoret
105396,,Redmi Note 14 Case,5,300,Eldoret
105397,2025-04-03,Charger,4,1200,Nairobi
105398,2025-02-19,Screen Protector,5,200,Nakuru
105399,2025-09-23,Earbuds,3,1200,Eldoret
105400,2025-08-21,Tecno Spark 20 Case,4,800,Nairobi
105401,2025-06-08,Tecno Spark 20 Case,5,800,Eldoret
105402,2025-09-08,Samsung A16 Case,2,200,Nairobi
105403,2025-10-28,Earbuds,4,300,Nairobi
105404,2025-04-12,Samsung A16 Case,3,800,Mombasa
105405,2025-02-21,Charger,1,500,Nairobi
105406,2025-05-11,Samsung A35 Case,5,2500,Nairobi
105407,2025-07-24,Power Bank,1,500,Nakuru
105408,2025-09-14,iPhone 13 Case,1,200,Nairobi
105409,2025-06-27,Charger,2,2500,Eldoret
105410,2025-09-03,Samsung A35 Case,3,200,Nakuru
105411,2025-09-16,Screen Protector,2,200,Mombasa
105412,2025-05-05,Samsung A16 Case,2,300,Nairobi
105413,2025-12-17,Redmi Note 14 Case,1,2500,Eldoret
105414,2025-03-25,Infinix Hot 40 Case,5,1200,Eldoret
105415,2025-10-08,Samsung A35 Case,2,800,Mombasa
105416,2025-01-25,Samsung A16 Case,1,2500,Kisumu
105417,2025-08-24,Power Bank,2,200,Mombasa
105418,2025-02-06,Power Bank,5,800,Kisumu
105419,2025-06-01,Charger,2,800,Nakuru
105420,2025-05-17,Samsung A16 Case,5,500,Nakuru
105421,2025-05-28,Earbuds,3,500,Nakuru
105422,2025-12-16,Tecno Spark 20 Case,5,800,Nakuru
105423,2025-06-12,Tecno Spark 20 Case,1,2500,Eldoret
105424,2025-11-26,Samsung A16 Case,two,1200,Nakuru
105425,2025-05-12,Samsung A35 Case,2,200,Kisumu
105426,,Tecno Spark 20 Case,2,800,Nakuru
105427,2025-08-15,Screen Protector,1,800,Nairobi
105428,2025-09-27,Charger,2,-500,Eldoret
105429,2025-07-04,Tecno Spark 20 Case,5,200,Mombasa
105430,,Samsung A16 Case,2,300,Nairobi
105431,2025-04-27,iPhone 13 Case,5,1200,Kisumu
105432,2025-07-23,iPhone 13 Case,2,300,Mombasa
105433,2025-07-08,Power Bank,4,500,Eldoret
105434,2025-03-25,Infinix Hot 40 Case,2,800,Kisumu
105435,2025-10-01,Infinix Hot 40 Case,5,1200,Eldoret
105436,2025-10-10,Power Bank,3,300,Nakuru
105437,2025-05-09,Earbuds,3,300,Nakuru
105438,2025-06-30,Screen Protector,5,1200,Mombasa
105439,2025-10-01,Screen Protector,5,500,Eldoret
105440,2025-09-17,Samsung A16 Case,5,300,Nakuru
105441,2025-04-26,Redmi Note 14 Case,5,200,Nakuru
105442,2025-11-29,Power Bank,3,-800,Eldoret
105443,2025-07-30,Charger,1,200,Mombasa
105444,2025-12-05,Samsung A16 Case,4,200,Nakuru
105445,2025-06-17,Samsung A16 Case,1,1200,Nairobi
105446,2025-03-27,Infinix Hot 40 Case,two,200,Nairobi
105447,2025-07-15,Earbuds,4,1200,Eldoret
105448,2025-10-15,Redmi Note 14 Case,two,1200,Nakuru
105449,2025-12-19,Tecno Spark 20 Case,1,200,Mombasa
105450,2025-12-02,Infinix Hot 40 Case,2,2500,Nairobi
105451,2025-05-07,Earbuds,2,200,Nakuru
105452,2025-12-31,iPhone 13 Case,3,1200,Nairobi
105453,2025-06-20,Charger,3,200,Mombasa
105454,2025-03-21,Samsung A16 Case,3,200,Kisumu
105455,,iPhone 13 Case,4,500,Nakuru
105456,2025-12-03,Samsung A16 Case,3,1200,Nakuru
105457,2025-12-02,Tecno Spark 20 Case,2,2500,Nairobi
105458,2025-02-03,Samsung A16 Case,3,300,Nairobi
105459,2025-09-11,Earbuds,5,800,Kisumu
105460,2025-06-25,Redmi Note 14 Case,5,300,Nakuru
105461,2025-08-02,Samsung A35 Case,4,2500,Eldoret
105462,2025-01-13,Charger,1,200,Nairobi
105463,2025-10-03,Tecno Spark 20 Case,4,800,Kisumu
105464,2025-08-17,Tecno Spark 20 Case,4,200,Nairobi
105465,2025-06-25,Infinix Hot 40 Case,4,-200,Nakuru
105466,2025-12-31,Screen Protector,1,200,Nakuru
105467,2025-12-22,Screen Protector,3,500,Nairobi
105468,2025-07-14,Tecno Spark 20 Case,1,800,Mombasa
105469,2025-01-11,Tecno Spark 20 Case,2,300,Kisumu
105470,2025-07-15,Charger,1,200,Eldoret
105471,2025-08-08,Infinix Hot 40 Case,5,800,Mombasa
105472,2025-03-04,Screen Protector,5,500,Kisumu
105473,2025-12-13,Earbuds,5,800,Kisumu
105474,2025-03-11,Screen Protector,3,2500,Nakuru
105475,2025-09-12,Samsung A35 Case,4,800,Mombasa
105476,2025-09-21,Infinix Hot 40 Case,2,1200,Kisumu
105477,2025-09-06,Power Bank,5,800,Mombasa
105478,2025-04-10,Power Bank,5,800,Kisumu
105479,2025-06-15,Samsung A16 Case,3,800,Nairobi
105480,2025-04-22,Infinix Hot 40 Case,two,1200,Nakuru
105481,2025-06-14,Earbuds,2,2500,Nairobi
105482,2025-01-22,iPhone 13 Case,2,2500,Mombasa
105483,2025-04-16,Screen Protector,2,2500,Eldoret
105484,2025-11-26,iPhone 13 Case,2,1200,Nairobi
105485,2025-11-17,Tecno Spark 20 Case,2,1200,Nakuru
105486,2025-06-02,Redmi Note 14 Case,2,200,Eldoret
105487,2025-04-12,Power Bank,1,500,Kisumu
105488,2025-03-25,Power Bank,3,2500,Nairobi
105489,2025-05-01,Redmi Note 14 Case,5,300,Kisumu
105490,2025-06-29,Infinix Hot 40 Case,2,1200,Nakuru
105491,2025-01-24,Infinix Hot 40 Case,4,-500,Kisumu
105492,2025-03-11,Charger,1,1200,Kisumu
105493,2025-09-14,Power Bank,1,300,Kisumu
105494,2025-02-01,Screen Protector,5,200,Nakuru
105495,2025-02-01,Power Bank,3,800,Nakuru
105496,2025-08-04,Screen Protector,5,300,Nairobi
105497,2025-01-30,Samsung A16 Case,2,800,Kisumu
105498,2025-05-24,Earbuds,3,200,Nakuru
105499,2025-12-23,iPhone 13 Case,2,800,Kisumu
105500,2025-10-08,Infinix Hot 40 Case,4,500,Eldoret
105501,2025-12-19,Samsung A16 Case,1,300,Mombasa
105502,2025-07-28,Redmi Note 14 Case,4,300,Kisumu
105503,2025-06-18,Screen Protector,4,800,Nairobi
105504,2025-07-24,Power Bank,4,2500,Eldoret
105505,2025-01-09,Tecno Spark 20 Case,1,200,Nakuru
105506,2025-12-06,Samsung A35 Case,4,200,Kisumu
105507,2025-04-16,Charger,2,500,Nakuru
105508,2025-12-07,Power Bank,3,200,Kisumu
105509,2025-11-07,Tecno Spark 20 Case,1,200,Eldoret
105510,,Power Bank,4,1200,Kisumu
105511,2025-05-11,Power Bank,4,800,Nakuru
105512,2025-09-20,iPhone 13 Case,2,500,Kisumu
105513,2025-01-24,Infinix Hot 40 Case,3,-300,Kisumu
105514,2025-08-17,Charger,5,1200,Nairobi
105515,2025-06-21,Earbuds,2,500,Kisumu
105516,2025-10-02,Screen Protector,4,800,Nairobi
105517,2025-08-02,Samsung A35 Case,5,2500,Mombasa
105518,2025-10-29,Charger,4,1200,Mombasa
105519,2025-05-29,,3,800,Kisumu
105520,2025-08-17,Samsung A35 Case,2,300,Mombasa
105521,2025-04-18,Samsung A16 Case,3,500,Kisumu
105522,2025-08-17,Samsung A35 Case,4,300,Kisumu
105523,2025-09-11,Power Bank,5,2500,Eldoret
105524,,Power Bank,5,200,Nakuru
105525,2025-08-10,Earbuds,5,300,Nairobi
105526,2025-02-18,Tecno Spark 20 Case,2,500,Eldoret
105527,2025-08-05,Redmi Note 14 Case,1,1200,Nakuru
105528,2025-05-06,Samsung A16 Case,3,1200,Mombasa
105529,2025-12-22,Tecno Spark 20 Case,2,300,Kisumu
105530,2025-12-31,iPhone 13 Case,2,2500,Kisumu
105531,2025-10-09,Screen Protector,4,500,Mombasa
105532,2025-05-05,Redmi Note 14 Case,5,2500,Kisumu
105533,2025-02-21,Screen Protector,4,200,Nakuru
105534,2025-07-06,Samsung A35 Case,5,2500,Nakuru
105535,2025-04-14,Charger,5,2500,Mombasa
105536,2025-10-31,Samsung A35 Case,5,500,Nakuru
105537,2025-05-24,Infinix Hot 40 Case,3,1200,Nakuru
105538,2025-01-03,Redmi Note 14 Case,4,2500,Kisumu
105539,,Power Bank,4,1200,Eldoret
105540,2025-12-18,Screen Protector,2,800,Kisumu
105541,2025-12-13,Power Bank,two,1200,Nakuru
105542,2025-06-04,,1,800,Kisumu
105543,2025-07-06,Samsung A16 Case,5,800,Nakuru
105544,2025-12-17,Infinix Hot 40 Case,4,200,Nakuru
105545,2025-02-22,Redmi Note 14 Case,2,200,Nakuru
105546,2025-04-24,Tecno Spark 20 Case,2,200,Kisumu
105547,2025-05-12,Power Bank,3,500,Kisumu
105548,2025-05-25,Earbuds,4,300,Eldoret
105549,2025-07-17,Samsung A16 Case,1,1200,Eldoret
105550,2025-03-25,Infinix Hot 40 Case,5,1200,Mombasa
105551,2025-09-10,Redmi Note 14 Case,4,500,Nakuru
105552,2025-09-21,Samsung A35 Case,5,1200,Nakuru
105553,2025-09-16,Tecno Spark 20 Case,5,200,Nairobi
105554,2025-01-07,Earbuds,4,800,Kisumu
105555,2025-08-19,Samsung A35 Case,5,500,Nairobi
105556,2025-05-05,Earbuds,two,1200,Nairobi
105557,2025-04-28,Infinix Hot 40 Case,2,2500,Mombasa
105558,2025-01-22,Tecno Spark 20 Case,1,800,Nakuru
105559,,Tecno Spark 20 Case,4,500,Mombasa
105560,2025-07-12,Samsung A16 Case,2,500,Mombasa
105561,2025-06-17,Power Bank,1,200,Mombasa
105562,2025-08-27,Redmi Note 14 Case,2,300,Kisumu
105563,2025-09-01,Charger,5,500,Eldoret
105564,2025-03-18,Samsung A35 Case,3,200,Kisumu
105565,2025-03-03,Power Bank,2,300,Eldoret
105566,2025-02-17,Screen Protector,1,200,Mombasa
105567,2025-08-23,Samsung A16 Case,1,500,Eldoret
105568,2025-06-22,Samsung A16 Case,2,-300,Kisumu
105569,2025-10-21,Samsung A16 Case,2,1200,Kisumu
105570,2025-12-15,power bank,4,500,Eldoret
105571,2025-05-14,Screen Protector,3,2500,Nakuru
105572,2025-03-07,Samsung A35 Case,3,2500,Nairobi
105573,2025-07-14,Samsung A35 Case,2,200,Eldoret
105574,2025-09-11,iPhone 13 Case,1,800,Mombasa
105575,2025-01-15,Screen Protector,5,500,Mombasa
105576,2025-01-27,Samsung A35 Case,4,800,Kisumu
105577,2025-03-08,,2,300,Eldoret
105578,2025-02-01,Redmi Note 14 Case,5,500,Eldoret
105579,2025-07-25,Samsung A35 Case,3,2500,Nakuru
105580,2025-02-12,Screen Protector,two,200,Nakuru
105581,2025-09-16,Redmi Note 14 Case,1,300,Eldoret
105582,2025-11-15,Power Bank,2,500,Eldoret
105583,2025-12-25,Redmi Note 14 Case,2,800,Eldoret
105584,2025-10-29,Charger,3,800,Eldoret
105585,2025-12-19,Infinix Hot 40 Case,4,300,Mombasa
105586,2025-06-15,Samsung A16 Case,2,2500,Eldoret
105587,2025-03-14,Redmi Note 14 Case,3,500,Nakuru
105588,2025-06-20,iPhone 13 Case,4,500,Nairobi
105589,2025-07-29,Samsung A16 Case,1,2500,Kisumu
105590,2025-12-04,Tecno Spark 20 Case,5,2500,Nairobi
105591,2025-04-25,Tecno Spark 20 Case,3,200,Kisumu
105592,2025-08-15,Power Bank,4,800,Eldoret
105593,2025-03-29,Samsung A16 Case,2,200,Mombasa
105594,2025-11-29,Power Bank,2,200,Nairobi
105595,2025-09-30,Power Bank,2,300,Mombasa
105596,2025-04-02,Samsung A35 Case,3,200,Nakuru
105597,2025-05-29,Screen Protector,5,300,Nakuru
105598,2025-02-22,Infinix Hot 40 Case,5,200,Mombasa
105599,2025-09-19,Tecno Spark 20 Case,3,1200,Mombasa
105600,2025-08-22,Charger,3,300,Eldoret
105601,2025-07-16,Tecno Spark 20 Case,1,500,Kisumu
105602,2025-07-21,Infinix Hot 40 Case,1,800,Nakuru
105603,2025-08-11,Charger,5,300,Kisumu
105604,2025-07-07,iPhone 13 Case,2,200,Nairobi
105605,2025-05-22,Tecno Spark 20 Case,2,500,Kisumu
105606,2025-03-20,Earbuds,4,300,Kisumu
105607,2025-10-19,Power Bank,1,500,Mombasa
105608,2025-12-07,Charger,2,200,Eldoret
105609,2025-07-31,Infinix Hot 40 Case,4,2500,Nakuru
105610,2025-09-20,Samsung A35 Case,1,300,Mombasa
105611,2025-10-28,Charger,2,500,Mombasa
105612,2025-10-29,Earbuds,3,800,Nairobi
105613,2025-03-16,Screen Protector,5,2500,Eldoret
105614,2025-08-13,infinix hot 40 case,3,300,Kisumu
105615,2025-04-09,Power Bank,4,2500,Mombasa
105616,2025-12-29,iPhone 13 Case,5,500,Nairobi
105617,2025-06-30,Screen Protector,2,2500,Kisumu
105618,2025-03-09,Screen Protector,1,300,Kisumu
105619,2025-03-07,Power Bank,1,-500,Kisumu
105620,2025-02-07,,3,500,Eldoret
105621,2025-11-14,Tecno Spark 20 Case,4,300,Nakuru
105622,2025-10-28,Screen Protector,1,300,Nairobi
105623,2025-03-08,Tecno Spark 20 Case,1,1200,Kisumu
105624,2025-12-28,Screen Protector,2,800,Nakuru
105625,2025-03-23,Samsung A16 Case,2,1200,Nairobi
105626,2025-05-11,Tecno Spark 20 Case,5,200,Nairobi
105627,2025-09-07,Redmi Note 14 Case,1,200,Nairobi
105628,2025-11-25,Samsung A35 Case,1,1200,Nakuru
105629,2025-05-15,Power Bank,3,200,Mombasa
105630,2025-10-11,Tecno Spark 20 Case,2,300,Nakuru
105631,2025-12-08,Samsung A35 Case,2,300,Eldoret
105632,2025-10-16,Samsung A35 Case,3,2500,Kisumu
105633,2025-10-29,Power Bank,5,800,Nairobi
105634,2025-01-13,Power Bank,5,800,Nairobi
105635,2025-10-21,Redmi Note 14 Case,2,2500,Nakuru
105636,2025-12-25,Charger,1,300,Mombasa
105637,2025-02-28,Infinix Hot 40 Case,5,800,Kisumu
105638,2025-08-06,Screen Protector,1,800,Mombasa
105639,2025-03-26,Earbuds,3,1200,Nairobi
105640,,Infinix Hot 40 Case,5,200,Nairobi
105641,2025-03-08,Infinix Hot 40 Case,3,-200,Nakuru
105642,2025-01-29,Charger,1,800,Nakuru
105643,2025-05-31,Charger,5,200,Nairobi
105644,2025-05-14,Earbuds,1,2500,Nairobi
105645,2025-08-29,Infinix Hot 40 Case,5,800,Eldoret
105646,2025-01-04,,5,1200,Nairobi
105647,2025-05-08,Infinix Hot 40 Case,5,300,Eldoret
105648,2025-08-23,Earbuds,1,1200,Eldoret
105649,2025-04-03,Power Bank,5,800,Eldoret
105650,2025-09-02,charger,1,1200,Mombasa
105651,2025-05-17,Samsung A16 Case,2,500,Eldoret
105652,2025-04-26,iPhone 13 Case,1,2500,Mombasa
105653,2025-01-03,,3,500,Nakuru
105654,2025-02-25,Tecno Spark 20 Case,1,300,Nairobi
105655,2025-03-02,Charger,2,300,Nakuru
105656,2025-06-24,tecno spark 20 case,2,200,Eldoret
105657,2025-02-07,Samsung A16 Case,1,2500,Mombasa
105658,2025-12-04,Power Bank,1,2500,Kisumu
105659,2025-07-03,Power Bank,3,200,Mombasa
105660,2025-11-12,Earbuds,1,200,Nairobi
105661,2025-12-11,Tecno Spark 20 Case,1,800,Nakuru
105662,2025-04-25,Redmi Note 14 Case,4,1200,Mombasa
105663,2025-12-11,Redmi Note 14 Case,5,500,Eldoret
105664,2025-11-12,Power Bank,4,2500,Eldoret
105665,2025-10-29,Screen Protector,5,200,Kisumu
105666,2025-11-18,Tecno Spark 20 Case,4,300,Mombasa
105667,2025-09-20,Power Bank,4,2500,Eldoret
105668,2025-12-02,Redmi Note 14 Case,1,200,Mombasa
105669,2025-01-04,iPhone 13 Case,5,2500,Nakuru
105670,2025-05-09,Infinix Hot 40 Case,1,500,Mombasa
105671,2025-08-20,Charger,1,500,Kisumu
105672,2025-03-06,Infinix Hot 40 Case,1,1200,Mombasa
105673,2025-06-07,iPhone 13 Case,two,2500,Nairobi
105674,2025-07-01,Infinix Hot 40 Case,4,800,Nairobi
105675,2025-08-05,Samsung A35 Case,4,200,Nakuru
105676,2025-03-15,Infinix Hot 40 Case,3,800,Eldoret
105677,2025-04-03,Charger,4,200,Eldoret
105678,2025-11-17,Infinix Hot 40 Case,2,300,Eldoret
105679,2025-10-30,Redmi Note 14 Case,2,200,Nairobi
105680,2025-10-05,Samsung A35 Case,2,300,Nakuru
105681,2025-04-05,Tecno Spark 20 Case,4,500,Eldoret
105682,2025-09-05,Power Bank,1,200,Eldoret
105683,2025-03-16,Power Bank,3,300,Nairobi
105684,2025-05-23,Redmi Note 14 Case,3,800,Eldoret
105685,2025-06-16,iPhone 13 Case,4,800,Kisumu
105686,2025-07-11,Charger,2,2500,Kisumu
105687,2025-07-04,Redmi Note 14 Case,3,200,Nakuru
105688,2025-07-21,Redmi Note 14 Case,2,1200,Mombasa
105689,2025-04-27,Charger,2,300,Mombasa
105690,2025-03-08,Infinix Hot 40 Case,2,200,Nairobi
105691,2025-08-07,Power Bank,2,500,Kisumu
105692,2025-05-27,Infinix Hot 40 Case,4,1200,Kisumu
105693,2025-06-01,Power Bank,3,2500,Nakuru
105694,2025-01-15,Redmi Note 14 Case,3,2500,Eldoret
105695,2025-12-20,Earbuds,3,800,Eldoret
105696,2025-07-11,charger,1,800,Nakuru
105697,2025-09-18,Redmi Note 14 Case,5,300,Kisumu
105698,2025-05-16,Charger,2,2500,Mombasa
105699,2025-10-29,Power Bank,5,1200,Nairobi
105700,2025-03-08,Samsung A35 Case,5,300,Nakuru
105701,,Redmi Note 14 Case,2,200,Nairobi
105702,2025-09-21,Screen Protector,5,300,Mombasa
105703,2025-10-05,,4,2500,Eldoret
105704,2025-01-19,Infinix Hot 40 Case,2,2500,Eldoret
105705,2025-08-09,Redmi Note 14 Case,1,800,Eldoret
105706,2025-06-24,Power Bank,2,2500,Nairobi
105707,2025-12-19,iPhone 13 Case,3,800,Kisumu
105708,2025-01-01,Tecno Spark 20 Case,2,500,Nakuru
105709,2025-01-31,Samsung A16 Case,5,200,Mombasa
105710,2025-01-24,Redmi Note 14 Case,5,500,Eldoret
105711,2025-06-10,iPhone 13 Case,3,300,Kisumu
105712,2025-06-09,iPhone 13 Case,3,800,Nakuru
105713,2025-12-23,power bank,1,800,Nairobi
105714,2025-08-30,iPhone 13 Case,3,200,Eldoret
105715,2025-05-27,,1,300,Nairobi
105716,2025-12-20,Samsung A35 Case,4,300,Nakuru
105717,2025-10-15,Samsung A16 Case,two,200,Nairobi
105718,2025-08-06,Infinix Hot 40 Case,3,200,Mombasa
105719,2025-05-07,Tecno Spark 20 Case,1,800,Nakuru
105720,2025-01-15,Samsung A16 Case,2,200,Nakuru
105721,2025-04-15,Infinix Hot 40 Case,1,1200,Mombasa
105722,2025-11-15,Charger,3,1200,Nairobi
105723,2025-09-18,Earbuds,5,500,Nairobi
105724,2025-12-07,Earbuds,4,200,Eldoret
105725,2025-12-02,iPhone 13 Case,1,300,Eldoret
105726,2025-07-09,Tecno Spark 20 Case,4,500,Mombasa
105727,2025-07-17,iPhone 13 Case,1,1200,Mombasa
105728,2025-12-02,Charger,2,300,Eldoret
105729,2025-05-01,Power Bank,4,2500,Nairobi
105730,2025-08-04,Charger,1,800,Mombasa
105731,2025-05-09,Samsung A16 Case,1,800,Nakuru
105732,2025-12-22,Samsung A35 Case,4,200,Nakuru
105733,2025-08-06,Samsung A16 Case,3,500,Nakuru
105734,2025-11-01,Tecno Spark 20 Case,1,300,Nairobi
105735,2025-07-18,Redmi Note 14 Case,5,800,Nakuru
105736,2025-08-27,Earbuds,1,1200,Eldoret
105737,2025-09-27,Screen Protector,2,1200,Eldoret
105738,2025-07-28,Screen Protector,3,200,Nairobi
105739,2025-11-11,Samsung A16 Case,2,300,Mombasa
105740,2025-02-05,Samsung A35 Case,4,500,Kisumu
105741,2025-08-31,Screen Protector,2,1200,Eldoret
105742,2025-04-17,Samsung A16 Case,5,800,Nairobi
105743,,iPhone 13 Case,3,800,Mombasa
105744,2025-02-05,Samsung A35 Case,4,300,Nairobi
105745,2025-11-03,iPhone 13 Case,3,300,Nakuru
105746,2025-08-28,Samsung A16 Case,1,200,Kisumu
105747,2025-05-26,Samsung A16 Case,5,1200,Eldoret
105748,2025-02-26,Samsung A35 Case,5,1200,Eldoret
105749,2025-01-05,Screen Protector,1,1200,Eldoret
105750,2025-11-11,Screen Protector,1,300,Eldoret
105751,2025-06-14,Tecno Spark 20 Case,4,200,Mombasa
105752,2025-08-03,Charger,2,2500,Kisumu
105753,2025-09-24,Charger,2,1200,Kisumu
105754,2025-05-28,Infinix Hot 40 Case,5,300,Nairobi
105755,2025-08-05,iPhone 13 Case,4,800,Nairobi
105756,2025-08-20,Samsung A35 Case,2,2500,Mombasa
105757,2025-08-17,Earbuds,2,800,Nakuru
105758,2025-10-06,Earbuds,5,-200,Mombasa
105759,2025-01-16,Infinix Hot 40 Case,1,300,Nakuru
105760,2025-08-08,iPhone 13 Case,1,800,Nairobi
105761,2025-08-17,Tecno Spark 20 Case,2,800,Mombasa
105762,2025-02-05,Power Bank,4,1200,Nakuru
105763,2025-06-27,Samsung A35 Case,3,800,Eldoret
105764,2025-06-13,Power Bank,1,2500,Mombasa
105765,2025-08-30,Screen Protector,3,1200,Kisumu
105766,2025-04-01,Power Bank,5,500,Nakuru
105767,2025-12-08,Samsung A16 Case,3,2500,Nakuru
105768,2025-07-17,iPhone 13 Case,2,2500,Mombasa
105769,2025-01-01,Earbuds,3,800,Kisumu
105770,2025-11-28,Earbuds,4,200,Kisumu
105771,2025-12-16,Power Bank,two,1200,Kisumu
105772,2025-10-12,Screen Protector,2,200,Nairobi
105773,2025-05-27,Charger,4,200,Mombasa
105774,2025-10-24,Screen Protector,3,2500,Eldoret
105775,2025-07-11,Screen Protector,2,-2500,Eldoret
105776,2025-03-21,Earbuds,2,800,Eldoret
105777,2025-10-03,Charger,3,2500,Nairobi
105778,2025-02-24,Samsung A16 Case,2,500,Eldoret
105779,2025-01-26,Infinix Hot 40 Case,1,1200,Mombasa
105780,2025-07-16,Charger,2,500,Kisumu
105781,2025-11-08,Charger,4,2500,Kisumu
105782,2025-10-17,Earbuds,2,2500,Kisumu
105783,2025-02-25,Redmi Note 14 Case,4,300,Kisumu
105784,2025-12-06,Tecno Spark 20 Case,1,1200,Eldoret
105785,2025-04-21,Earbuds,4,500,Kisumu
105786,2025-07-23,Tecno Spark 20 Case,5,300,Eldoret
105787,2025-01-16,Infinix Hot 40 Case,3,1200,Kisumu
105788,2025-06-15,Samsung A35 Case,5,2500,Eldoret
105789,2025-10-07,Tecno Spark 20 Case,3,2500,Kisumu
105790,2025-09-06,Power Bank,3,1200,Mombasa
105791,2025-07-10,Samsung A35 Case,3,2500,Eldoret
105792,2025-12-02,Screen Protector,2,1200,Nakuru
105793,2025-07-02,Infinix Hot 40 Case,two,200,Nakuru
105794,2025-11-13,Samsung A35 Case,3,500,Mombasa
105795,,Earbuds,4,1200,Mombasa
105796,2025-06-21,iPhone 13 Case,5,2500,Kisumu
105797,2025-02-24,Screen Protector,1,800,Nairobi
105798,2025-02-10,Tecno Spark 20 Case,5,300,Kisumu
105799,2025-08-07,Earbuds,5,800,Eldoret
105800,2025-03-26,Power Bank,5,1200,Eldoret
105801,2025-12-26,Earbuds,5,800,Mombasa
105802,2025-03-25,Power Bank,5,500,Nairobi
105803,2025-05-13,,4,2500,Mombasa
105804,2025-12-16,Power Bank,2,1200,Nakuru
105805,2025-09-26,Tecno Spark 20 Case,5,1200,Nairobi
105806,2025-01-25,Samsung A16 Case,5,800,Eldoret
105807,2025-09-04,Redmi Note 14 Case,4,200,Nakuru
105808,2025-04-25,Charger,5,800,Nakuru
105809,2025-01-26,Screen Protector,2,500,Kisumu
105810,2025-01-11,Power Bank,3,2500,Mombasa
105811,2025-03-24,Charger,2,2500,Kisumu
105812,2025-03-28,Charger,5,200,Eldoret
105813,2025-06-05,Infinix Hot 40 Case,4,2500,Mombasa
105814,2025-07-05,Infinix Hot 40 Case,5,200,Mombasa
105815,2025-05-23,Power Bank,1,500,Mombasa
105816,2025-08-29,Redmi Note 14 Case,3,1200,Kisumu
105817,2025-02-10,Power Bank,3,1200,Eldoret
105818,2025-09-26,Infinix Hot 40 Case,3,500,Nairobi
105819,,Earbuds,5,500,Nairobi
105820,2025-08-28,Samsung A16 Case,two,800,Mombasa
105821,2025-08-12,Redmi Note 14 Case,4,2500,Eldoret
105822,2025-09-16,Samsung A35 Case,3,1200,Nakuru
105823,2025-01-14,iPhone 13 Case,3,1200,Mombasa
105824,2025-06-20,iPhone 13 Case,5,500,Mombasa
105825,2025-06-19,Charger,5,300,Nairobi
105826,2025-03-23,iPhone 13 Case,1,2500,Mombasa
105827,2025-02-17,Redmi Note 14 Case,4,200,Eldoret
105828,2025-04-25,Redmi Note 14 Case,3,2500,Nairobi
105829,2025-01-04,iPhone 13 Case,4,800,Mombasa
105830,2025-02-11,Redmi Note 14 Case,1,500,Kisumu
105831,2025-05-25,Redmi Note 14 Case,1,200,Mombasa
105832,2025-10-03,Samsung A35 Case,4,500,Nairobi
105833,2025-02-12,Infinix Hot 40 Case,3,2500,Mombasa
105834,2025-01-08,Samsung A16 Case,1,800,Eldoret
105835,2025-05-18,Samsung A35 Case,1,1200,Mombasa
105836,2025-09-03,Earbuds,1,800,Nakuru
105837,2025-01-21,iPhone 13 Case,1,800,Nairobi
105838,2025-09-22,Earbuds,4,500,Kisumu
105839,2025-10-19,power bank,2,800,Kisumu
105840,2025-09-03,Power Bank,1,2500,Nakuru
105841,2025-01-01,Earbuds,5,200,Nakuru
105842,2025-10-20,Samsung A16 Case,3,300,Nairobi
105843,2025-12-29,Earbuds,5,800,Nairobi
105844,2025-08-16,Tecno Spark 20 Case,3,800,Nairobi
105845,2025-10-20,Charger,2,200,Kisumu
105846,2025-08-09,iPhone 13 Case,5,200,Mombasa
105847,2025-11-25,iPhone 13 Case,2,300,Nairobi
105848,2025-09-15,Infinix Hot 40 Case,4,1200,Eldoret
105849,2025-01-14,,1,1200,Kisumu
105850,2025-10-04,Samsung A35 Case,2,300,Eldoret
105851,2025-11-16,Samsung A35 Case,2,800,Mombasa
105852,2025-11-09,,5,200,Mombasa
105853,2025-11-04,Power Bank,2,500,Kisumu
105854,2025-06-28,Screen Protector,1,1200,Mombasa
105855,2025-08-11,Power Bank,2,800,Eldoret
105856,2025-02-03,Samsung A16 Case,3,500,Nakuru
105857,2025-06-16,Charger,5,500,Kisumu
105858,2025-05-30,Infinix Hot 40 Case,4,2500,Kisumu
105859,2025-07-08,Charger,3,200,Nakuru
105860,2025-01-29,Charger,2,200,Nakuru
105861,2025-01-31,Infinix Hot 40 Case,5,300,Eldoret
105862,2025-05-08,Earbuds,1,1200,Nakuru
105863,2025-09-11,Infinix Hot 40 Case,2,800,Nairobi
105864,2025-02-04,Redmi Note 14 Case,5,1200,Eldoret
105865,2025-09-07,Samsung A35 Case,5,500,Nakuru
105866,2025-02-17,Tecno Spark 20 Case,5,2500,Mombasa
105867,2025-08-27,Infinix Hot 40 Case,1,800,Nakuru
105868,2025-10-05,Infinix Hot 40 Case,3,2500,Mombasa
105869,2025-06-04,Samsung A16 Case,4,800,Mombasa
105870,2025-04-25,,4,300,Nairobi
105871,2025-08-18,Power Bank,4,200,Kisumu
105872,2025-01-09,Tecno Spark 20 Case,2,-800,Kisumu
105873,2025-03-14,Samsung A35 Case,5,800,Nairobi
105874,2025-03-13,iphone 13 case,2,800,Eldoret
105875,2025-10-02,Samsung A16 Case,1,500,Mombasa
105876,2025-04-16,Earbuds,1,300,Eldoret
105877,2025-09-11,Tecno Spark 20 Case,2,500,Nairobi
105878,2025-02-12,Samsung A35 Case,2,500,Kisumu
105879,2025-08-20,Earbuds,3,500,Nakuru
105880,2025-10-11,Charger,2,1200,Mombasa
105881,2025-12-28,Infinix Hot 40 Case,1,500,Mombasa
105882,2025-02-20,Tecno Spark 20 Case,5,200,Nairobi
105883,2025-12-12,Redmi Note 14 Case,4,200,Eldoret
105884,2025-02-10,Infinix Hot 40 Case,5,800,Kisumu
105885,2025-08-28,Screen Protector,1,200,Kisumu
105886,2025-01-31,Earbuds,3,1200,Mombasa
105887,2025-07-14,Infinix Hot 40 Case,2,300,Kisumu
105888,2025-05-25,Tecno Spark 20 Case,4,300,Eldoret
105889,2025-11-18,Samsung A35 Case,3,500,Nakuru
105890,2025-04-15,Samsung A16 Case,3,300,Kisumu
105891,,Tecno Spark 20 Case,3,300,Nairobi
105892,2025-01-15,Screen Protector,5,-500,Kisumu
105893,2025-07-16,Earbuds,3,500,Mombasa
105894,2025-12-10,Samsung A35 Case,5,200,Nakuru
105895,2025-02-27,Screen Protector,1,200,Eldoret
105896,2025-02-11,iPhone 13 Case,4,200,Nairobi
105897,2025-12-01,Earbuds,1,200,Eldoret
105898,2025-06-29,Tecno Spark 20 Case,3,1200,Eldoret
105899,2025-08-16,Samsung A35 Case,1,1200,Eldoret
105900,2025-11-04,Samsung A35 Case,two,1200,Kisumu
105901,2025-08-14,Charger,1,1200,Kisumu
105902,2025-06-14,Samsung A35 Case,5,1200,Mombasa
105903,2025-11-05,Tecno Spark 20 Case,4,800,Mombasa
105904,2025-12-10,Tecno Spark 20 Case,3,800,Kisumu
105905,2025-02-21,Charger,1,200,Nairobi
105906,2025-05-07,Power Bank,2,500,Eldoret
105907,2025-03-12,Samsung A16 Case,1,500,Mombasa
105908,2025-01-03,Redmi Note 14 Case,5,2500,Mombasa
105909,2025-06-15,iPhone 13 Case,3,1200,Kisumu
105910,2025-09-03,Infinix Hot 40 Case,2,1200,Eldoret
105911,2025-06-07,Infinix Hot 40 Case,5,300,Nakuru
105912,2025-09-03,Samsung A35 Case,5,800,Eldoret
105913,2025-05-31,Samsung A16 Case,4,1200,Mombasa
105914,2025-01-21,Charger,1,200,Nakuru
105915,2025-02-20,Earbuds,3,500,Nairobi
105916,2025-11-02,Samsung A16 Case,4,300,Nakuru
105917,2025-09-19,Power Bank,5,200,Eldoret
105918,2025-01-06,Redmi Note 14 Case,5,2500,Nakuru
105919,2025-09-20,Redmi Note 14 Case,1,1200,Mombasa
105920,2025-05-09,Screen Protector,5,500,Eldoret
105921,2025-01-27,,4,500,Eldoret
105922,2025-11-10,,1,200,Nairobi
105923,2025-01-17,iPhone 13 Case,5,2500,Nakuru
105924,2025-04-11,Samsung A35 Case,2,2500,Nakuru
105925,2025-08-03,Tecno Spark 20 Case,3,1200,Eldoret
105926,2025-04-12,Charger,3,2500,Nakuru
105927,2025-10-10,Screen Protector,5,1200,Nakuru
105928,2025-04-24,Infinix Hot 40 Case,4,200,Nakuru
105929,2025-07-08,Infinix Hot 40 Case,5,500,Kisumu
105930,2025-10-19,Tecno Spark 20 Case,5,2500,Kisumu
105931,2025-07-26,Redmi Note 14 Case,4,200,Nakuru
105932,2025-01-06,,3,300,Kisumu
105933,2025-08-12,,1,2500,Mombasa
105934,2025-07-31,Infinix Hot 40 Case,4,200,Nairobi
105935,2025-06-21,Charger,2,2500,Mombasa
105936,2025-11-02,Charger,4,2500,Nakuru
105937,2025-07-15,Charger,2,800,Mombasa
105938,2025-04-19,Redmi Note 14 Case,3,2500,Eldoret
105939,2025-12-31,Redmi Note 14 Case,4,800,Nairobi
105940,2025-03-08,Screen Protector,4,500,Kisumu
105941,2025-07-25,Earbuds,2,500,Nairobi
105942,2025-06-28,Samsung A35 Case,5,800,Nairobi
105943,2025-03-15,Samsung A16 Case,1,500,Mombasa
105944,2025-03-14,Infinix Hot 40 Case,4,500,Kisumu
105945,2025-02-17,Tecno Spark 20 Case,1,1200,Nairobi
105946,2025-11-05,Samsung A35 Case,2,800,Mombasa
105947,2025-10-31,Earbuds,1,500,Eldoret
105948,2025-01-07,Power Bank,4,200,Eldoret
105949,2025-09-16,Samsung A35 Case,3,2500,Mombasa
105950,2025-12-24,Tecno Spark 20 Case,3,2500,Nakuru
105951,2025-12-13,Redmi Note 14 Case,1,300,Kisumu
105952,2025-03-02,Earbuds,5,1200,Kisumu
105953,2025-01-26,Power Bank,two,500,Kisumu
105954,2025-02-09,Tecno Spark 20 Case,4,1200,Nairobi
105955,2025-10-26,Infinix Hot 40 Case,5,500,Eldoret
105956,2025-01-31,Infinix Hot 40 Case,3,2500,Mombasa
105957,2025-01-27,Infinix Hot 40 Case,1,200,Nakuru
105958,2025-04-07,Charger,1,300,Nairobi
105959,2025-10-27,Samsung A16 Case,3,1200,Nakuru
105960,2025-07-31,Power Bank,4,200,Mombasa
105961,2025-05-23,Earbuds,2,300,Nairobi
105962,2025-12-02,Tecno Spark 20 Case,4,300,Nakuru
105963,2025-08-05,Infinix Hot 40 Case,4,200,Nairobi
105964,2025-09-30,Earbuds,2,300,Kisumu
105965,2025-01-09,Charger,2,2500,Mombasa
105966,2025-01-19,Redmi Note 14 Case,1,500,Nakuru
105967,2025-11-07,Charger,4,2500,Eldoret
105968,2025-04-22,Screen Protector,4,500,Nairobi
105969,2025-09-01,Power Bank,2,200,Nairobi
105970,2025-01-03,Samsung A35 Case,4,300,Nakuru
105971,2025-01-21,Charger,5,2500,Eldoret
105972,2025-07-21,iPhone 13 Case,1,800,Mombasa
105973,2025-10-22,Power Bank,5,200,Mombasa
105974,2025-11-08,Infinix Hot 40 Case,2,200,Nakuru
105975,2025-03-31,Charger,4,200,Mombasa
105976,,iPhone 13 Case,1,300,Nairobi
105977,2025-01-10,Infinix Hot 40 Case,1,2500,Nakuru
105978,2025-12-12,Samsung A35 Case,3,500,Kisumu
105979,2025-03-01,Samsung A35 Case,3,500,Eldoret
105980,2025-02-07,Samsung A16 Case,5,1200,Nairobi
105981,2025-05-13,Tecno Spark 20 Case,5,300,Eldoret
105982,2025-03-03,Samsung A16 Case,4,800,Nakuru
105983,2025-02-15,Tecno Spark 20 Case,3,800,Nairobi
105984,2025-02-16,Tecno Spark 20 Case,3,800,Mombasa
105985,2025-01-24,Earbuds,1,200,Nakuru
105986,2025-06-23,Samsung A16 Case,4,300,Nairobi
105987,2025-11-16,Samsung A16 Case,4,2500,Eldoret
105988,2025-02-25,Samsung A35 Case,3,1200,Mombasa
105989,2025-08-08,Infinix Hot 40 Case,1,800,Nakuru
105990,2025-04-12,Screen Protector,4,800,Nairobi
105991,2025-12-27,Charger,3,1200,Nakuru
105992,2025-02-03,Redmi Note 14 Case,4,1200,Kisumu
105993,2025-03-18,Screen Protector,3,1200,Eldoret
105994,2025-08-16,Earbuds,5,800,Nairobi
105995,2025-12-30,Samsung A16 Case,1,500,Nakuru
105996,2025-05-15,Samsung A35 Case,2,200,Eldoret
105997,2025-10-25,Power Bank,4,2500,Nakuru
105998,2025-12-27,Screen Protector,5,1200,Eldoret
105999,2025-05-26,Tecno Spark 20 Case,4,2500,Nakuru
106000,2025-01-02,Samsung A35 Case,3,2500,Nakuru
106001,2025-04-21,Samsung A35 Case,1,200,Nairobi
106002,2025-12-27,Power Bank,5,2500,Nairobi
106003,2025-08-08,Samsung A16 Case,5,1200,Kisumu
106004,2025-08-12,samsung a16 case,1,1200,Kisumu
106005,2025-09-06,Charger,4,500,Nairobi
106006,2025-04-23,Power Bank,2,500,Eldoret
106007,2025-01-20,iPhone 13 Case,3,2500,Eldoret
106008,2025-09-28,Earbuds,4,300,Kisumu
106009,2025-11-09,Tecno Spark 20 Case,4,800,Nairobi
106010,2025-06-12,Screen Protector,2,2500,Nakuru
106011,2025-12-13,Power Bank,3,200,Nairobi
106012,2025-09-14,Redmi Note 14 Case,2,500,Nairobi
106013,2025-06-01,Power Bank,2,-800,Mombasa
106014,2025-06-13,iPhone 13 Case,5,300,Mombasa
106015,2025-05-17,Screen Protector,2,500,Nairobi
106016,2025-04-26,Redmi Note 14 Case,4,300,Kisumu
106017,2025-09-07,Power Bank,2,2500,Kisumu
106018,2025-04-22,Tecno Spark 20 Case,3,500,Eldoret
106019,2025-08-22,iPhone 13 Case,1,1200,Nakuru
106020,2025-03-08,Charger,4,2500,Nakuru
106021,2025-09-26,Redmi Note 14 Case,4,1200,Mombasa
106022,2025-02-10,Screen Protector,1,2500,Nairobi
106023,2025-10-02,Samsung A35 Case,4,1200,Kisumu
106024,2025-01-31,Screen Protector,2,300,Nairobi
106025,2025-04-17,Power Bank,4,300,Nakuru
106026,2025-05-19,Samsung A16 Case,3,800,Kisumu
106027,2025-03-23,Power Bank,2,300,Mombasa
106028,2025-12-09,Samsung A16 Case,1,300,Nakuru
106029,2025-05-09,Redmi Note 14 Case,1,200,Kisumu
106030,2025-12-17,Samsung A16 Case,1,500,Kisumu
106031,2025-04-22,iPhone 13 Case,5,800,Nakuru
106032,2025-05-26,Samsung A16 Case,1,800,Nairobi
106033,2025-03-28,Power Bank,3,800,Nairobi
106034,2025-09-22,Screen Protector,5,800,Nairobi
106035,2025-05-09,Screen Protector,1,300,Eldoret
106036,2025-06-19,Power Bank,5,300,Eldoret
106037,2025-03-02,Samsung A35 Case,3,500,Nairobi
106038,2025-01-26,Infinix Hot 40 Case,3,800,Nakuru
106039,2025-12-30,Screen Protector,4,500,Mombasa
106040,2025-10-19,Earbuds,5,200,Eldoret
106041,2025-10-31,Samsung A35 Case,2,1200,Nakuru
106042,2025-10-19,Power Bank,1,300,Mombasa
106043,2025-05-26,Samsung A35 Case,3,800,Nakuru
106044,2025-05-16,Redmi Note 14 Case,5,1200,Mombasa
106045,2025-08-29,Earbuds,2,800,Kisumu
106046,2025-08-16,Charger,5,300,Kisumu
106047,2025-01-02,iPhone 13 Case,2,500,Mombasa
106048,2025-04-04,Infinix Hot 40 Case,4,800,Kisumu
106049,2025-09-07,,3,300,Nairobi
106050,2025-12-14,Samsung A16 Case,5,500,Mombasa
106051,2025-05-11,,2,1200,Nairobi
106052,2025-11-06,Samsung A16 Case,1,800,Nairobi
106053,2025-11-30,Earbuds,4,1200,Mombasa
106054,2025-04-01,Infinix Hot 40 Case,4,500,Nakuru
106055,2025-06-22,Earbuds,5,300,Eldoret
106056,2025-12-27,iPhone 13 Case,5,1200,Mombasa
106057,2025-12-31,iPhone 13 Case,4,300,Eldoret
106058,2025-07-13,Charger,4,2500,Nakuru
106059,2025-07-26,,1,1200,Nairobi
106060,2025-06-19,Screen Protector,1,2500,Nakuru
106061,2025-02-04,Samsung A35 Case,3,1200,Mombasa
106062,2025-03-18,iPhone 13 Case,1,200,Mombasa
106063,2025-01-14,Samsung A35 Case,5,300,Mombasa
106064,2025-05-11,iPhone 13 Case,1,300,Eldoret
106065,2025-09-26,Infinix Hot 40 Case,4,200,Mombasa
106066,2025-05-22,Charger,4,300,Kisumu
106067,2025-06-17,iPhone 13 Case,3,300,Eldoret
106068,2025-12-21,Power Bank,2,200,Nairobi
106069,2025-02-16,Infinix Hot 40 Case,1,2500,Eldoret
106070,2025-08-19,Tecno Spark 20 Case,4,300,Eldoret
106071,2025-07-26,Infinix Hot 40 Case,2,800,Mombasa
106072,2025-05-31,Redmi Note 14 Case,5,2500,Nakuru
106073,2025-03-05,Power Bank,2,2500,Mombasa
106074,2025-06-11,Screen Protector,2,1200,Mombasa
106075,2025-08-13,samsung a16 case,4,2500,Kisumu
106076,2025-04-17,iPhone 13 Case,5,1200,Kisumu
106077,2025-03-06,iPhone 13 Case,3,800,Kisumu
106078,2025-09-07,Infinix Hot 40 Case,1,200,Eldoret
106079,2025-03-29,Samsung A35 Case,3,800,Kisumu
106080,,Power Bank,5,200,Nakuru
106081,2025-08-11,Samsung A16 Case,2,2500,Mombasa
106082,2025-08-07,Charger,2,2500,Nakuru
106083,2025-09-05,Power Bank,4,800,Kisumu
106084,2025-04-22,Tecno Spark 20 Case,3,300,Kisumu
106085,2025-08-29,Charger,5,1200,Nakuru
106086,2025-07-05,Infinix Hot 40 Case,2,800,Nairobi
106087,2025-04-16,Earbuds,5,300,Eldoret
106088,2025-04-29,iPhone 13 Case,3,1200,Eldoret
106089,2025-04-25,Samsung A16 Case,5,200,Nakuru
106090,2025-06-06,Tecno Spark 20 Case,5,500,Eldoret
106091,2025-10-02,Samsung A35 Case,5,1200,Eldoret
106092,2025-02-13,Tecno Spark 20 Case,1,200,Mombasa
106093,2025-06-03,Screen Protector,5,1200,Kisumu
106094,2025-01-05,iPhone 13 Case,5,2500,Eldoret
106095,2025-03-27,power bank,1,500,Mombasa
106096,2025-08-08,Redmi Note 14 Case,3,500,Eldoret
106097,2025-11-25,Power Bank,4,1200,Nakuru
106098,2025-11-22,iPhone 13 Case,1,200,Mombasa
106099,2025-09-29,Power Bank,4,300,Nakuru
106100,2025-05-11,Tecno Spark 20 Case,3,1200,Mombasa
106101,2025-07-28,Earbuds,5,200,Nakuru
106102,,Samsung A16 Case,1,300,Nairobi
106103,2025-12-25,Charger,3,800,Mombasa
106104,2025-06-07,Infinix Hot 40 Case,3,2500,Nairobi
106105,2025-09-26,Redmi Note 14 Case,4,300,Eldoret
106106,2025-01-27,Screen Protector,1,200,Kisumu
106107,2025-02-10,Tecno Spark 20 Case,4,300,Nairobi
106108,2025-01-06,Redmi Note 14 Case,2,300,Mombasa
106109,,Screen Protector,1,500,Nakuru
106110,2025-01-06,Redmi Note 14 Case,2,200,Nairobi
106111,,Redmi Note 14 Case,4,1200,Nakuru
106112,2025-07-19,Screen Protector,2,300,Nairobi
106113,2025-08-30,Infinix Hot 40 Case,2,200,Eldoret
106114,,Charger,3,200,Eldoret
106115,2025-03-09,Redmi Note 14 Case,3,300,Mombasa
106116,2025-05-31,Screen Protector,4,2500,Nakuru
106117,2025-11-05,Samsung A16 Case,2,300,Eldoret
106118,2025-01-30,Charger,1,500,Mombasa
106119,2025-06-19,Earbuds,2,200,Nairobi
106120,2025-05-25,Tecno Spark 20 Case,5,800,Kisumu
106121,2025-11-02,Charger,4,200,Nakuru
106122,2025-07-08,Earbuds,3,2500,Mombasa
106123,2025-02-15,Samsung A35 Case,1,300,Nakuru
106124,2025-12-26,Earbuds,5,500,Eldoret
106125,2025-08-19,Tecno Spark 20 Case,two,200,Nakuru
106126,2025-09-03,Charger,3,800,Nairobi
106127,2025-11-24,Samsung A16 Case,3,300,Mombasa
106128,2025-10-21,iPhone 13 Case,4,800,Kisumu
106129,2025-08-18,iPhone 13 Case,2,800,Nakuru
106130,2025-09-22,Charger,3,500,Mombasa
106131,2025-07-19,Samsung A35 Case,2,200,Nakuru
106132,,redmi note 14 case,3,500,Kisumu
106133,2025-12-05,Samsung A16 Case,3,1200,Nakuru
106134,2025-09-23,Earbuds,4,2500,Kisumu
106135,2025-10-13,Power Bank,4,-300,Mombasa
106136,2025-08-04,iPhone 13 Case,1,300,Nakuru
106137,2025-10-06,Samsung A35 Case,3,300,Nakuru
106138,2025-11-02,Redmi Note 14 Case,4,800,Nakuru
106139,2025-09-26,Samsung A35 Case,5,2500,Mombasa
106140,2025-05-01,Charger,2,800,Eldoret
106141,2025-05-28,Redmi Note 14 Case,5,2500,Nakuru
106142,2025-05-16,Earbuds,5,500,Mombasa
106143,2025-07-12,Redmi Note 14 Case,2,300,Kisumu
106144,2025-02-20,Earbuds,3,300,Mombasa
106145,2025-07-25,Earbuds,2,200,Eldoret
106146,2025-11-07,Charger,2,1200,Nairobi
106147,2025-01-10,iPhone 13 Case,1,200,Nakuru
106148,2025-11-08,Screen Protector,1,1200,Kisumu
106149,2025-04-22,Tecno Spark 20 Case,4,800,Nakuru
106150,2025-08-10,Redmi Note 14 Case,2,1200,Eldoret
106151,2025-06-20,Redmi Note 14 Case,4,1200,Kisumu
106152,2025-09-10,Samsung A35 Case,4,1200,Nakuru
106153,2025-04-22,Charger,5,800,Nakuru
106154,2025-03-06,iPhone 13 Case,2,500,Eldoret
106155,2025-05-17,Earbuds,1,1200,Eldoret
106156,2025-05-26,Tecno Spark 20 Case,1,300,Nairobi
106157,2025-10-24,Samsung A16 Case,3,200,Mombasa
106158,2025-08-06,Redmi Note 14 Case,5,300,Kisumu
106159,2025-08-16,Power Bank,2,500,Nakuru
106160,2025-03-08,Redmi Note 14 Case,3,200,Kisumu
106161,2025-04-09,Redmi Note 14 Case,2,2500,Kisumu
106162,2025-03-20,Screen Protector,5,500,Nakuru
106163,2025-04-16,Charger,1,200,Kisumu
106164,2025-05-02,Power Bank,5,1200,Nairobi
106165,2025-10-24,Power Bank,2,2500,Kisumu
106166,2025-07-16,iPhone 13 Case,2,500,Nakuru
106167,2025-11-25,Screen Protector,two,200,Eldoret
106168,2025-01-08,Redmi Note 14 Case,4,300,Kisumu
106169,2025-12-26,Samsung A16 Case,3,1200,Nairobi
106170,2025-01-19,Tecno Spark 20 Case,2,200,Mombasa
106171,2025-12-22,Samsung A35 Case,2,2500,Nairobi
106172,2025-06-07,Power Bank,2,1200,Nakuru
106173,2025-12-13,Tecno Spark 20 Case,3,1200,Mombasa
106174,2025-11-04,Charger,1,200,Eldoret
106175,2025-09-11,Samsung A35 Case,4,1200,Nakuru
106176,2025-05-15,Infinix Hot 40 Case,2,500,Nairobi
106177,,Earbuds,2,500,Mombasa
106178,2025-12-23,Infinix Hot 40 Case,5,800,Eldoret
106179,2025-11-02,iPhone 13 Case,2,800,Eldoret
106180,2025-03-09,Screen Protector,5,1200,Eldoret
106181,2025-08-18,Charger,2,1200,Kisumu
106182,2025-08-09,iPhone 13 Case,2,800,Nakuru
106183,2025-01-02,iPhone 13 Case,1,300,Nairobi
106184,2025-06-26,Screen Protector,2,200,Eldoret
106185,2025-10-06,Earbuds,2,2500,Mombasa
106186,2025-12-15,Samsung A35 Case,3,1200,Nakuru
106187,2025-11-01,Screen Protector,2,300,Mombasa
106188,2025-03-05,Samsung A16 Case,2,300,Kisumu
106189,2025-12-24,Samsung A16 Case,3,800,Mombasa
106190,2025-01-17,Redmi Note 14 Case,3,1200,Mombasa
106191,2025-11-04,Tecno Spark 20 Case,4,300,Nairobi
106192,2025-11-16,Samsung A35 Case,5,300,Nakuru
106193,2025-10-17,Earbuds,1,800,Eldoret
106194,2025-03-17,Power Bank,3,200,Nakuru
106195,2025-11-26,Tecno Spark 20 Case,1,300,Nairobi
106196,2025-08-20,Samsung A16 Case,1,300,Nakuru
106197,2025-01-12,Screen Protector,4,800,Mombasa
106198,2025-10-19,Redmi Note 14 Case,1,300,Nairobi
106199,2025-04-08,Samsung A16 Case,1,2500,Kisumu
106200,2025-10-27,Screen Protector,3,200,Kisumu
106201,2025-10-09,Samsung A16 Case,4,1200,Eldoret
106202,2025-04-07,Tecno Spark 20 Case,1,1200,Nairobi
106203,2025-09-19,Tecno Spark 20 Case,5,300,Mombasa
106204,2025-09-06,Samsung A35 Case,5,500,Mombasa
106205,2025-05-03,Infinix Hot 40 Case,5,300,Mombasa
106206,2025-06-18,Samsung A35 Case,3,1200,Eldoret
106207,2025-06-24,Samsung A16 Case,5,800,Kisumu
106208,2025-11-21,Redmi Note 14 Case,2,500,Nairobi
106209,2025-11-20,Earbuds,3,500,Kisumu
106210,2025-09-23,Earbuds,5,800,Eldoret
106211,2025-08-06,,1,300,Mombasa
106212,2025-08-20,Infinix Hot 40 Case,1,1200,Eldoret
106213,2025-05-16,Tecno Spark 20 Case,5,1200,Mombasa
106214,2025-04-20,Samsung A35 Case,1,1200,Nairobi
106215,2025-04-01,iPhone 13 Case,2,2500,Eldoret
106216,2025-07-09,Redmi Note 14 Case,1,1200,Nairobi
106217,2025-02-04,Infinix Hot 40 Case,2,300,Mombasa
106218,2025-05-13,Earbuds,3,200,Mombasa
106219,2025-07-17,Power Bank,5,300,Kisumu
106220,2025-11-30,Tecno Spark 20 Case,2,300,Nakuru
106221,2025-02-13,Samsung A35 Case,4,-800,Kisumu
106222,2025-06-09,iPhone 13 Case,5,300,Kisumu
106223,2025-04-13,Redmi Note 14 Case,3,800,Mombasa
106224,2025-12-19,Power Bank,3,500,Kisumu
106225,2025-11-21,Screen Protector,3,2500,Nakuru
106226,2025-05-29,Samsung A16 Case,1,300,Nakuru
106227,2025-08-14,Charger,4,800,Nairobi
106228,2025-08-05,Earbuds,2,800,Eldoret
106229,2025-06-23,Infinix Hot 40 Case,3,1200,Nairobi
106230,2025-06-02,Screen Protector,2,200,Nakuru
106231,2025-04-27,Tecno Spark 20 Case,1,800,Mombasa
106232,2025-06-13,iPhone 13 Case,2,2500,Kisumu
106233,2025-11-18,Screen Protector,3,2500,Mombasa
106234,2025-03-13,Charger,3,300,Nairobi
106235,2025-11-22,Tecno Spark 20 Case,3,200,Nakuru
106236,2025-06-21,Infinix Hot 40 Case,3,2500,Eldoret
106237,2025-07-11,Tecno Spark 20 Case,3,200,Nakuru
106238,2025-03-12,Screen Protector,5,300,Kisumu
106239,2025-03-04,iPhone 13 Case,1,1200,Nairobi
106240,2025-01-07,Earbuds,1,800,Kisumu
106241,2025-03-30,Samsung A16 Case,1,800,Eldoret
106242,2025-05-14,Samsung A35 Case,2,1200,Mombasa
106243,2025-05-08,Samsung A35 Case,3,300,Eldoret
106244,2025-07-03,Charger,1,500,Mombasa
106245,2025-11-20,Earbuds,2,2500,Nakuru
106246,2025-03-07,,2,2500,Mombasa
106247,2025-10-10,Samsung A16 Case,4,2500,Mombasa
106248,2025-02-13,Power Bank,2,800,Nakuru
106249,2025-01-19,Power Bank,3,1200,Mombasa
106250,2025-07-31,Samsung A16 Case,5,2500,Mombasa
106251,2025-08-05,Screen Protector,3,300,Nairobi
106252,2025-01-19,Redmi Note 14 Case,1,300,Kisumu
106253,2025-01-28,Screen Protector,two,500,Mombasa
106254,2025-04-12,Infinix Hot 40 Case,2,1200,Kisumu
106255,2025-04-10,Earbuds,3,300,Nairobi
106256,2025-08-16,Charger,3,800,Eldoret
106257,2025-01-19,Charger,4,2500,Mombasa
106258,2025-05-21,Tecno Spark 20 Case,1,800,Eldoret
106259,2025-03-30,Samsung A16 Case,4,300,Eldoret
106260,2025-10-22,iPhone 13 Case,5,200,Nakuru
106261,2025-04-17,Tecno Spark 20 Case,5,2500,Nakuru
106262,2025-08-19,Charger,2,300,Mombasa
106263,2025-05-01,Samsung A35 Case,2,300,Kisumu
106264,2025-09-14,Tecno Spark 20 Case,1,2500,Nakuru
106265,2025-12-29,Earbuds,4,1200,Mombasa
106266,2025-02-17,Infinix Hot 40 Case,1,500,Nairobi
106267,2025-02-15,Screen Protector,3,300,Eldoret
106268,2025-02-25,Screen Protector,5,200,Nairobi
106269,2025-04-02,Infinix Hot 40 Case,2,200,Kisumu
106270,2025-03-20,Power Bank,1,500,Kisumu
106271,2025-11-07,Earbuds,5,800,Nairobi
106272,2025-12-31,Power Bank,3,800,Nairobi
106273,2025-06-05,Samsung A35 Case,2,800,Nakuru
106274,2025-12-07,Tecno Spark 20 Case,5,300,Eldoret
106275,2025-12-30,Charger,3,200,Mombasa
106276,2025-09-20,Infinix Hot 40 Case,4,2500,Kisumu
106277,2025-03-16,Redmi Note 14 Case,4,300,Mombasa
106278,2025-09-29,Redmi Note 14 Case,3,500,Nairobi
106279,2025-02-20,Screen Protector,3,800,Kisumu
106280,2025-05-03,iPhone 13 Case,4,500,Mombasa
106281,2025-10-23,Tecno Spark 20 Case,3,300,Nakuru
106282,2025-09-09,Samsung A16 Case,4,1200,Nakuru
106283,2025-04-20,iPhone 13 Case,two,800,Kisumu
106284,2025-12-04,Tecno Spark 20 Case,2,300,Eldoret
106285,2025-11-17,Power Bank,4,300,Eldoret
106286,2025-10-24,Screen Protector,1,500,Eldoret
106287,2025-01-23,Charger,4,500,Nakuru
106288,2025-11-14,Samsung A35 Case,4,2500,Mombasa
106289,2025-12-09,Samsung A35 Case,1,200,Nairobi
106290,2025-04-28,Earbuds,3,500,Kisumu
106291,2025-05-12,Tecno Spark 20 Case,5,500,Eldoret
106292,2025-01-10,Power Bank,3,1200,Eldoret
106293,2025-10-21,Power Bank,two,200,Nairobi
106294,2025-04-12,Infinix Hot 40 Case,1,500,Mombasa
106295,2025-07-10,Tecno Spark 20 Case,two,1200,Eldoret
106296,2025-10-14,Samsung A16 Case,5,500,Nakuru
106297,2025-10-18,Redmi Note 14 Case,1,500,Nakuru
106298,2025-05-24,Power Bank,5,500,Eldoret
106299,2025-11-11,,2,1200,Eldoret
106300,2025-09-25,Redmi Note 14 Case,4,1200,Kisumu
106301,2025-10-16,Samsung A35 Case,4,200,Kisumu
106302,2025-01-21,Infinix Hot 40 Case,4,800,Nakuru
106303,2025-08-21,Infinix Hot 40 Case,1,500,Kisumu
106304,2025-12-28,Tecno Spark 20 Case,4,2500,Kisumu
106305,2025-11-23,Power Bank,2,800,Nakuru
106306,2025-05-16,Infinix Hot 40 Case,1,500,Nairobi
106307,2025-07-01,Charger,5,800,Eldoret
106308,2025-07-31,Power Bank,5,300,Eldoret
106309,2025-12-29,,2,1200,Nakuru
106310,2025-05-13,Redmi Note 14 Case,3,1200,Nairobi
106311,2025-12-01,Infinix Hot 40 Case,3,800,Eldoret
106312,2025-10-17,Tecno Spark 20 Case,4,800,Eldoret
106313,2025-01-02,Earbuds,4,500,Mombasa
106314,2025-02-18,Screen Protector,4,1200,Eldoret
106315,2025-12-31,Power Bank,1,800,Mombasa
106316,2025-01-29,power bank,4,1200,Mombasa
106317,2025-11-10,Infinix Hot 40 Case,3,500,Eldoret
106318,2025-01-07,Tecno Spark 20 Case,1,2500,Kisumu
106319,2025-04-19,iPhone 13 Case,4,2500,Nairobi
106320,2025-08-22,,2,300,Kisumu
106321,2025-07-06,Tecno Spark 20 Case,4,300,Nakuru
106322,2025-11-25,Tecno Spark 20 Case,5,1200,Nairobi
106323,,Tecno Spark 20 Case,5,2500,Nairobi
106324,,Infinix Hot 40 Case,1,500,Nakuru
106325,2025-11-30,Samsung A35 Case,1,300,Eldoret
106326,2025-06-21,Power Bank,2,300,Kisumu
106327,2025-06-05,Earbuds,5,2500,Nakuru
106328,2025-01-09,Infinix Hot 40 Case,3,300,Kisumu
106329,2025-05-10,iPhone 13 Case,3,200,Eldoret
106330,2025-10-17,Screen Protector,3,300,Eldoret
106331,2025-09-26,Screen Protector,5,300,Kisumu
106332,2025-01-23,Samsung A16 Case,2,1200,Nakuru
106333,2025-04-22,iPhone 13 Case,2,200,Nairobi
106334,2025-09-14,Power Bank,4,200,Mombasa
106335,2025-11-14,Infinix Hot 40 Case,2,300,Nairobi
106336,2025-07-06,Earbuds,1,1200,Nairobi
106337,2025-10-14,Power Bank,5,800,Nairobi
106338,2025-07-16,Power Bank,two,200,Mombasa
106339,2025-02-12,Tecno Spark 20 Case,2,2500,Mombasa
106340,2025-03-14,Power Bank,3,2500,Kisumu
106341,2025-10-30,Earbuds,4,2500,Mombasa
106342,2025-04-19,Samsung A35 Case,1,200,Nakuru
106343,2025-02-28,iPhone 13 Case,3,500,Nakuru
106344,2025-05-26,Power Bank,3,300,Nakuru
106345,2025-12-18,Tecno Spark 20 Case,2,200,Eldoret
106346,2025-10-15,Redmi Note 14 Case,5,1200,Nakuru
106347,2025-12-22,Samsung A35 Case,4,1200,Mombasa
106348,2025-10-29,Infinix Hot 40 Case,5,2500,Nakuru
106349,2025-05-06,Redmi Note 14 Case,1,200,Eldoret
106350,2025-03-02,Tecno Spark 20 Case,3,2500,Eldoret
106351,2025-06-12,Tecno Spark 20 Case,1,2500,Eldoret
106352,2025-06-19,Earbuds,5,2500,Mombasa
106353,2025-07-15,Power Bank,3,2500,Mombasa
106354,2025-07-13,,3,300,Nairobi
106355,2025-10-06,Screen Protector,5,1200,Nakuru
106356,2025-09-26,Tecno Spark 20 Case,1,300,Eldoret
106357,2025-06-15,Power Bank,4,800,Kisumu
106358,2025-07-11,Samsung A35 Case,5,800,Nairobi
106359,2025-12-18,Charger,3,300,Nakuru
106360,2025-04-08,iPhone 13 Case,2,500,Kisumu
106361,2025-08-18,Samsung A16 Case,1,500,Nakuru
106362,2025-08-30,Tecno Spark 20 Case,2,300,Nairobi
106363,2025-09-11,iPhone 13 Case,4,200,Kisumu
106364,2025-11-03,Samsung A16 Case,2,1200,Eldoret
106365,2025-06-10,Charger,5,200,Nakuru
106366,2025-08-14,Samsung A35 Case,1,200,Nakuru
106367,2025-09-05,Charger,2,2500,Kisumu
106368,2025-01-31,Infinix Hot 40 Case,5,2500,Nakuru
106369,2025-11-21,Tecno Spark 20 Case,4,1200,Nairobi
106370,,Power Bank,1,-800,Nairobi
106371,2025-06-27,Samsung A35 Case,2,500,Nakuru
106372,2025-05-20,Charger,1,500,Mombasa
106373,2025-12-29,Charger,2,-1200,Kisumu
106374,2025-01-17,Samsung A16 Case,4,500,Nairobi
106375,2025-09-30,Tecno Spark 20 Case,2,500,Nairobi
106376,2025-08-22,Charger,2,300,Mombasa
106377,2025-04-13,Samsung A16 Case,1,200,Eldoret
106378,2025-03-30,Samsung A35 Case,5,500,Kisumu
106379,2025-12-07,iPhone 13 Case,3,200,Nakuru
106380,2025-09-23,Charger,4,200,Nairobi
106381,2025-02-26,Infinix Hot 40 Case,2,800,Eldoret
106382,2025-09-26,Infinix Hot 40 Case,2,800,Kisumu
106383,2025-05-22,iPhone 13 Case,2,300,Kisumu
106384,2025-10-17,Samsung A35 Case,3,1200,Nairobi
106385,2025-01-25,Charger,4,2500,Kisumu
106386,2025-09-07,Tecno Spark 20 Case,5,1200,Nakuru
106387,2025-02-12,iPhone 13 Case,2,800,Kisumu
106388,2025-06-25,Infinix Hot 40 Case,3,300,Nairobi
106389,2025-03-24,Samsung A35 Case,1,2500,Kisumu
106390,2025-07-05,Samsung A16 Case,4,800,Nakuru
106391,2025-05-18,Samsung A16 Case,3,1200,Eldoret
106392,2025-01-18,Samsung A35 Case,4,200,Eldoret
106393,2025-01-29,Infinix Hot 40 Case,4,1200,Mombasa
106394,2025-03-05,Charger,2,800,Mombasa
106395,2025-07-06,power bank,3,2500,Mombasa
106396,2025-12-22,Power Bank,1,800,Nairobi
106397,2025-06-18,Redmi Note 14 Case,1,2500,Eldoret
106398,2025-02-18,Redmi Note 14 Case,1,300,Nakuru
106399,2025-10-10,Samsung A35 Case,1,500,Mombasa
106400,2025-03-29,Samsung A35 Case,1,500,Nakuru
106401,2025-11-12,Charger,4,500,Nairobi
106402,2025-03-20,Charger,1,300,Kisumu
106403,2025-02-01,Samsung A16 Case,3,1200,Eldoret
106404,,Redmi Note 14 Case,5,500,Nairobi
106405,2025-07-04,Samsung A35 Case,5,500,Nairobi
106406,2025-11-26,iPhone 13 Case,1,1200,Nakuru
106407,2025-11-07,Earbuds,3,200,Nairobi
106408,2025-12-19,Earbuds,4,200,Eldoret
106409,2025-06-17,Redmi Note 14 Case,3,300,Nakuru
106410,2025-11-14,Samsung A35 Case,4,500,Nairobi
106411,2025-10-02,Tecno Spark 20 Case,3,1200,Kisumu
106412,2025-07-10,Tecno Spark 20 Case,5,300,Nairobi
106413,2025-04-30,Charger,3,1200,Eldoret
106414,2025-08-09,Screen Protector,5,300,Eldoret
106415,2025-02-27,Tecno Spark 20 Case,3,800,Mombasa
106416,2025-05-08,Infinix Hot 40 Case,3,1200,Kisumu
106417,2025-03-27,Charger,5,200,Kisumu
106418,2025-09-03,Samsung A16 Case,3,1200,Eldoret
106419,2025-11-05,Charger,4,200,Nakuru
106420,2025-01-11,Redmi Note 14 Case,2,500,Nakuru
106421,2025-05-08,Charger,3,800,Nakuru
106422,,Earbuds,4,2500,Nakuru
106423,2025-06-05,Charger,5,300,Nairobi
106424,2025-07-01,Power Bank,4,200,Eldoret
106425,2025-09-22,Redmi Note 14 Case,2,800,Kisumu
106426,2025-03-19,Screen Protector,2,1200,Nakuru
106427,2025-12-13,Power Bank,1,800,Eldoret
106428,,iPhone 13 Case,1,500,Kisumu
106429,,Tecno Spark 20 Case,3,300,Nakuru
106430,2025-07-11,Power Bank,2,200,Nakuru
106431,2025-08-09,Charger,3,300,Mombasa
106432,2025-07-16,iPhone 13 Case,5,1200,Nakuru
106433,2025-03-31,Redmi Note 14 Case,3,300,Eldoret
106434,2025-06-02,Power Bank,3,300,Eldoret
106435,2025-03-06,Samsung A35 Case,3,2500,Kisumu
106436,2025-06-22,Infinix Hot 40 Case,4,200,Mombasa
106437,2025-08-15,Charger,1,1200,Nairobi
106438,2025-05-06,Samsung A16 Case,5,1200,Mombasa
106439,2025-02-22,Earbuds,3,300,Eldoret
106440,2025-04-23,Tecno Spark 20 Case,2,1200,Kisumu
106441,2025-05-18,Screen Protector,5,1200,Kisumu
106442,2025-04-18,Tecno Spark 20 Case,4,2500,Kisumu
106443,2025-01-14,iPhone 13 Case,2,200,Kisumu
106444,2025-11-18,Charger,1,300,Kisumu
106445,,Earbuds,3,200,Eldoret
106446,2025-04-10,Earbuds,1,300,Nairobi
106447,2025-03-18,charger,3,1200,Mombasa
106448,2025-04-01,Infinix Hot 40 Case,2,500,Nakuru
106449,2025-01-01,iPhone 13 Case,5,2500,Eldoret
106450,2025-07-16,Samsung A16 Case,2,2500,Kisumu
106451,2025-05-21,Infinix Hot 40 Case,2,800,Nakuru
106452,2025-03-21,Samsung A35 Case,3,500,Nairobi
106453,2025-06-04,Earbuds,4,200,Mombasa
106454,2025-05-07,Redmi Note 14 Case,5,200,Mombasa
106455,2025-05-06,Power Bank,1,500,Eldoret
106456,2025-10-24,Tecno Spark 20 Case,5,200,Nairobi
106457,2025-02-11,Charger,3,200,Kisumu
106458,2025-10-03,Earbuds,1,300,Eldoret
106459,2025-04-14,Samsung A35 Case,4,800,Nairobi
106460,,Screen Protector,two,300,Nakuru
106461,2025-07-15,,3,2500,Nakuru
106462,2025-04-01,Earbuds,5,1200,Kisumu
106463,2025-08-08,Charger,two,500,Eldoret
106464,2025-08-02,Redmi Note 14 Case,2,800,Kisumu
106465,2025-05-26,Redmi Note 14 Case,1,500,Mombasa
106466,2025-08-22,Earbuds,1,1200,Eldoret
106467,2025-12-29,iPhone 13 Case,2,500,Nairobi
106468,2025-08-04,Redmi Note 14 Case,5,300,Eldoret
106469,2025-12-09,Earbuds,1,500,Eldoret
106470,2025-02-16,Infinix Hot 40 Case,1,1200,Nairobi
106471,2025-03-18,iPhone 13 Case,3,1200,Mombasa
106472,2025-04-02,Charger,3,800,Nairobi
106473,2025-07-14,Power Bank,4,1200,Nairobi
106474,2025-08-30,Screen Protector,2,200,Eldoret
106475,2025-01-10,Samsung A35 Case,4,2500,Nairobi
106476,2025-09-07,Infinix Hot 40 Case,3,500,Nakuru
106477,2025-02-19,,2,200,Nakuru
106478,2025-05-07,Screen Protector,5,200,Nakuru
106479,2025-07-23,Infinix Hot 40 Case,two,300,Kisumu
106480,,Samsung A35 Case,5,-300,Nairobi
106481,2025-05-09,Charger,5,2500,Eldoret
106482,2025-10-24,Power Bank,2,200,Mombasa
106483,2025-10-06,iPhone 13 Case,3,300,Mombasa
106484,2025-10-13,Samsung A35 Case,2,2500,Kisumu
106485,2025-04-12,iPhone 13 Case,5,1200,Nakuru
106486,2025-07-08,Infinix Hot 40 Case,3,500,Nairobi
106487,2025-06-15,Infinix Hot 40 Case,4,300,Mombasa
106488,2025-03-02,Redmi Note 14 Case,2,2500,Kisumu
106489,2025-04-23,Redmi Note 14 Case,3,800,Eldoret
106490,2025-06-10,Infinix Hot 40 Case,2,500,Kisumu
106491,,Infinix Hot 40 Case,2,2500,Nairobi
106492,2025-07-05,Tecno Spark 20 Case,1,200,Eldoret
106493,2025-12-24,Tecno Spark 20 Case,1,800,Kisumu
106494,2025-11-21,iPhone 13 Case,3,2500,Nairobi
106495,2025-04-16,iPhone 13 Case,2,-1200,Kisumu
106496,2025-04-07,Tecno Spark 20 Case,1,300,Nairobi
106497,2025-01-29,Samsung A16 Case,2,200,Nakuru
106498,2025-03-14,Tecno Spark 20 Case,3,800,Nakuru
106499,2025-08-25,Tecno Spark 20 Case,4,200,Mombasa
106500,2025-01-23,Tecno Spark 20 Case,5,2500,Nairobi
106501,2025-05-16,Earbuds,1,1200,Kisumu
106502,2025-09-05,Infinix Hot 40 Case,5,200,Mombasa
106503,2025-02-02,Tecno Spark 20 Case,5,2500,Mombasa
106504,2025-01-15,Infinix Hot 40 Case,5,2500,Kisumu
106505,2025-12-11,Screen Protector,1,300,Nairobi
106506,2025-05-15,Redmi Note 14 Case,2,300,Mombasa
106507,2025-03-01,Samsung A35 Case,5,500,Nakuru
106508,2025-04-26,iphone 13 case,5,500,Mombasa
106509,2025-03-29,Earbuds,3,200,Mombasa
106510,2025-11-07,,1,2500,Nairobi
106511,2025-12-18,Charger,two,800,Eldoret
106512,2025-05-10,Screen Protector,5,300,Nakuru
106513,2025-07-28,Screen Protector,two,800,Nairobi
106514,2025-05-17,Charger,two,800,Nakuru
106515,2025-07-30,Tecno Spark 20 Case,2,-800,Eldoret
106516,2025-01-30,Charger,1,500,Nairobi
106517,2025-08-10,Redmi Note 14 Case,2,300,Mombasa
106518,2025-06-21,Redmi Note 14 Case,4,2500,Kisumu
106519,2025-03-18,Samsung A35 Case,4,1200,Mombasa
106520,2025-12-19,Earbuds,5,800,Nakuru
106521,2025-03-29,Samsung A16 Case,1,300,Kisumu
106522,2025-04-13,power bank,4,2500,Eldoret
106523,2025-06-28,Charger,3,-800,Kisumu
106524,2025-11-16,Screen Protector,1,200,Nakuru
106525,2025-03-19,Tecno Spark 20 Case,5,300,Nairobi
106526,2025-07-15,Samsung A16 Case,two,300,Kisumu
106527,2025-05-11,iPhone 13 Case,4,2500,Nairobi
106528,2025-12-09,iPhone 13 Case,5,300,Nairobi
106529,2025-06-20,Tecno Spark 20 Case,3,2500,Mombasa
106530,2025-05-29,Earbuds,4,500,Nairobi
106531,2025-01-28,iPhone 13 Case,two,800,Nakuru
106532,2025-10-07,Infinix Hot 40 Case,1,2500,Nakuru
106533,2025-12-05,Samsung A35 Case,5,2500,Mombasa
106534,2025-11-26,,5,500,Kisumu
106535,2025-03-02,Power Bank,2,200,Nakuru
106536,2025-10-26,Redmi Note 14 Case,3,1200,Nairobi
106537,2025-04-10,Samsung A16 Case,4,300,Nairobi
106538,2025-03-30,Earbuds,1,1200,Eldoret
106539,2025-08-25,Infinix Hot 40 Case,4,2500,Kisumu
106540,2025-07-28,iPhone 13 Case,1,2500,Mombasa
106541,2025-03-19,Power Bank,1,300,Mombasa
106542,2025-12-12,Infinix Hot 40 Case,5,2500,Kisumu
106543,2025-12-02,Infinix Hot 40 Case,4,500,Eldoret
106544,2025-05-14,Redmi Note 14 Case,4,300,Nakuru
106545,2025-10-09,Samsung A35 Case,5,500,Nairobi
106546,2025-03-16,Samsung A35 Case,3,500,Nakuru
106547,2025-05-23,Tecno Spark 20 Case,2,200,Nairobi
106548,2025-10-14,Tecno Spark 20 Case,3,200,Eldoret
106549,2025-06-28,Tecno Spark 20 Case,2,200,Nakuru
106550,,Charger,4,300,Kisumu
106551,2025-03-14,Samsung A16 Case,3,500,Nakuru
106552,2025-12-20,Samsung A35 Case,2,500,Mombasa
106553,2025-04-23,Earbuds,4,1200,Kisumu
106554,2025-06-11,Charger,3,200,Eldoret
106555,2025-05-26,iPhone 13 Case,1,300,Mombasa
106556,2025-11-17,Tecno Spark 20 Case,3,200,Nairobi
106557,2025-10-20,Charger,5,-800,Eldoret
106558,2025-02-24,Power Bank,3,200,Eldoret
106559,2025-08-24,Samsung A16 Case,2,1200,Nakuru
106560,2025-11-05,Samsung A16 Case,1,800,Kisumu
106561,2025-01-04,Infinix Hot 40 Case,3,2500,Eldoret
106562,2025-10-13,Samsung A35 Case,2,-2500,Nakuru
106563,2025-04-13,Redmi Note 14 Case,4,500,Mombasa
106564,2025-12-31,Samsung A16 Case,4,200,Mombasa
106565,2025-04-06,Earbuds,3,200,Nairobi
106566,2025-03-31,Charger,2,800,Eldoret
106567,2025-06-20,Infinix Hot 40 Case,3,500,Nakuru
106568,2025-12-21,infinix hot 40 case,4,200,Kisumu
106569,2025-12-22,Charger,1,2500,Mombasa
106570,2025-06-22,Samsung A35 Case,5,200,Nairobi
106571,2025-05-20,samsung a35 case,two,2500,Eldoret
106572,2025-05-20,Tecno Spark 20 Case,2,800,Nairobi
106573,2025-06-28,Screen Protector,5,1200,Nairobi
106574,2025-11-09,Tecno Spark 20 Case,2,500,Mombasa
106575,2025-12-24,Samsung A35 Case,1,800,Kisumu
106576,2025-05-27,Infinix Hot 40 Case,3,2500,Kisumu
106577,2025-08-26,Screen Protector,3,500,Nairobi
106578,2025-01-25,Earbuds,3,1200,Eldoret
106579,2025-07-03,Infinix Hot 40 Case,1,1200,Nakuru
106580,2025-05-03,,1,500,Kisumu
106581,2025-07-06,Infinix Hot 40 Case,1,500,Eldoret
106582,2025-07-14,Infinix Hot 40 Case,2,300,Mombasa
106583,2025-04-23,Power Bank,1,2500,Eldoret
106584,2025-08-18,iPhone 13 Case,3,1200,Kisumu
106585,2025-10-14,Screen Protector,two,1200,Nairobi
106586,2025-07-01,Charger,1,500,Nakuru
106587,2025-09-23,Infinix Hot 40 Case,3,2500,Eldoret
106588,2025-06-16,Redmi Note 14 Case,4,800,Kisumu
106589,2025-06-25,Infinix Hot 40 Case,4,200,Nakuru
106590,2025-07-19,Charger,4,300,Mombasa
106591,2025-03-18,Screen Protector,3,2500,Eldoret
106592,2025-11-23,Samsung A16 Case,2,200,Mombasa
106593,2025-09-07,Samsung A35 Case,3,300,Nairobi
106594,2025-07-23,Charger,3,800,Nairobi
106595,2025-11-22,Samsung A35 Case,4,300,Nakuru
106596,2025-11-18,iPhone 13 Case,5,200,Eldoret
106597,2025-07-18,Power Bank,3,300,Nairobi
106598,2025-02-18,Infinix Hot 40 Case,3,500,Mombasa
106599,2025-01-07,Earbuds,3,1200,Nakuru
106600,2025-06-28,Samsung A35 Case,1,300,Nakuru
106601,2025-05-01,Tecno Spark 20 Case,4,2500,Nairobi
106602,2025-09-25,Power Bank,1,200,Nairobi
106603,2025-09-01,Charger,3,500,Kisumu
106604,2025-09-05,Redmi Note 14 Case,2,200,Mombasa
106605,2025-04-25,Infinix Hot 40 Case,1,200,Mombasa
106606,2025-06-22,iPhone 13 Case,2,300,Kisumu
106607,2025-03-29,iPhone 13 Case,3,2500,Nairobi
106608,2025-12-01,iPhone 13 Case,1,1200,Nakuru
106609,2025-03-12,Infinix Hot 40 Case,1,800,Eldoret
106610,2025-04-09,Tecno Spark 20 Case,2,200,Eldoret
106611,2025-08-12,Charger,3,300,Kisumu
106612,2025-03-06,Samsung A35 Case,5,500,Nakuru
106613,2025-02-19,Tecno Spark 20 Case,2,1200,Mombasa
106614,2025-04-01,Tecno Spark 20 Case,3,2500,Nairobi
106615,2025-02-26,iPhone 13 Case,2,300,Nairobi
106616,2025-09-26,Redmi Note 14 Case,5,500,Mombasa
106617,2025-11-06,Samsung A16 Case,2,200,Nakuru
106618,2025-06-08,Earbuds,4,200,Mombasa
106619,2025-03-14,Redmi Note 14 Case,2,2500,Nakuru
106620,2025-09-24,Charger,4,500,Nakuru
106621,2025-04-10,Earbuds,4,300,Mombasa
106622,2025-03-15,Infinix Hot 40 Case,5,1200,Nairobi
106623,2025-04-26,Redmi Note 14 Case,5,300,Kisumu
106624,,Power Bank,4,500,Nairobi
106625,2025-08-10,Screen Protector,1,1200,Mombasa
106626,2025-06-01,Tecno Spark 20 Case,2,500,Nakuru
106627,2025-03-26,Earbuds,4,200,Nairobi
106628,2025-05-09,Tecno Spark 20 Case,3,2500,Nakuru
106629,2025-11-30,Redmi Note 14 Case,1,800,Nairobi
106630,2025-04-12,Tecno Spark 20 Case,2,2500,Nakuru
106631,2025-02-24,earbuds,3,500,Nakuru
106632,2025-08-16,Charger,2,800,Nairobi
106633,2025-10-17,Screen Protector,4,1200,Kisumu
106634,2025-05-24,Earbuds,2,2500,Kisumu
106635,2025-10-15,iPhone 13 Case,3,500,Nakuru
106636,2025-09-05,Redmi Note 14 Case,two,500,Eldoret
106637,,iPhone 13 Case,2,800,Kisumu
106638,2025-07-23,Samsung A35 Case,5,500,Nakuru
106639,2025-02-27,Tecno Spark 20 Case,3,200,Kisumu
106640,2025-04-22,Charger,4,-300,Nairobi
106641,2025-11-06,Redmi Note 14 Case,1,500,Nakuru
106642,2025-09-12,Screen Protector,3,800,Eldoret
106643,2025-06-09,,5,500,Nairobi
106644,2025-04-30,Charger,5,2500,Eldoret
106645,2025-07-05,Tecno Spark 20 Case,5,300,Mombasa
106646,2025-06-28,Charger,3,500,Kisumu
106647,2025-02-06,Screen Protector,1,2500,Eldoret
106648,2025-02-18,Tecno Spark 20 Case,3,1200,Kisumu
106649,2025-10-25,Earbuds,1,500,Mombasa
106650,2025-07-20,Samsung A35 Case,1,2500,Eldoret
106651,2025-10-24,Samsung A35 Case,3,-2500,Nairobi
106652,2025-10-23,Earbuds,3,800,Nakuru
106653,2025-02-01,Samsung A16 Case,4,800,Nairobi
106654,2025-03-30,Redmi Note 14 Case,5,500,Nairobi
106655,2025-04-18,Redmi Note 14 Case,5,800,Kisumu
106656,2025-04-22,samsung a16 case,4,1200,Nairobi
106657,2025-11-28,iPhone 13 Case,two,200,Mombasa
106658,2025-03-03,Redmi Note 14 Case,1,300,Eldoret
106659,2025-05-14,Infinix Hot 40 Case,4,300,Nairobi
106660,2025-11-27,Samsung A35 Case,5,500,Mombasa
106661,2025-07-29,iPhone 13 Case,1,800,Mombasa
106662,2025-08-26,Power Bank,4,200,Eldoret
106663,2025-01-29,Infinix Hot 40 Case,5,1200,Mombasa
106664,2025-02-20,Infinix Hot 40 Case,1,1200,Kisumu
106665,2025-03-31,Samsung A35 Case,5,2500,Eldoret
106666,2025-08-31,Samsung A16 Case,2,200,Nairobi
106667,2025-03-30,,5,300,Nakuru
106668,,Screen Protector,2,1200,Kisumu
106669,2025-12-09,Earbuds,5,800,Kisumu
106670,2025-08-08,Power Bank,two,500,Nairobi
106671,2025-06-15,Infinix Hot 40 Case,4,1200,Mombasa
106672,2025-08-20,Samsung A16 Case,2,2500,Nairobi
106673,2025-07-23,iPhone 13 Case,3,2500,Nakuru
106674,2025-10-13,Samsung A35 Case,1,300,Nakuru
106675,2025-08-23,Tecno Spark 20 Case,3,-500,Nairobi
106676,2025-08-30,Samsung A16 Case,3,200,Mombasa
106677,2025-07-15,Samsung A35 Case,2,500,Nairobi
106678,2025-09-26,Charger,4,2500,Kisumu
106679,2025-06-19,Power Bank,5,2500,Kisumu
106680,2025-12-23,Screen Protector,3,300,Eldoret
106681,2025-08-20,Samsung A35 Case,3,2500,Nairobi
106682,2025-02-01,Tecno Spark 20 Case,1,1200,Nakuru
106683,2025-03-06,Charger,3,800,Mombasa
106684,2025-03-26,samsung a16 case,4,300,Eldoret
106685,2025-05-13,Samsung A16 Case,1,800,Nakuru
106686,2025-03-23,Earbuds,5,2500,Kisumu
106687,2025-11-24,iPhone 13 Case,2,200,Eldoret
106688,2025-11-23,iPhone 13 Case,5,300,Kisumu
106689,2025-09-29,Tecno Spark 20 Case,5,1200,Nairobi
106690,2025-06-06,Samsung A35 Case,two,500,Eldoret
106691,2025-01-22,Charger,1,500,Kisumu
106692,2025-08-22,Screen Protector,4,2500,Mombasa
106693,2025-07-07,Infinix Hot 40 Case,2,500,Eldoret
106694,,Charger,5,300,Nakuru
106695,2025-01-02,Samsung A16 Case,5,800,Kisumu
106696,2025-12-18,iPhone 13 Case,5,200,Nakuru
106697,2025-08-12,Charger,2,800,Mombasa
106698,2025-01-23,Tecno Spark 20 Case,3,1200,Mombasa
106699,2025-04-17,Samsung A16 Case,1,1200,Mombasa
106700,2025-11-09,Charger,1,200,Nakuru
106701,2025-04-20,Earbuds,5,1200,Nairobi
106702,2025-10-29,Samsung A35 Case,4,2500,Eldoret
106703,2025-12-20,Samsung A35 Case,3,500,Eldoret
106704,2025-11-21,Screen Protector,5,200,Mombasa
106705,2025-06-07,Samsung A16 Case,4,300,Nakuru
106706,2025-07-03,Infinix Hot 40 Case,5,200,Mombasa
106707,2025-05-11,iPhone 13 Case,two,1200,Mombasa
106708,2025-01-08,Tecno Spark 20 Case,1,2500,Nakuru
106709,2025-01-07,iPhone 13 Case,3,200,Mombasa
106710,2025-05-19,Screen Protector,1,200,Eldoret
106711,2025-01-11,Infinix Hot 40 Case,1,2500,Mombasa
106712,2025-04-24,iPhone 13 Case,4,300,Nairobi
106713,2025-07-15,Tecno Spark 20 Case,2,800,Nairobi
106714,2025-08-13,Redmi Note 14 Case,3,500,Nairobi
106715,2025-09-18,Power Bank,4,1200,Nakuru
106716,2025-05-30,Tecno Spark 20 Case,5,800,Nairobi
106717,2025-09-24,Earbuds,4,2500,Mombasa
106718,2025-06-30,Tecno Spark 20 Case,5,2500,Nairobi
106719,2025-04-26,iPhone 13 Case,5,500,Mombasa
106720,2025-01-13,earbuds,4,2500,Mombasa
106721,2025-09-24,iPhone 13 Case,3,1200,Eldoret
106722,2025-09-01,Charger,5,200,Eldoret
106723,2025-10-31,Power Bank,1,500,Mombasa
106724,2025-07-24,Samsung A16 Case,1,300,Nakuru
106725,2025-05-17,iphone 13 case,5,1200,Nakuru
106726,2025-10-13,Screen Protector,1,1200,Eldoret
106727,2025-10-30,Infinix Hot 40 Case,2,500,Eldoret
106728,2025-04-11,Power Bank,4,2500,Mombasa
106729,2025-03-11,Screen Protector,3,800,Kisumu
106730,2025-08-12,Samsung A16 Case,1,300,Nakuru
106731,2025-04-19,Earbuds,1,800,Nairobi
106732,2025-09-23,Samsung A35 Case,2,-300,Kisumu
106733,2025-02-13,Samsung A16 Case,1,1200,Nairobi
106734,2025-08-22,Samsung A16 Case,2,200,Eldoret
106735,2025-11-16,Infinix Hot 40 Case,two,300,Kisumu
106736,2025-03-12,Earbuds,1,200,Eldoret
106737,2025-09-19,Charger,1,2500,Eldoret
106738,,Charger,4,1200,Eldoret
106739,2025-08-27,iPhone 13 Case,two,2500,Nairobi
106740,2025-05-07,Infinix Hot 40 Case,1,1200,Nairobi
106741,2025-10-01,Earbuds,5,2500,Kisumu
106742,2025-05-19,Charger,2,1200,Kisumu
106743,2025-08-02,Tecno Spark 20 Case,4,200,Kisumu
106744,2025-06-28,Charger,2,200,Eldoret
106745,2025-12-15,Earbuds,2,200,Nairobi
106746,2025-05-12,Charger,3,1200,Nairobi
106747,2025-08-20,Earbuds,2,800,Kisumu
106748,2025-09-24,Samsung A35 Case,3,800,Nairobi
106749,2025-11-17,Charger,5,2500,Nakuru
106750,2025-12-26,Earbuds,3,200,Nairobi
106751,2025-12-06,Samsung A16 Case,1,200,Nakuru
106752,2025-02-28,Screen Protector,2,2500,Kisumu
106753,2025-04-08,redmi note 14 case,4,800,Nairobi
106754,2025-11-04,Redmi Note 14 Case,5,500,Eldoret
106755,2025-05-20,iPhone 13 Case,5,2500,Nakuru
106756,2025-05-05,Power Bank,5,500,Nakuru
106757,2025-03-01,Samsung A35 Case,5,1200,Kisumu
106758,2025-03-17,Infinix Hot 40 Case,3,1200,Nakuru
106759,2025-09-15,Infinix Hot 40 Case,1,-2500,Nakuru
106760,2025-11-11,Charger,5,200,Nakuru
106761,2025-10-15,Screen Protector,4,1200,Kisumu
106762,2025-03-26,Redmi Note 14 Case,4,1200,Nakuru
106763,2025-02-08,Tecno Spark 20 Case,2,2500,Nairobi
106764,2025-04-17,Tecno Spark 20 Case,4,2500,Nairobi
106765,2025-05-25,Earbuds,5,300,Mombasa
106766,,Samsung A16 Case,2,500,Kisumu
106767,2025-04-22,Infinix Hot 40 Case,2,2500,Nairobi
106768,2025-07-19,Samsung A16 Case,5,1200,Kisumu
106769,2025-01-07,Samsung A16 Case,2,1200,Mombasa
106770,2025-03-21,Redmi Note 14 Case,5,200,Nakuru
106771,2025-05-30,Samsung A35 Case,4,1200,Eldoret
106772,2025-10-20,Redmi Note 14 Case,3,800,Mombasa
106773,2025-11-15,Screen Protector,4,800,Mombasa
106774,2025-08-06,,1,200,Mombasa
106775,2025-08-15,Charger,4,800,Nairobi
106776,2025-04-29,Redmi Note 14 Case,2,300,Mombasa
106777,2025-12-02,Samsung A16 Case,4,2500,Eldoret
106778,2025-03-24,Samsung A35 Case,2,300,Mombasa
106779,2025-08-22,Samsung A16 Case,4,800,Kisumu
106780,2025-11-20,Redmi Note 14 Case,5,200,Kisumu
106781,,iPhone 13 Case,2,300,Eldoret
106782,2025-11-10,Redmi Note 14 Case,2,800,Nairobi
106783,2025-10-22,Power Bank,2,500,Eldoret
106784,2025-09-07,Redmi Note 14 Case,2,200,Mombasa
106785,2025-03-16,Samsung A16 Case,2,2500,Nakuru
106786,2025-07-25,Earbuds,3,2500,Kisumu
106787,2025-11-12,Tecno Spark 20 Case,4,500,Nakuru
106788,2025-06-28,Samsung A35 Case,3,2500,Nakuru
106789,2025-11-23,Redmi Note 14 Case,4,500,Kisumu
106790,2025-05-13,Samsung A35 Case,5,-800,Kisumu
106791,2025-03-12,Samsung A35 Case,2,2500,Nakuru
106792,2025-08-12,Tecno Spark 20 Case,2,800,Eldoret
106793,2025-03-15,Samsung A16 Case,1,2500,Mombasa
106794,2025-04-04,iPhone 13 Case,5,200,Eldoret
106795,2025-07-12,Samsung A35 Case,1,2500,Nairobi
106796,2025-01-20,Redmi Note 14 Case,1,500,Eldoret
106797,2025-10-27,Redmi Note 14 Case,3,2500,Mombasa
106798,2025-03-03,Samsung A35 Case,3,1200,Nairobi
106799,2025-10-28,Samsung A16 Case,3,1200,Mombasa
106800,2025-07-21,Tecno Spark 20 Case,two,2500,Nakuru
106801,2025-04-22,Samsung A35 Case,1,500,Nakuru
106802,2025-04-08,Screen Protector,5,1200,Eldoret
106803,2025-02-17,Samsung A35 Case,2,300,Nakuru
106804,2025-09-29,Samsung A35 Case,1,1200,Nakuru
106805,2025-11-24,Power Bank,5,800,Nakuru
106806,2025-10-29,Tecno Spark 20 Case,1,300,Kisumu
106807,2025-01-23,Samsung A35 Case,2,500,Eldoret
106808,2025-04-04,Samsung A35 Case,2,1200,Kisumu
106809,2025-10-17,Power Bank,5,1200,Kisumu
106810,2025-01-09,iPhone 13 Case,2,200,Kisumu
106811,2025-10-22,Earbuds,5,2500,Mombasa
106812,2025-10-01,Power Bank,2,-200,Nakuru
106813,2025-12-27,Samsung A16 Case,5,1200,Nairobi
106814,2025-05-18,Charger,2,800,Mombasa
106815,2025-02-13,Samsung A16 Case,3,1200,Mombasa
106816,2025-05-06,Samsung A35 Case,3,500,Mombasa
106817,,Earbuds,1,800,Eldoret
106818,2025-11-22,Infinix Hot 40 Case,two,300,Kisumu
106819,2025-12-23,Power Bank,5,200,Nairobi
106820,2025-05-06,Power Bank,3,800,Nakuru
106821,2025-10-05,iPhone 13 Case,5,500,Nakuru
106822,2025-05-21,Samsung A35 Case,5,300,Mombasa
106823,2025-04-20,Samsung A16 Case,4,1200,Kisumu
106824,2025-05-22,Screen Protector,1,300,Eldoret
106825,2025-11-15,Screen Protector,4,2500,Eldoret
106826,2025-08-05,Redmi Note 14 Case,1,800,Nakuru
106827,2025-01-02,Earbuds,1,500,Mombasa
106828,2025-03-18,earbuds,2,500,Mombasa
106829,2025-06-14,Screen Protector,1,200,Nairobi
106830,2025-01-24,Redmi Note 14 Case,3,300,Nakuru
106831,2025-10-16,Screen Protector,4,2500,Nairobi
106832,2025-05-18,iPhone 13 Case,1,2500,Nairobi
106833,2025-10-26,Earbuds,5,200,Nairobi
106834,2025-02-28,Infinix Hot 40 Case,1,1200,Mombasa
106835,2025-07-07,Screen Protector,4,2500,Mombasa
106836,2025-06-20,Infinix Hot 40 Case,4,1200,Eldoret
106837,2025-10-26,,1,300,Nakuru
106838,2025-03-28,Charger,1,1200,Eldoret
106839,2025-05-14,Charger,3,200,Nakuru
106840,2025-11-11,Earbuds,4,300,Nairobi
106841,2025-11-29,Infinix Hot 40 Case,1,300,Eldoret
106842,2025-09-20,Samsung A35 Case,5,1200,Eldoret
106843,2025-03-27,Screen Protector,4,2500,Kisumu
106844,2025-09-27,iPhone 13 Case,3,500,Nairobi
106845,2025-12-09,Charger,2,800,Eldoret
106846,2025-04-14,Power Bank,5,800,Mombasa
106847,2025-01-28,Power Bank,2,500,Mombasa
106848,2025-06-05,Power Bank,4,800,Kisumu
106849,2025-05-01,,4,800,Kisumu
106850,2025-01-16,Tecno Spark 20 Case,5,2500,Kisumu
106851,2025-02-18,Redmi Note 14 Case,4,2500,Mombasa
106852,2025-12-06,Samsung A16 Case,2,300,Nakuru
106853,2025-05-30,Infinix Hot 40 Case,1,1200,Mombasa
106854,2025-06-26,Redmi Note 14 Case,2,300,Kisumu
106855,2025-11-05,,4,1200,Mombasa
106856,2025-03-16,iPhone 13 Case,2,500,Mombasa
106857,2025-07-06,Redmi Note 14 Case,2,500,Nakuru
106858,2025-07-03,Screen Protector,1,800,Nairobi
106859,2025-09-20,Earbuds,5,300,Nakuru
106860,2025-08-13,iPhone 13 Case,5,1200,Mombasa
106861,2025-01-16,Screen Protector,5,500,Mombasa
106862,2025-09-08,Samsung A16 Case,3,500,Eldoret
106863,2025-05-01,Samsung A35 Case,3,300,Eldoret
106864,2025-02-10,Power Bank,two,2500,Nairobi
106865,2025-01-05,Infinix Hot 40 Case,1,1200,Kisumu
106866,2025-03-19,Samsung A35 Case,1,-800,Eldoret
106867,2025-07-28,Samsung A35 Case,3,2500,Kisumu
106868,2025-08-25,iPhone 13 Case,5,1200,Mombasa
106869,2025-01-10,Charger,2,500,Eldoret
106870,2025-08-24,Samsung A16 Case,2,200,Mombasa
106871,2025-03-12,Samsung A16 Case,3,800,Nakuru
106872,2025-08-03,Screen Protector,1,1200,Mombasa
106873,2025-10-09,samsung a35 case,1,800,Nakuru
106874,2025-10-23,Samsung A16 Case,3,1200,Mombasa
106875,2025-01-20,Power Bank,4,300,Nakuru
106876,2025-04-30,Samsung A35 Case,1,200,Mombasa
106877,2025-06-02,Charger,5,800,Nairobi
106878,2025-01-04,Earbuds,1,300,Nairobi
106879,2025-12-01,iPhone 13 Case,2,800,Kisumu
106880,2025-11-23,Charger,4,500,Nairobi
106881,2025-06-29,Charger,1,2500,Nakuru
106882,2025-01-13,Earbuds,4,800,Mombasa
106883,2025-12-18,Samsung A35 Case,3,2500,Kisumu
106884,2025-07-21,Redmi Note 14 Case,2,300,Eldoret
106885,2025-04-03,iPhone 13 Case,4,800,Nakuru
106886,2025-03-01,iPhone 13 Case,5,2500,Nairobi
106887,2025-04-10,Infinix Hot 40 Case,1,500,Mombasa
106888,2025-11-07,Tecno Spark 20 Case,2,300,Nakuru
106889,2025-06-25,Earbuds,1,800,Kisumu
106890,2025-06-07,Infinix Hot 40 Case,5,800,Eldoret
106891,2025-12-06,Earbuds,2,300,Nairobi
106892,2025-10-12,Power Bank,2,800,Eldoret
106893,2025-05-23,Screen Protector,1,-1200,Nakuru
106894,2025-11-16,Infinix Hot 40 Case,4,1200,Mombasa
106895,2025-07-04,Redmi Note 14 Case,5,800,Nakuru
106896,2025-08-04,Samsung A35 Case,5,2500,Nairobi
106897,2025-11-20,Earbuds,5,1200,Nakuru
106898,2025-07-21,Samsung A35 Case,4,500,Kisumu
106899,2025-06-06,Samsung A35 Case,1,300,Mombasa
106900,2025-05-22,Earbuds,2,2500,Eldoret
106901,2025-07-14,Samsung A35 Case,2,2500,Kisumu
106902,2025-12-22,Samsung A16 Case,5,1200,Eldoret
106903,2025-03-24,Tecno Spark 20 Case,4,800,Nairobi
106904,2025-11-07,Tecno Spark 20 Case,1,2500,Kisumu
106905,2025-01-20,Charger,1,200,Kisumu
106906,2025-07-16,Power Bank,5,300,Nakuru
106907,2025-06-16,Samsung A35 Case,5,800,Nairobi
106908,2025-06-13,Samsung A35 Case,1,800,Mombasa
106909,2025-12-09,iPhone 13 Case,5,1200,Mombasa
106910,2025-01-24,iPhone 13 Case,5,500,Eldoret
106911,2025-12-24,Redmi Note 14 Case,4,2500,Eldoret
106912,2025-05-20,Tecno Spark 20 Case,3,800,Eldoret
106913,2025-06-18,iPhone 13 Case,5,1200,Eldoret
106914,2025-09-19,Samsung A16 Case,3,-1200,Nairobi
106915,2025-06-10,Screen Protector,3,300,Nairobi
106916,2025-05-29,Earbuds,4,200,Eldoret
106917,2025-08-19,Screen Protector,1,1200,Mombasa
106918,2025-03-05,Screen Protector,2,800,Nakuru
106919,2025-12-20,Redmi Note 14 Case,2,1200,Eldoret
106920,2025-08-24,iPhone 13 Case,5,-1200,Eldoret
106921,2025-06-02,Tecno Spark 20 Case,5,2500,Eldoret
106922,2025-11-15,Power Bank,3,800,Nakuru
106923,2025-03-17,Screen Protector,1,500,Nakuru
106924,2025-08-17,Power Bank,1,200,Mombasa
106925,2025-05-11,Charger,4,500,Nairobi
106926,2025-04-07,Infinix Hot 40 Case,1,2500,Mombasa
106927,2025-09-02,Charger,3,2500,Eldoret
106928,2025-10-18,Infinix Hot 40 Case,2,800,Eldoret
106929,2025-07-21,Earbuds,2,800,Nairobi
106930,2025-10-05,Screen Protector,5,1200,Mombasa
106931,2025-12-22,Earbuds,4,2500,Nairobi
106932,2025-03-28,Samsung A16 Case,3,500,Kisumu
106933,2025-07-30,Charger,1,200,Nakuru
106934,2025-02-02,Infinix Hot 40 Case,3,500,Eldoret
106935,2025-07-17,Redmi Note 14 Case,4,800,Nakuru
106936,2025-04-30,Charger,1,500,Eldoret
106937,2025-03-16,Earbuds,1,200,Eldoret
106938,2025-02-10,Screen Protector,5,200,Nakuru
106939,2025-04-08,Screen Protector,2,300,Mombasa
106940,2025-09-19,Samsung A16 Case,4,-200,Mombasa
106941,2025-08-27,Earbuds,2,2500,Kisumu
106942,2025-07-15,iPhone 13 Case,2,500,Nakuru
106943,2025-11-21,Samsung A16 Case,1,1200,Nakuru
106944,2025-05-19,,3,500,Eldoret
106945,2025-07-15,,2,200,Nairobi
106946,2025-05-03,Redmi Note 14 Case,1,200,Mombasa
106947,2025-08-21,Tecno Spark 20 Case,3,500,Nakuru
106948,2025-09-15,Screen Protector,3,500,Kisumu
106949,2025-09-30,Infinix Hot 40 Case,2,1200,Nairobi
106950,2025-03-27,Power Bank,3,1200,Kisumu
106951,2025-08-05,Samsung A16 Case,2,200,Nakuru
106952,2025-05-15,Redmi Note 14 Case,4,500,Mombasa
106953,2025-02-24,Earbuds,4,500,Nakuru
106954,2025-09-09,Samsung A35 Case,5,500,Kisumu
106955,2025-06-12,iPhone 13 Case,4,300,Nairobi
106956,2025-03-09,Infinix Hot 40 Case,3,500,Nakuru
106957,2025-07-18,Charger,2,200,Nairobi
106958,2025-01-01,Infinix Hot 40 Case,3,1200,Mombasa
106959,2025-04-02,Samsung A35 Case,2,300,Nairobi
106960,2025-06-09,Power Bank,5,200,Nairobi
106961,2025-03-14,Charger,1,200,Eldoret
106962,2025-07-15,Redmi Note 14 Case,4,1200,Eldoret
106963,2025-08-12,Tecno Spark 20 Case,4,2500,Nakuru
106964,2025-05-18,Earbuds,4,300,Nairobi
106965,2025-03-29,Screen Protector,2,200,Nakuru
106966,2025-02-10,Infinix Hot 40 Case,1,2500,Mombasa
106967,2025-01-08,iPhone 13 Case,4,2500,Nairobi
106968,2025-12-06,Samsung A35 Case,2,800,Nairobi
106969,2025-06-25,Samsung A16 Case,4,2500,Nairobi
106970,2025-11-19,Samsung A35 Case,2,300,Nairobi
106971,2025-02-25,Samsung A16 Case,3,2500,Nairobi
106972,,Samsung A35 Case,2,2500,Eldoret
106973,2025-08-01,Earbuds,5,500,Nakuru
106974,2025-02-01,Charger,4,1200,Nakuru
106975,2025-03-05,Tecno Spark 20 Case,3,1200,Nairobi
106976,2025-02-04,Earbuds,2,1200,Nairobi
106977,2025-10-12,Infinix Hot 40 Case,2,800,Nairobi
106978,2025-04-23,Tecno Spark 20 Case,3,2500,Nairobi
106979,2025-07-28,Redmi Note 14 Case,3,800,Mombasa
106980,2025-03-27,Infinix Hot 40 Case,5,800,Nairobi
106981,2025-02-23,Samsung A16 Case,5,1200,Kisumu
106982,2025-09-22,Power Bank,5,1200,Kisumu
106983,2025-01-10,iPhone 13 Case,3,800,Nairobi
106984,2025-02-27,Infinix Hot 40 Case,1,800,Kisumu
106985,2025-12-28,iPhone 13 Case,3,200,Eldoret
106986,2025-07-19,Samsung A16 Case,1,2500,Mombasa
106987,2025-08-14,Earbuds,3,300,Eldoret
106988,2025-03-12,Earbuds,5,2500,Eldoret
106989,2025-10-04,Samsung A16 Case,3,300,Nakuru
106990,2025-01-14,iPhone 13 Case,3,300,Mombasa
106991,2025-07-08,Charger,4,200,Nairobi
106992,2025-11-30,Samsung A35 Case,1,500,Kisumu
106993,2025-07-03,Infinix Hot 40 Case,1,1200,Nairobi
106994,2025-01-12,Infinix Hot 40 Case,2,300,Eldoret
106995,2025-02-06,Samsung A16 Case,1,300,Nakuru
106996,2025-09-10,iPhone 13 Case,two,500,Eldoret
106997,2025-10-24,Tecno Spark 20 Case,1,200,Nakuru
106998,2025-08-13,Charger,5,1200,Nakuru
106999,,Redmi Note 14 Case,5,2500,Eldoret
107000,2025-05-16,Samsung A35 Case,5,300,Eldoret
107001,2025-02-14,iPhone 13 Case,2,500,Kisumu
107002,2025-07-24,Earbuds,3,800,Kisumu
107003,2025-03-24,iPhone 13 Case,2,200,Kisumu
107004,2025-06-15,Infinix Hot 40 Case,3,200,Kisumu
107005,2025-06-13,earbuds,4,300,Nairobi
107006,2025-09-04,Charger,2,500,Nakuru
107007,2025-10-31,Redmi Note 14 Case,5,800,Mombasa
107008,2025-08-12,Power Bank,1,1200,Kisumu
107009,2025-08-08,Redmi Note 14 Case,3,800,Mombasa
107010,2025-08-21,Samsung A35 Case,1,300,Nakuru
107011,2025-03-21,Samsung A16 Case,two,300,Kisumu
107012,2025-04-13,iPhone 13 Case,1,500,Nairobi
107013,2025-10-04,iPhone 13 Case,4,2500,Nairobi
107014,2025-09-24,Power Bank,5,200,Nakuru
107015,2025-03-30,Tecno Spark 20 Case,3,2500,Nairobi
107016,2025-08-04,Tecno Spark 20 Case,5,800,Kisumu
107017,2025-03-28,Samsung A35 Case,4,300,Kisumu
107018,2025-12-25,charger,3,1200,Eldoret
107019,2025-06-13,Charger,5,200,Nakuru
107020,2025-03-14,Power Bank,5,500,Nairobi
107021,,Tecno Spark 20 Case,1,200,Eldoret
107022,2025-03-17,Earbuds,5,500,Nakuru
107023,2025-08-29,Redmi Note 14 Case,5,300,Nakuru
107024,2025-02-22,iPhone 13 Case,2,800,Eldoret
107025,2025-09-23,Redmi Note 14 Case,2,800,Nakuru
107026,2025-02-13,Tecno Spark 20 Case,1,200,Kisumu
107027,2025-03-12,Samsung A35 Case,2,800,Nairobi
107028,2025-11-12,Samsung A16 Case,4,2500,Mombasa
107029,2025-08-02,Redmi Note 14 Case,5,500,Nakuru
107030,2025-10-18,Charger,3,1200,Kisumu
107031,2025-10-03,Screen Protector,3,800,Nairobi
107032,2025-01-08,iPhone 13 Case,2,-500,Nairobi
107033,2025-02-11,Samsung A16 Case,5,200,Eldoret
107034,2025-03-11,Earbuds,5,1200,Eldoret
107035,2025-06-22,Samsung A35 Case,3,300,Kisumu
107036,2025-09-19,iPhone 13 Case,3,200,Eldoret
107037,2025-01-15,Samsung A35 Case,5,800,Eldoret
107038,2025-05-01,Screen Protector,2,200,Nairobi
107039,2025-04-17,,4,500,Nakuru
107040,2025-11-05,Redmi Note 14 Case,5,200,Eldoret
107041,2025-04-03,Samsung A16 Case,5,2500,Mombasa
107042,2025-12-20,Charger,2,500,Kisumu
107043,2025-05-23,Power Bank,3,300,Mombasa
107044,2025-10-09,earbuds,3,800,Mombasa
107045,2025-02-16,Infinix Hot 40 Case,5,2500,Eldoret
107046,2025-03-25,,5,300,Mombasa
107047,2025-12-02,Earbuds,1,800,Nairobi
107048,2025-06-02,Samsung A35 Case,3,800,Nakuru
107049,2025-10-02,Infinix Hot 40 Case,2,800,Mombasa
107050,2025-08-02,Power Bank,3,2500,Kisumu
107051,2025-04-08,Power Bank,1,2500,Mombasa
107052,2025-09-30,Power Bank,4,300,Nairobi
107053,2025-08-16,Power Bank,1,300,Eldoret
107054,2025-05-29,Infinix Hot 40 Case,2,300,Nairobi
107055,2025-12-17,Earbuds,5,500,Kisumu
107056,2025-10-16,Screen Protector,2,2500,Mombasa
107057,2025-05-09,Earbuds,5,2500,Nakuru
107058,2025-03-28,Samsung A35 Case,1,200,Eldoret
107059,2025-09-14,Charger,5,2500,Nakuru
107060,2025-01-04,power bank,1,500,Eldoret
107061,2025-07-21,Samsung A16 Case,4,800,Nairobi
107062,2025-10-12,Screen Protector,4,2500,Kisumu
107063,2025-11-21,Charger,5,500,Nairobi
107064,2025-06-02,Samsung A16 Case,4,200,Eldoret
107065,2025-10-24,Earbuds,1,1200,Mombasa
107066,2025-08-28,screen protector,2,300,Nairobi
107067,,,2,300,Kisumu
107068,2025-07-27,,5,200,Eldoret
107069,2025-05-24,Earbuds,3,2500,Mombasa
107070,2025-12-29,Earbuds,2,200,Mombasa
107071,2025-05-12,Redmi Note 14 Case,1,800,Kisumu
107072,2025-03-30,Samsung A35 Case,1,2500,Mombasa
107073,2025-03-16,Earbuds,1,800,Nakuru
107074,2025-01-07,iPhone 13 Case,1,800,Kisumu
107075,2025-09-23,Samsung A16 Case,1,800,Mombasa
107076,2025-08-11,Screen Protector,3,300,Nairobi
107077,2025-08-29,Tecno Spark 20 Case,4,2500,Nairobi
107078,2025-05-20,Charger,1,300,Kisumu
107079,2025-07-10,Redmi Note 14 Case,2,200,Mombasa
107080,2025-02-02,iPhone 13 Case,1,2500,Mombasa
107081,2025-07-13,Samsung A35 Case,1,500,Nakuru
107082,2025-08-04,iPhone 13 Case,5,800,Kisumu
107083,2025-07-02,iPhone 13 Case,2,2500,Kisumu
107084,2025-06-12,Tecno Spark 20 Case,4,500,Nakuru
107085,2025-05-22,Redmi Note 14 Case,5,300,Nakuru
107086,2025-05-27,Charger,2,200,Nairobi
107087,2025-10-25,Earbuds,5,300,Nakuru
107088,2025-06-01,Charger,1,800,Nakuru
107089,2025-04-29,Tecno Spark 20 Case,2,-200,Eldoret
107090,2025-12-01,iPhone 13 Case,4,800,Nairobi
107091,2025-11-09,Infinix Hot 40 Case,1,500,Eldoret
107092,2025-09-27,Samsung A16 Case,1,300,Nairobi
107093,2025-11-22,iPhone 13 Case,5,2500,Nakuru
107094,2025-06-28,iPhone 13 Case,1,1200,Nakuru
107095,2025-08-15,Power Bank,2,2500,Eldoret
107096,2025-12-01,charger,5,200,Kisumu
107097,2025-05-18,Samsung A35 Case,3,1200,Nairobi
107098,2025-11-19,Infinix Hot 40 Case,4,800,Nakuru
107099,2025-03-16,Earbuds,1,200,Mombasa
107100,2025-10-11,Screen Protector,1,200,Kisumu
107101,2025-07-22,Samsung A35 Case,3,200,Nakuru
107102,2025-04-01,Samsung A16 Case,5,800,Nairobi
107103,2025-05-30,Earbuds,5,1200,Nakuru
107104,2025-02-02,iPhone 13 Case,1,1200,Nakuru
107105,2025-02-22,Screen Protector,2,300,Nairobi
107106,2025-06-24,Charger,4,1200,Nakuru
107107,,Tecno Spark 20 Case,1,1200,Nairobi
107108,2025-06-04,redmi note 14 case,3,200,Nakuru
107109,2025-09-15,Power Bank,3,2500,Kisumu
107110,2025-11-26,Samsung A16 Case,4,200,Kisumu
107111,2025-07-05,Screen Protector,2,500,Eldoret
107112,2025-05-08,Earbuds,3,2500,Kisumu
107113,2025-05-15,Power Bank,1,300,Kisumu
107114,2025-01-21,iPhone 13 Case,3,500,Eldoret
107115,2025-02-24,Earbuds,4,2500,Eldoret
107116,2025-02-11,Tecno Spark 20 Case,2,300,Nakuru
107117,2025-08-18,Earbuds,3,200,Kisumu
107118,2025-11-02,Power Bank,two,800,Eldoret
107119,2025-08-14,Infinix Hot 40 Case,3,800,Eldoret
107120,2025-08-04,charger,4,800,Mombasa
107121,2025-10-31,Infinix Hot 40 Case,1,200,Nakuru
107122,2025-03-08,,5,200,Nakuru
107123,2025-10-04,,1,200,Mombasa
107124,2025-09-29,Samsung A16 Case,3,800,Kisumu
107125,2025-06-28,iPhone 13 Case,1,2500,Mombasa
107126,2025-11-04,Redmi Note 14 Case,4,2500,Mombasa
107127,2025-03-25,Samsung A16 Case,5,200,Kisumu
107128,2025-12-20,Screen Protector,3,1200,Eldoret
107129,2025-03-08,Samsung A16 Case,2,800,Nakuru
107130,2025-07-13,Earbuds,3,300,Nakuru
107131,2025-06-17,Redmi Note 14 Case,two,300,Kisumu
107132,2025-12-19,Charger,2,200,Nakuru
107133,2025-11-24,,1,300,Kisumu
107134,2025-01-04,Samsung A16 Case,4,800,Mombasa
107135,2025-07-12,Power Bank,4,-200,Eldoret
107136,2025-10-30,Samsung A16 Case,5,300,Kisumu
107137,2025-07-02,Infinix Hot 40 Case,2,200,Nakuru
107138,2025-09-29,Samsung A35 Case,5,800,Mombasa
107139,2025-04-27,,2,300,Nakuru
107140,,iPhone 13 Case,4,300,Mombasa
107141,2025-08-14,Earbuds,3,800,Mombasa
107142,2025-12-14,Infinix Hot 40 Case,4,500,Nairobi
107143,2025-01-13,iPhone 13 Case,1,800,Nakuru
107144,2025-02-19,Tecno Spark 20 Case,1,300,Kisumu
107145,2025-09-06,Charger,1,2500,Nairobi
107146,2025-09-21,Charger,2,200,Nairobi
107147,2025-07-07,Power Bank,2,500,Nakuru
107148,2025-05-11,Samsung A35 Case,1,1200,Kisumu
107149,2025-02-21,Samsung A35 Case,4,2500,Nakuru
107150,2025-04-29,Tecno Spark 20 Case,5,1200,Kisumu
107151,2025-09-12,Screen Protector,5,1200,Nairobi
107152,2025-08-25,Samsung A35 Case,1,200,Eldoret
107153,2025-03-08,iPhone 13 Case,2,200,Eldoret
107154,2025-04-03,Samsung A35 Case,2,800,Eldoret
107155,2025-02-18,iphone 13 case,3,200,Nakuru
107156,2025-04-28,Power Bank,1,200,Nairobi
107157,2025-08-27,Infinix Hot 40 Case,1,800,Nakuru
107158,2025-04-23,Earbuds,4,300,Nairobi
107159,2025-08-05,Samsung A35 Case,4,1200,Mombasa
107160,2025-02-19,Earbuds,3,200,Eldoret
107161,2025-08-21,Samsung A35 Case,4,-500,Nakuru
107162,2025-11-05,Samsung A16 Case,2,2500,Nairobi
107163,2025-05-25,Power Bank,4,1200,Mombasa
107164,2025-04-24,Samsung A35 Case,3,800,Nakuru
107165,2025-03-27,Infinix Hot 40 Case,4,200,Eldoret
107166,2025-10-03,Power Bank,5,500,Kisumu
107167,2025-05-10,Earbuds,4,1200,Mombasa
107168,2025-03-05,Samsung A16 Case,2,2500,Nairobi
107169,2025-06-17,Power Bank,5,2500,Nairobi
107170,,Power Bank,4,800,Mombasa
107171,2025-03-28,Tecno Spark 20 Case,3,200,Kisumu
107172,2025-06-06,Infinix Hot 40 Case,1,200,Kisumu
107173,2025-01-22,Samsung A35 Case,2,300,Nakuru
107174,2025-11-22,samsung a16 case,5,200,Nairobi
107175,2025-07-21,Samsung A35 Case,1,800,Eldoret
107176,2025-02-12,Screen Protector,5,200,Nairobi
107177,2025-11-20,Charger,5,800,Nakuru
107178,2025-07-07,Power Bank,2,1200,Eldoret
107179,2025-09-20,iPhone 13 Case,1,2500,Nakuru
107180,2025-08-08,charger,2,800,Kisumu
107181,2025-07-14,Samsung A16 Case,1,500,Mombasa
107182,2025-03-02,Infinix Hot 40 Case,5,500,Nairobi
107183,2025-01-13,samsung a16 case,2,200,Eldoret
107184,2025-11-28,Redmi Note 14 Case,3,200,Eldoret
107185,2025-11-30,Screen Protector,4,500,Nakuru
107186,2025-05-26,Charger,2,200,Nakuru
107187,2025-06-10,iPhone 13 Case,5,300,Nairobi
107188,2025-03-30,samsung a35 case,5,2500,Mombasa
107189,,Earbuds,4,200,Kisumu
107190,2025-08-01,Earbuds,2,800,Eldoret
107191,2025-05-25,Samsung A16 Case,2,800,Eldoret
107192,2025-09-08,Redmi Note 14 Case,2,500,Nakuru
107193,2025-09-06,Tecno Spark 20 Case,5,200,Nairobi
107194,2025-05-10,Earbuds,3,500,Eldoret
107195,2025-12-11,Earbuds,1,300,Nairobi
107196,2025-01-27,Screen Protector,2,300,Eldoret
107197,2025-08-10,Earbuds,3,300,Nakuru
107198,2025-10-02,Infinix Hot 40 Case,2,1200,Eldoret
107199,2025-09-13,redmi note 14 case,2,300,Eldoret
107200,2025-04-05,iPhone 13 Case,5,200,Nairobi
107201,2025-02-26,Screen Protector,2,2500,Eldoret
107202,2025-06-18,Charger,5,2500,Kisumu
107203,,Tecno Spark 20 Case,1,800,Kisumu
107204,2025-12-13,Redmi Note 14 Case,5,300,Mombasa
107205,2025-07-21,infinix hot 40 case,3,200,Kisumu
107206,2025-07-05,Infinix Hot 40 Case,4,800,Mombasa
107207,2025-08-15,,5,800,Mombasa
107208,2025-09-26,Power Bank,3,300,Kisumu
107209,2025-12-31,Redmi Note 14 Case,3,800,Nairobi
107210,2025-12-24,Samsung A35 Case,5,800,Eldoret
107211,2025-07-04,Screen Protector,5,500,Mombasa
107212,2025-10-20,earbuds,5,2500,Eldoret
107213,2025-12-17,Charger,4,800,Nairobi
107214,2025-08-16,Power Bank,4,2500,Nakuru
107215,2025-07-30,Earbuds,2,200,Nairobi
107216,2025-01-23,iPhone 13 Case,4,800,Nakuru
107217,2025-07-07,Screen Protector,2,1200,Eldoret
107218,2025-02-18,Samsung A16 Case,3,200,Nakuru
107219,2025-07-29,Power Bank,3,1200,Kisumu
107220,2025-10-08,Screen Protector,3,200,Kisumu
107221,2025-05-13,iPhone 13 Case,1,500,Nakuru
107222,2025-12-04,Earbuds,3,200,Nakuru
107223,2025-09-04,Power Bank,4,800,Eldoret
107224,2025-12-15,Infinix Hot 40 Case,1,2500,Nakuru
107225,2025-11-08,Infinix Hot 40 Case,5,200,Nairobi
107226,2025-01-03,Redmi Note 14 Case,2,200,Kisumu
107227,2025-06-25,Tecno Spark 20 Case,4,800,Nakuru
107228,2025-06-08,Samsung A16 Case,2,200,Mombasa
107229,2025-01-10,Infinix Hot 40 Case,3,300,Kisumu
107230,2025-11-03,Earbuds,4,500,Mombasa
107231,2025-02-23,Samsung A16 Case,1,200,Kisumu
107232,2025-01-09,Infinix Hot 40 Case,5,-500,Mombasa
107233,2025-06-02,Infinix Hot 40 Case,2,300,Eldoret
107234,2025-06-01,Samsung A16 Case,3,500,Mombasa
107235,2025-05-14,Tecno Spark 20 Case,5,500,Kisumu
107236,2025-03-08,Tecno Spark 20 Case,1,500,Nairobi
107237,2025-12-03,Screen Protector,3,300,Nakuru
107238,2025-03-17,Power Bank,2,500,Nairobi
107239,2025-10-10,Screen Protector,2,500,Kisumu
107240,2025-02-23,Infinix Hot 40 Case,1,1200,Nairobi
107241,2025-04-30,Screen Protector,1,300,Kisumu
107242,2025-09-12,iPhone 13 Case,2,500,Kisumu
107243,2025-06-01,Earbuds,1,2500,Mombasa
107244,2025-01-19,Samsung A35 Case,3,500,Nairobi
107245,2025-07-16,Samsung A35 Case,4,200,Nairobi
107246,,Redmi Note 14 Case,5,800,Nairobi
107247,2025-10-29,Screen Protector,4,800,Eldoret
107248,2025-03-02,earbuds,1,300,Nairobi
107249,2025-01-20,Screen Protector,2,300,Nairobi
107250,2025-10-26,Samsung A16 Case,2,2500,Nakuru
107251,2025-04-17,Screen Protector,1,800,Eldoret
107252,2025-07-28,Samsung A16 Case,3,2500,Mombasa
107253,2025-08-20,Charger,4,300,Mombasa
107254,2025-07-25,iPhone 13 Case,3,300,Mombasa
107255,2025-07-04,Tecno Spark 20 Case,2,1200,Mombasa
107256,2025-12-08,Samsung A16 Case,two,300,Nairobi
107257,2025-11-16,Earbuds,2,1200,Eldoret
107258,2025-12-17,iPhone 13 Case,2,2500,Nairobi
107259,2025-12-22,Redmi Note 14 Case,5,500,Kisumu
107260,2025-03-26,Redmi Note 14 Case,1,800,Nakuru
107261,2025-08-15,Samsung A16 Case,2,200,Eldoret
107262,2025-02-26,Power Bank,4,500,Nakuru
107263,2025-03-08,Earbuds,3,2500,Nairobi
107264,2025-04-15,Earbuds,3,800,Nakuru
107265,2025-07-07,Samsung A16 Case,4,500,Mombasa
107266,2025-02-20,Tecno Spark 20 Case,1,2500,Nakuru
107267,2025-06-19,Power Bank,1,800,Kisumu
107268,2025-08-02,Screen Protector,3,800,Kisumu
107269,2025-04-20,Earbuds,5,1200,Kisumu
107270,2025-05-08,iPhone 13 Case,4,2500,Nairobi
107271,2025-11-07,Tecno Spark 20 Case,2,300,Nakuru
107272,2025-04-07,Samsung A16 Case,1,2500,Mombasa
107273,2025-01-24,Earbuds,1,500,Eldoret
107274,2025-05-02,Redmi Note 14 Case,4,2500,Mombasa
107275,2025-01-14,Redmi Note 14 Case,5,300,Nairobi
107276,2025-08-28,iPhone 13 Case,2,300,Nakuru
107277,2025-10-10,Tecno Spark 20 Case,4,200,Mombasa
107278,2025-11-23,Infinix Hot 40 Case,3,300,Mombasa
107279,2025-03-22,Samsung A35 Case,2,200,Nakuru
107280,2025-06-29,Earbuds,2,500,Nakuru
107281,2025-04-06,Charger,5,500,Kisumu
107282,2025-01-02,Earbuds,3,-200,Eldoret
107283,2025-12-23,Power Bank,4,1200,Nakuru
107284,2025-05-25,Redmi Note 14 Case,2,200,Nakuru
107285,2025-09-19,Screen Protector,3,300,Nakuru
107286,2025-01-31,Samsung A35 Case,4,800,Nakuru
107287,2025-07-10,Earbuds,1,2500,Nakuru
107288,2025-04-01,Power Bank,4,-1200,Eldoret
107289,2025-10-01,Redmi Note 14 Case,5,800,Eldoret
107290,2025-05-20,Samsung A35 Case,1,200,Nairobi
107291,2025-08-02,Charger,2,2500,Nakuru
107292,2025-04-07,Redmi Note 14 Case,3,300,Nakuru
107293,2025-08-28,Redmi Note 14 Case,1,300,Nairobi
107294,2025-12-10,Samsung A16 Case,4,2500,Kisumu
107295,2025-03-28,Infinix Hot 40 Case,5,800,Kisumu
107296,2025-05-03,Redmi Note 14 Case,4,2500,Nairobi
107297,2025-08-04,Samsung A16 Case,4,1200,Mombasa
107298,2025-02-08,Power Bank,5,800,Eldoret
107299,2025-08-25,iPhone 13 Case,4,300,Eldoret
107300,2025-11-17,Samsung A16 Case,5,1200,Kisumu
107301,2025-03-08,iPhone 13 Case,3,200,Kisumu
107302,2025-03-28,iPhone 13 Case,5,500,Nakuru
107303,2025-06-28,Charger,4,2500,Nakuru
107304,2025-01-13,Infinix Hot 40 Case,4,1200,Nairobi
107305,2025-08-21,Charger,3,500,Eldoret
107306,2025-05-06,Tecno Spark 20 Case,3,300,Nakuru
107307,2025-02-18,iPhone 13 Case,4,300,Eldoret
107308,2025-07-24,Infinix Hot 40 Case,1,300,Nairobi
107309,2025-07-13,Screen Protector,1,800,Mombasa
107310,2025-07-30,Tecno Spark 20 Case,2,1200,Eldoret
107311,2025-07-20,Charger,5,800,Eldoret
107312,2025-03-24,Power Bank,1,300,Mombasa
107313,2025-06-28,Samsung A16 Case,2,800,Nakuru
107314,2025-07-25,Samsung A16 Case,1,800,Kisumu
107315,2025-01-04,Power Bank,4,800,Nakuru
107316,2025-04-24,iPhone 13 Case,5,300,Mombasa
107317,2025-08-12,Screen Protector,3,2500,Eldoret
107318,2025-07-17,Infinix Hot 40 Case,4,2500,Mombasa
107319,2025-10-10,Tecno Spark 20 Case,2,800,Nairobi
107320,2025-05-16,Redmi Note 14 Case,2,800,Nairobi
107321,2025-10-09,Redmi Note 14 Case,1,1200,Eldoret
107322,2025-08-09,Redmi Note 14 Case,4,200,Nakuru
107323,2025-12-25,Redmi Note 14 Case,4,200,Kisumu
107324,2025-05-03,Tecno Spark 20 Case,4,1200,Eldoret
107325,2025-09-27,Redmi Note 14 Case,1,1200,Kisumu
107326,2025-12-15,Samsung A16 Case,2,500,Eldoret
107327,2025-11-15,Tecno Spark 20 Case,1,1200,Eldoret
107328,2025-02-06,samsung a16 case,3,2500,Nairobi
107329,2025-10-07,Earbuds,5,1200,Mombasa
107330,2025-05-05,Earbuds,5,300,Nakuru
107331,2025-04-05,Screen Protector,4,200,Mombasa
107332,2025-12-28,Charger,2,300,Nairobi
107333,2025-06-13,Redmi Note 14 Case,2,800,Kisumu
107334,2025-11-10,Screen Protector,5,1200,Nairobi
107335,2025-02-18,Screen Protector,2,200,Mombasa
107336,2025-10-16,Redmi Note 14 Case,2,800,Nairobi
107337,2025-04-29,Screen Protector,4,1200,Nairobi
107338,2025-06-13,iPhone 13 Case,1,2500,Mombasa
107339,2025-06-05,Infinix Hot 40 Case,3,2500,Nakuru
107340,2025-06-22,Earbuds,5,800,Kisumu
107341,2025-11-17,Redmi Note 14 Case,5,1200,Mombasa
107342,2025-06-28,Charger,4,2500,Eldoret
107343,2025-03-04,Redmi Note 14 Case,5,1200,Nakuru
107344,2025-12-31,Samsung A16 Case,1,300,Nairobi
107345,2025-10-18,Screen Protector,1,500,Nakuru
107346,2025-06-22,Earbuds,3,800,Nakuru
107347,2025-01-04,Earbuds,2,300,Nairobi
107348,2025-03-08,Power Bank,1,200,Kisumu
107349,2025-03-06,Samsung A35 Case,2,200,Eldoret
107350,,Samsung A35 Case,4,200,Eldoret
107351,2025-04-15,Samsung A35 Case,2,500,Kisumu
107352,2025-01-28,iPhone 13 Case,3,1200,Mombasa
107353,2025-11-29,Redmi Note 14 Case,3,300,Nairobi
107354,2025-02-23,iPhone 13 Case,2,2500,Mombasa
107355,2025-08-18,Charger,4,1200,Mombasa
107356,2025-09-02,Infinix Hot 40 Case,5,800,Nakuru
107357,2025-11-05,iPhone 13 Case,3,200,Nakuru
107358,2025-05-01,,3,300,Nairobi
107359,2025-11-06,Tecno Spark 20 Case,2,800,Eldoret
107360,2025-04-24,iPhone 13 Case,4,800,Eldoret
107361,2025-08-06,Infinix Hot 40 Case,5,300,Nakuru
107362,2025-10-25,Earbuds,2,2500,Eldoret
107363,2025-09-10,Power Bank,5,800,Mombasa
107364,2025-12-23,Tecno Spark 20 Case,4,200,Kisumu
107365,2025-09-15,Tecno Spark 20 Case,two,500,Mombasa
107366,2025-08-02,iPhone 13 Case,2,800,Nakuru
107367,2025-06-03,Tecno Spark 20 Case,5,800,Mombasa
107368,2025-01-23,Samsung A16 Case,2,1200,Kisumu
107369,2025-11-24,Screen Protector,5,800,Nakuru
107370,2025-05-30,Power Bank,1,2500,Eldoret
107371,2025-10-20,Redmi Note 14 Case,1,1200,Eldoret
107372,2025-06-26,Infinix Hot 40 Case,5,1200,Mombasa
107373,2025-03-27,Redmi Note 14 Case,5,2500,Eldoret
107374,2025-09-16,iPhone 13 Case,1,1200,Eldoret
107375,2025-04-04,Infinix Hot 40 Case,4,300,Eldoret
107376,2025-08-12,Screen Protector,3,200,Nakuru
107377,2025-11-19,Earbuds,1,1200,Mombasa
107378,2025-11-23,Earbuds,3,800,Mombasa
107379,2025-06-26,Infinix Hot 40 Case,3,800,Nakuru
107380,2025-01-31,Redmi Note 14 Case,2,2500,Nairobi
107381,2025-04-11,Infinix Hot 40 Case,5,300,Kisumu
107382,2025-10-30,Samsung A16 Case,3,2500,Eldoret
107383,2025-07-21,Redmi Note 14 Case,4,2500,Eldoret
107384,2025-08-13,Earbuds,3,2500,Mombasa
107385,2025-03-30,Infinix Hot 40 Case,2,1200,Eldoret
107386,2025-09-03,Samsung A35 Case,1,200,Kisumu
107387,2025-03-02,,1,200,Eldoret
107388,2025-01-14,Redmi Note 14 Case,5,1200,Kisumu
107389,2025-08-18,Samsung A35 Case,2,300,Mombasa
107390,2025-04-14,iPhone 13 Case,1,500,Nairobi
107391,2025-06-27,Earbuds,3,500,Eldoret
107392,2025-04-22,Power Bank,5,2500,Eldoret
107393,2025-10-17,Samsung A35 Case,4,800,Nairobi
107394,2025-10-31,Redmi Note 14 Case,1,300,Nairobi
107395,2025-07-27,,4,300,Eldoret
107396,2025-03-11,Samsung A16 Case,2,800,Nairobi
107397,2025-08-19,Power Bank,2,500,Nairobi
107398,2025-12-27,Earbuds,5,800,Kisumu
107399,2025-05-22,Samsung A35 Case,5,200,Eldoret
107400,2025-12-25,Redmi Note 14 Case,3,500,Mombasa
107401,2025-07-06,Tecno Spark 20 Case,3,800,Nairobi
107402,2025-10-19,Infinix Hot 40 Case,2,2500,Kisumu
107403,2025-02-07,Charger,1,300,Nairobi
107404,2025-01-01,Earbuds,1,200,Nairobi
107405,2025-08-31,Redmi Note 14 Case,5,1200,Kisumu
107406,2025-11-12,Samsung A35 Case,two,500,Nairobi
107407,2025-02-19,Charger,4,800,Nakuru
107408,2025-08-29,,1,300,Nairobi
107409,2025-01-26,Redmi Note 14 Case,2,300,Kisumu
107410,2025-03-02,Samsung A35 Case,1,200,Mombasa
107411,2025-05-10,Charger,3,300,Nakuru
107412,2025-07-17,Samsung A35 Case,4,2500,Nakuru
107413,2025-07-26,Screen Protector,3,800,Eldoret
107414,2025-02-17,Power Bank,2,500,Kisumu
107415,2025-06-21,Samsung A35 Case,5,500,Nairobi
107416,2025-11-11,Samsung A35 Case,1,500,Nakuru
107417,2025-01-21,iPhone 13 Case,2,800,Eldoret
107418,2025-01-10,Power Bank,3,2500,Nairobi
107419,2025-05-13,Screen Protector,1,1200,Nairobi
107420,2025-03-21,Samsung A35 Case,5,1200,Mombasa
107421,2025-10-12,Charger,2,1200,Mombasa
107422,2025-02-22,Power Bank,2,800,Mombasa
107423,2025-02-11,iPhone 13 Case,3,300,Nairobi
107424,2025-08-08,iPhone 13 Case,3,500,Nairobi
107425,2025-12-31,Infinix Hot 40 Case,3,500,Nakuru
107426,2025-03-03,Samsung A16 Case,4,500,Kisumu
107427,2025-05-24,Samsung A16 Case,two,1200,Mombasa
107428,2025-10-13,iPhone 13 Case,1,200,Mombasa
107429,2025-01-29,Charger,5,2500,Mombasa
107430,2025-12-26,Power Bank,2,500,Mombasa
107431,2025-02-20,Charger,3,800,Nakuru
107432,2025-08-22,Tecno Spark 20 Case,3,800,Nairobi
107433,2025-08-28,Earbuds,4,200,Mombasa
107434,2025-07-31,,5,2500,Mombasa
107435,2025-12-31,Infinix Hot 40 Case,5,200,Nairobi
107436,2025-03-28,iPhone 13 Case,1,800,Nairobi
107437,2025-02-26,Earbuds,1,2500,Kisumu
107438,2025-08-15,,4,800,Nakuru
107439,2025-08-20,Power Bank,4,200,Mombasa
107440,2025-02-23,Tecno Spark 20 Case,1,1200,Kisumu
107441,2025-03-31,Samsung A16 Case,2,-300,Eldoret
107442,2025-05-31,Tecno Spark 20 Case,3,200,Kisumu
107443,2025-09-26,Charger,5,300,Mombasa
107444,2025-12-13,Power Bank,3,300,Nairobi
107445,2025-06-08,Infinix Hot 40 Case,2,200,Mombasa
107446,2025-01-14,Charger,3,1200,Nairobi
107447,2025-04-06,Samsung A16 Case,3,300,Nairobi
107448,2025-12-18,Screen Protector,2,2500,Nairobi
107449,2025-09-22,Earbuds,1,500,Kisumu
107450,2025-08-02,Earbuds,2,200,Nakuru
107451,2025-05-27,Earbuds,2,1200,Mombasa
107452,2025-03-23,Samsung A16 Case,4,800,Nairobi
107453,2025-02-12,Samsung A35 Case,3,500,Mombasa
107454,2025-09-18,iPhone 13 Case,5,300,Kisumu
107455,2025-02-25,Samsung A35 Case,1,2500,Nairobi
107456,,Earbuds,4,800,Mombasa
107457,2025-05-23,Samsung A35 Case,2,300,Nairobi
107458,2025-05-19,Charger,1,500,Kisumu
107459,2025-07-13,Power Bank,5,500,Nakuru
107460,2025-09-03,Tecno Spark 20 Case,2,300,Nairobi
107461,2025-09-10,Infinix Hot 40 Case,5,1200,Nakuru
107462,2025-03-13,Power Bank,1,2500,Kisumu
107463,2025-07-05,Screen Protector,5,200,Nakuru
107464,2025-08-08,Samsung A16 Case,4,800,Kisumu
107465,2025-01-17,Screen Protector,1,800,Nakuru
107466,2025-03-27,Redmi Note 14 Case,3,800,Eldoret
107467,2025-05-02,Redmi Note 14 Case,4,2500,Nairobi
107468,,iPhone 13 Case,4,200,Nakuru
107469,2025-02-21,Earbuds,5,1200,Kisumu
107470,2025-09-16,Charger,2,300,Eldoret
107471,2025-10-30,Redmi Note 14 Case,1,300,Mombasa
107472,2025-02-12,Redmi Note 14 Case,5,200,Nairobi
107473,2025-09-27,Charger,5,500,Nakuru
107474,2025-08-21,Tecno Spark 20 Case,4,-300,Mombasa
107475,2025-04-25,Samsung A35 Case,1,1200,Kisumu
107476,2025-01-01,Charger,4,500,Nairobi
107477,2025-03-06,Screen Protector,3,500,Nakuru
107478,2025-05-05,Power Bank,2,2500,Nakuru
107479,2025-04-26,Samsung A35 Case,1,300,Eldoret
107480,2025-10-23,Tecno Spark 20 Case,5,300,Nakuru
107481,2025-02-04,Power Bank,4,2500,Eldoret
107482,2025-02-10,Earbuds,5,800,Kisumu
107483,2025-02-26,iPhone 13 Case,3,800,Mombasa
107484,2025-11-15,Charger,4,800,Nakuru
107485,2025-02-07,Charger,1,1200,Eldoret
107486,2025-08-01,Tecno Spark 20 Case,1,200,Nairobi
107487,2025-08-05,Power Bank,5,200,Nairobi
107488,2025-08-14,Samsung A16 Case,2,500,Nairobi
107489,2025-01-26,Redmi Note 14 Case,4,500,Kisumu
107490,,Redmi Note 14 Case,4,300,Eldoret
107491,2025-05-30,Screen Protector,4,200,Eldoret
107492,2025-02-07,Samsung A16 Case,4,2500,Nairobi
107493,2025-07-20,iPhone 13 Case,4,800,Eldoret
107494,2025-10-14,Samsung A16 Case,2,800,Eldoret
107495,2025-06-03,Infinix Hot 40 Case,4,1200,Nairobi
107496,2025-03-15,iPhone 13 Case,2,200,Eldoret
107497,2025-12-19,Screen Protector,5,1200,Mombasa
107498,2025-12-26,Infinix Hot 40 Case,4,200,Kisumu
107499,2025-02-20,Earbuds,5,1200,Nakuru
107500,2025-07-10,Samsung A16 Case,2,800,Nakuru
107501,2025-07-06,Screen Protector,5,300,Kisumu
107502,2025-07-28,Samsung A16 Case,5,300,Kisumu
107503,2025-07-15,Screen Protector,1,1200,Nakuru
107504,2025-02-09,Samsung A16 Case,3,200,Eldoret
107505,2025-07-30,Infinix Hot 40 Case,3,200,Mombasa
107506,2025-01-23,Charger,4,200,Nakuru
107507,2025-04-22,Samsung A16 Case,2,2500,Eldoret
107508,2025-02-04,Charger,5,500,Mombasa
107509,2025-04-14,Earbuds,5,300,Eldoret
107510,2025-05-02,Tecno Spark 20 Case,2,200,Kisumu
107511,,Tecno Spark 20 Case,2,300,Nairobi
107512,2025-07-22,Screen Protector,3,2500,Kisumu
107513,2025-12-31,Tecno Spark 20 Case,4,500,Eldoret
107514,2025-03-10,iPhone 13 Case,2,1200,Nakuru
107515,2025-02-18,Screen Protector,2,300,Nairobi
107516,2025-11-27,Infinix Hot 40 Case,4,500,Eldoret
107517,2025-07-20,iPhone 13 Case,2,300,Kisumu
107518,2025-04-21,iPhone 13 Case,5,800,Nakuru
107519,2025-08-25,Power Bank,1,800,Mombasa
107520,2025-04-16,Earbuds,1,500,Nairobi
107521,2025-04-17,Earbuds,1,300,Eldoret
107522,2025-06-28,Earbuds,2,1200,Nairobi
107523,2025-10-03,Samsung A16 Case,1,800,Mombasa
107524,2025-02-04,Samsung A16 Case,2,300,Mombasa
107525,2025-04-11,iPhone 13 Case,1,800,Mombasa
107526,2025-03-05,Power Bank,3,200,Mombasa
107527,2025-03-03,Earbuds,5,1200,Nairobi
107528,2025-01-26,iPhone 13 Case,3,200,Mombasa
107529,2025-02-19,Earbuds,3,800,Nakuru
107530,2025-02-05,Screen Protector,2,200,Mombasa
107531,2025-04-10,Power Bank,4,200,Nakuru
107532,2025-05-16,Power Bank,2,1200,Nakuru
107533,2025-10-06,Tecno Spark 20 Case,3,800,Nakuru
107534,2025-04-20,Samsung A35 Case,5,2500,Nairobi
107535,2025-09-22,Samsung A35 Case,2,500,Nakuru
107536,2025-05-09,Redmi Note 14 Case,4,800,Kisumu
107537,2025-03-09,Tecno Spark 20 Case,2,-1200,Kisumu
107538,2025-05-08,Redmi Note 14 Case,3,200,Kisumu
107539,2025-07-26,Power Bank,4,2500,Nairobi
107540,2025-07-29,Screen Protector,1,300,Nakuru
107541,2025-02-21,Charger,4,1200,Kisumu
107542,2025-03-06,Samsung A16 Case,2,200,Nairobi
107543,2025-10-05,Earbuds,5,500,Nakuru
107544,2025-11-28,Charger,4,2500,Kisumu
107545,2025-11-23,iPhone 13 Case,2,300,Nakuru
107546,2025-09-12,Earbuds,4,200,Nakuru
107547,2025-01-30,Samsung A16 Case,4,200,Mombasa
107548,2025-12-04,Power Bank,3,300,Eldoret
107549,2025-09-02,iPhone 13 Case,1,500,Kisumu
107550,2025-08-14,Tecno Spark 20 Case,3,800,Mombasa
107551,2025-06-10,Redmi Note 14 Case,5,800,Kisumu
107552,2025-11-24,Redmi Note 14 Case,3,300,Nakuru
107553,2025-08-13,iPhone 13 Case,5,300,Nakuru
107554,2025-10-20,Tecno Spark 20 Case,1,500,Mombasa
107555,2025-02-10,Samsung A16 Case,5,300,Kisumu
107556,2025-07-29,Redmi Note 14 Case,2,200,Nakuru
107557,2025-06-21,Redmi Note 14 Case,5,500,Kisumu
107558,2025-07-03,Samsung A35 Case,2,800,Mombasa
107559,2025-11-18,Samsung A35 Case,4,800,Kisumu
107560,,Power Bank,3,200,Nakuru
107561,2025-07-21,Redmi Note 14 Case,3,2500,Mombasa
107562,2025-01-15,Charger,2,2500,Kisumu
107563,2025-06-30,Samsung A35 Case,1,1200,Nakuru
107564,2025-01-21,Infinix Hot 40 Case,4,2500,Eldoret
107565,2025-07-03,Tecno Spark 20 Case,4,2500,Kisumu
107566,2025-05-29,Power Bank,4,300,Kisumu
107567,2025-11-16,Tecno Spark 20 Case,4,2500,Kisumu
107568,2025-09-01,Redmi Note 14 Case,4,500,Kisumu
107569,2025-10-30,iPhone 13 Case,3,1200,Nairobi
107570,2025-01-18,Power Bank,1,2500,Nakuru
107571,2025-10-08,Screen Protector,5,300,Nakuru
107572,2025-09-24,Samsung A35 Case,5,200,Nairobi
107573,2025-12-23,Redmi Note 14 Case,1,500,Kisumu
107574,2025-02-05,Screen Protector,1,2500,Kisumu
107575,2025-12-11,iPhone 13 Case,1,800,Nakuru
107576,2025-07-29,Samsung A16 Case,4,200,Eldoret
107577,2025-10-29,Redmi Note 14 Case,3,200,Mombasa
107578,2025-08-07,Samsung A35 Case,5,500,Eldoret
107579,2025-09-14,Earbuds,4,200,Kisumu
107580,2025-01-09,Infinix Hot 40 Case,5,300,Mombasa
107581,2025-09-22,Samsung A35 Case,5,800,Eldoret
107582,2025-07-24,Samsung A35 Case,5,500,Mombasa
107583,2025-06-19,Infinix Hot 40 Case,4,2500,Eldoret
107584,2025-09-12,Redmi Note 14 Case,5,800,Nairobi
107585,2025-06-16,Earbuds,4,300,Nairobi
107586,2025-07-21,Tecno Spark 20 Case,2,200,Kisumu
107587,2025-04-30,Power Bank,4,1200,Nairobi
107588,2025-07-07,Earbuds,4,2500,Kisumu
107589,2025-02-21,Samsung A16 Case,4,500,Mombasa
107590,2025-03-16,iPhone 13 Case,1,300,Mombasa
107591,2025-02-24,Earbuds,4,1200,Nakuru
107592,2025-10-26,iPhone 13 Case,2,200,Nakuru
107593,2025-12-20,Screen Protector,4,300,Nairobi
107594,2025-04-26,Redmi Note 14 Case,3,500,Kisumu
107595,2025-03-01,Redmi Note 14 Case,5,500,Kisumu
107596,2025-12-26,Samsung A35 Case,5,800,Nakuru
107597,2025-09-11,Samsung A16 Case,two,2500,Kisumu
107598,2025-08-19,Screen Protector,3,1200,Kisumu
107599,2025-07-19,Screen Protector,4,500,Mombasa
107600,2025-10-31,Power Bank,4,2500,Nairobi
107601,2025-03-23,Screen Protector,2,500,Nakuru
107602,2025-03-09,,3,200,Mombasa
107603,2025-07-06,iPhone 13 Case,2,2500,Nakuru
107604,2025-08-06,Screen Protector,4,500,Eldoret
107605,2025-02-07,Screen Protector,3,800,Kisumu
107606,2025-12-15,Infinix Hot 40 Case,4,300,Kisumu
107607,2025-01-26,Samsung A16 Case,3,300,Nakuru
107608,2025-01-14,Redmi Note 14 Case,4,500,Mombasa
107609,2025-01-12,iPhone 13 Case,4,500,Eldoret
107610,2025-10-06,Redmi Note 14 Case,5,300,Eldoret
107611,2025-04-05,iPhone 13 Case,1,200,Eldoret
107612,2025-01-29,,4,500,Nakuru
107613,2025-12-07,iPhone 13 Case,1,2500,Nakuru
107614,2025-09-07,iPhone 13 Case,2,500,Nairobi
107615,2025-04-12,iPhone 13 Case,4,1200,Kisumu
107616,2025-06-23,Redmi Note 14 Case,5,1200,Kisumu
107617,2025-01-04,Samsung A35 Case,4,800,Mombasa
107618,2025-04-24,Samsung A16 Case,1,800,Kisumu
107619,2025-06-16,Charger,4,200,Eldoret
107620,2025-04-28,Earbuds,4,300,Eldoret
107621,2025-06-24,iPhone 13 Case,3,2500,Mombasa
107622,2025-07-17,Tecno Spark 20 Case,1,300,Eldoret
107623,2025-01-13,Redmi Note 14 Case,5,1200,Nairobi
107624,2025-02-12,Charger,4,800,Kisumu
107625,2025-09-25,Charger,3,1200,Mombasa
107626,2025-02-13,Infinix Hot 40 Case,3,500,Nairobi
107627,2025-11-10,Charger,4,1200,Nairobi
107628,2025-06-18,Redmi Note 14 Case,3,2500,Nakuru
107629,2025-09-23,Redmi Note 14 Case,1,500,Mombasa
107630,2025-06-07,iPhone 13 Case,4,300,Eldoret
107631,2025-03-24,Samsung A35 Case,4,2500,Nakuru
107632,2025-09-10,Charger,2,200,Nakuru
107633,2025-09-05,Screen Protector,4,2500,Mombasa
107634,2025-01-20,Infinix Hot 40 Case,5,300,Nairobi
107635,2025-12-11,Tecno Spark 20 Case,5,300,Mombasa
107636,2025-10-24,Samsung A35 Case,1,500,Mombasa
107637,2025-05-13,Tecno Spark 20 Case,3,300,Nairobi
107638,2025-07-03,Power Bank,1,500,Mombasa
107639,2025-09-11,Redmi Note 14 Case,4,2500,Eldoret
107640,2025-12-20,Samsung A35 Case,3,1200,Mombasa
107641,2025-04-06,Infinix Hot 40 Case,2,500,Kisumu
107642,2025-05-23,Tecno Spark 20 Case,1,2500,Mombasa
107643,,Samsung A16 Case,3,2500,Mombasa
107644,2025-01-03,,2,1200,Eldoret
107645,2025-10-21,,1,2500,Eldoret
107646,2025-06-19,Infinix Hot 40 Case,1,200,Mombasa
107647,2025-08-14,Redmi Note 14 Case,3,2500,Mombasa
107648,2025-10-24,Samsung A16 Case,1,2500,Nakuru
107649,2025-05-03,Earbuds,2,1200,Eldoret
107650,2025-08-29,Samsung A16 Case,1,300,Nairobi
107651,2025-07-25,Earbuds,4,500,Mombasa
107652,,iPhone 13 Case,1,1200,Kisumu
107653,,Samsung A16 Case,4,1200,Kisumu
107654,2025-02-05,Samsung A16 Case,5,500,Kisumu
107655,2025-06-18,Tecno Spark 20 Case,4,500,Mombasa
107656,2025-07-03,Samsung A35 Case,3,1200,Nakuru
107657,2025-05-02,Charger,1,2500,Nairobi
107658,2025-05-30,Tecno Spark 20 Case,3,500,Mombasa
107659,2025-03-21,Redmi Note 14 Case,2,500,Nairobi
107660,2025-06-02,Infinix Hot 40 Case,1,1200,Nairobi
107661,2025-12-14,Infinix Hot 40 Case,3,300,Kisumu
107662,2025-10-07,iPhone 13 Case,1,200,Mombasa
107663,2025-10-27,Screen Protector,4,500,Mombasa
107664,2025-03-11,iPhone 13 Case,2,800,Nairobi
107665,2025-03-21,Redmi Note 14 Case,5,800,Mombasa
107666,2025-08-21,Redmi Note 14 Case,2,500,Mombasa
107667,2025-06-29,Samsung A35 Case,1,1200,Kisumu
107668,2025-02-14,Redmi Note 14 Case,3,500,Nakuru
107669,2025-11-28,Charger,3,2500,Kisumu
107670,2025-07-01,Samsung A16 Case,1,200,Nairobi
107671,2025-03-22,Power Bank,4,800,Nairobi
107672,2025-02-26,Redmi Note 14 Case,2,200,Kisumu
107673,2025-01-30,Infinix Hot 40 Case,2,500,Nairobi
107674,2025-11-13,Tecno Spark 20 Case,4,800,Nakuru
107675,2025-02-23,Infinix Hot 40 Case,1,200,Mombasa
107676,2025-01-04,Samsung A16 Case,3,200,Kisumu
107677,2025-11-16,Screen Protector,4,1200,Mombasa
107678,2025-05-30,Power Bank,2,200,Mombasa
107679,,Infinix Hot 40 Case,3,200,Eldoret
107680,2025-02-13,Redmi Note 14 Case,4,800,Mombasa
107681,2025-05-24,iPhone 13 Case,5,1200,Eldoret
107682,2025-09-29,Power Bank,1,1200,Kisumu
107683,2025-12-17,Samsung A35 Case,5,500,Nakuru
107684,2025-10-04,Charger,2,300,Nairobi
107685,2025-07-18,Earbuds,2,200,Kisumu
107686,2025-02-12,Charger,1,800,Nairobi
107687,2025-08-15,Samsung A16 Case,3,500,Eldoret
107688,2025-09-07,Charger,2,300,Nairobi
107689,2025-11-03,iPhone 13 Case,3,300,Mombasa
107690,2025-11-11,Redmi Note 14 Case,2,300,Kisumu
107691,2025-05-31,iPhone 13 Case,4,500,Nakuru
107692,2025-01-17,Tecno Spark 20 Case,2,2500,Kisumu
107693,2025-03-22,Samsung A16 Case,4,500,Eldoret
107694,2025-09-29,Power Bank,2,300,Nakuru
107695,2025-05-24,Tecno Spark 20 Case,2,2500,Eldoret
107696,2025-11-20,Infinix Hot 40 Case,3,800,Nairobi
107697,2025-03-12,Charger,2,800,Nakuru
107698,2025-05-05,Screen Protector,5,500,Kisumu
107699,2025-04-17,iPhone 13 Case,4,500,Nairobi
107700,2025-07-11,Infinix Hot 40 Case,1,300,Nairobi
107701,2025-08-30,,4,300,Nairobi
107702,2025-10-11,Infinix Hot 40 Case,3,500,Nairobi
107703,2025-06-01,iPhone 13 Case,2,2500,Kisumu
107704,2025-03-05,Screen Protector,1,1200,Nairobi
107705,2025-09-27,Redmi Note 14 Case,1,800,Eldoret
107706,2025-04-10,,1,500,Eldoret
107707,2025-11-17,Samsung A16 Case,3,200,Nairobi
107708,2025-04-16,Screen Protector,4,300,Mombasa
107709,2025-08-14,Power Bank,5,500,Mombasa
107710,2025-02-03,Samsung A16 Case,4,2500,Mombasa
107711,2025-12-21,Tecno Spark 20 Case,1,300,Nakuru
107712,2025-01-19,Power Bank,4,2500,Nairobi
107713,2025-04-25,Charger,1,500,Mombasa
107714,2025-05-30,Power Bank,4,300,Kisumu
107715,2025-05-31,iPhone 13 Case,2,1200,Mombasa
107716,2025-07-07,iPhone 13 Case,5,-1200,Mombasa
107717,2025-06-15,Earbuds,1,800,Nairobi
107718,2025-04-08,Charger,4,2500,Eldoret
107719,2025-09-09,Earbuds,4,1200,Kisumu
107720,2025-06-21,Earbuds,5,1200,Mombasa
107721,2025-01-27,redmi note 14 case,1,1200,Mombasa
107722,2025-02-21,Infinix Hot 40 Case,5,1200,Eldoret
107723,2025-09-26,Charger,2,300,Mombasa
107724,2025-11-02,Screen Protector,2,500,Nairobi
107725,2025-02-16,Power Bank,1,500,Nairobi
107726,2025-08-28,Power Bank,2,800,Mombasa
107727,2025-01-13,Infinix Hot 40 Case,1,500,Kisumu
107728,2025-06-22,Samsung A16 Case,3,500,Eldoret
107729,2025-02-12,Tecno Spark 20 Case,2,1200,Mombasa
107730,2025-10-06,Samsung A35 Case,5,300,Eldoret
107731,2025-05-24,iPhone 13 Case,5,500,Eldoret
107732,,Infinix Hot 40 Case,5,200,Nairobi
107733,2025-03-27,Samsung A35 Case,1,300,Nakuru
107734,2025-03-18,iPhone 13 Case,2,300,Kisumu
107735,2025-09-14,iPhone 13 Case,5,300,Nairobi
107736,2025-01-19,Tecno Spark 20 Case,2,500,Kisumu
107737,2025-07-15,Earbuds,3,500,Kisumu
107738,2025-10-11,Redmi Note 14 Case,2,500,Nakuru
107739,2025-05-06,Screen Protector,3,300,Eldoret
107740,2025-06-29,redmi note 14 case,4,200,Mombasa
107741,2025-04-17,Infinix Hot 40 Case,two,200,Eldoret
107742,2025-11-23,Power Bank,two,500,Nairobi
107743,2025-05-26,Screen Protector,4,2500,Nakuru
107744,2025-10-29,Infinix Hot 40 Case,5,200,Kisumu
107745,2025-06-12,Redmi Note 14 Case,1,800,Nairobi
107746,2025-03-17,Earbuds,4,800,Mombasa
107747,2025-02-17,Infinix Hot 40 Case,5,300,Kisumu
107748,2025-11-10,Earbuds,5,300,Mombasa
107749,2025-09-13,Screen Protector,4,300,Nairobi
107750,2025-04-28,Infinix Hot 40 Case,2,200,Nairobi
107751,2025-03-16,iPhone 13 Case,1,200,Nakuru
107752,2025-12-22,Power Bank,two,2500,Nairobi
107753,,Samsung A16 Case,1,1200,Mombasa
107754,2025-06-05,iPhone 13 Case,1,500,Nakuru
107755,2025-05-16,Samsung A35 Case,2,2500,Nairobi
107756,2025-07-06,Infinix Hot 40 Case,4,1200,Nakuru
107757,2025-02-27,Screen Protector,5,1200,Eldoret
107758,2025-05-17,Samsung A35 Case,1,200,Mombasa
107759,2025-12-05,Tecno Spark 20 Case,1,2500,Nakuru
107760,2025-04-22,Redmi Note 14 Case,4,500,Kisumu
107761,2025-11-01,Samsung A16 Case,5,800,Nairobi
107762,2025-09-09,Charger,2,800,Kisumu
107763,2025-10-31,Charger,4,300,Kisumu
107764,2025-02-21,Samsung A16 Case,4,300,Mombasa
107765,2025-07-26,Earbuds,4,2500,Eldoret
107766,2025-12-29,Samsung A16 Case,4,200,Nakuru
107767,2025-07-20,iphone 13 case,3,800,Nakuru
107768,2025-12-23,Redmi Note 14 Case,4,200,Mombasa
107769,,Infinix Hot 40 Case,3,300,Kisumu
107770,2025-04-27,Samsung A16 Case,4,-1200,Mombasa
107771,2025-01-28,Samsung A35 Case,5,2500,Kisumu
107772,2025-07-28,,1,500,Eldoret
107773,2025-08-29,Samsung A35 Case,2,200,Mombasa
107774,2025-12-11,Screen Protector,2,200,Nakuru
107775,2025-01-14,Power Bank,1,-500,Eldoret
107776,2025-05-25,tecno spark 20 case,3,300,Mombasa
107777,2025-11-22,Earbuds,1,-2500,Eldoret
107778,2025-03-05,iPhone 13 Case,two,300,Kisumu
107779,2025-08-04,Redmi Note 14 Case,1,500,Nairobi
107780,2025-02-27,Samsung A35 Case,3,1200,Mombasa
107781,2025-01-19,Redmi Note 14 Case,4,500,Nakuru
107782,,Tecno Spark 20 Case,two,200,Kisumu
107783,2025-02-27,Infinix Hot 40 Case,1,800,Nakuru
107784,2025-04-13,Samsung A16 Case,3,800,Nakuru
107785,2025-02-18,Screen Protector,3,1200,Mombasa
107786,2025-11-12,Tecno Spark 20 Case,2,2500,Nairobi
107787,2025-10-09,Tecno Spark 20 Case,4,300,Eldoret
107788,2025-02-16,Charger,4,300,Eldoret
107789,2025-01-31,Samsung A35 Case,1,800,Kisumu
107790,2025-05-28,Samsung A35 Case,3,300,Eldoret
107791,2025-11-01,Tecno Spark 20 Case,5,800,Nakuru
107792,2025-03-18,Tecno Spark 20 Case,5,1200,Mombasa
107793,2025-07-19,Tecno Spark 20 Case,two,1200,Kisumu
107794,2025-10-01,iPhone 13 Case,2,200,Mombasa
107795,2025-06-26,Screen Protector,5,1200,Nairobi
107796,2025-08-15,Screen Protector,5,1200,Eldoret
107797,2025-07-18,Earbuds,5,800,Kisumu
107798,2025-06-01,Earbuds,3,-500,Kisumu
107799,2025-04-06,Tecno Spark 20 Case,2,500,Eldoret
107800,2025-03-23,iPhone 13 Case,5,500,Eldoret
107801,2025-09-03,Tecno Spark 20 Case,3,500,Eldoret
107802,2025-06-19,iPhone 13 Case,2,200,Nairobi
107803,2025-05-18,Infinix Hot 40 Case,2,800,Nakuru
107804,2025-05-16,Redmi Note 14 Case,3,300,Nakuru
107805,2025-01-03,Charger,3,800,Eldoret
107806,2025-05-11,Charger,2,500,Kisumu
107807,2025-07-20,Charger,4,2500,Eldoret
107808,2025-04-08,Earbuds,4,200,Nakuru
107809,2025-05-10,Redmi Note 14 Case,5,300,Mombasa
107810,2025-01-27,Screen Protector,5,2500,Nairobi
107811,2025-03-09,Earbuds,2,800,Nairobi
107812,2025-09-04,Samsung A16 Case,1,1200,Eldoret
107813,2025-03-26,Infinix Hot 40 Case,2,800,Eldoret
107814,2025-03-26,iPhone 13 Case,2,800,Kisumu
107815,2025-09-28,Samsung A16 Case,1,300,Nairobi
107816,2025-08-24,Redmi Note 14 Case,3,2500,Nairobi
107817,2025-07-25,Samsung A16 Case,3,1200,Kisumu
107818,2025-01-30,Samsung A35 Case,4,500,Eldoret
107819,2025-03-15,Infinix Hot 40 Case,2,800,Kisumu
107820,2025-03-01,Charger,4,2500,Nakuru
107821,2025-02-01,Earbuds,3,500,Nairobi
107822,2025-01-03,Samsung A35 Case,2,1200,Eldoret
107823,2025-02-28,Tecno Spark 20 Case,4,500,Eldoret
107824,2025-07-20,Redmi Note 14 Case,two,2500,Nairobi
107825,2025-11-03,Samsung A16 Case,3,2500,Nakuru
107826,2025-03-21,Samsung A35 Case,2,800,Mombasa
107827,2025-12-02,Power Bank,4,300,Nakuru
107828,2025-02-03,Charger,1,2500,Kisumu
107829,2025-02-22,Infinix Hot 40 Case,4,300,Mombasa
107830,2025-12-24,Samsung A35 Case,5,300,Nakuru
107831,2025-08-29,Power Bank,5,200,Mombasa
107832,2025-10-18,Power Bank,4,300,Nairobi
107833,2025-10-04,Samsung A16 Case,1,800,Nairobi
107834,2025-12-18,Redmi Note 14 Case,4,300,Mombasa
107835,2025-05-31,Power Bank,4,300,Eldoret
107836,2025-05-23,Infinix Hot 40 Case,3,300,Nairobi
107837,,Infinix Hot 40 Case,1,2500,Nairobi
107838,2025-02-24,Samsung A35 Case,4,800,Eldoret
107839,2025-01-31,Tecno Spark 20 Case,2,1200,Nairobi
107840,2025-10-17,Tecno Spark 20 Case,1,300,Nairobi
107841,2025-11-04,Infinix Hot 40 Case,3,200,Nakuru
107842,2025-11-30,redmi note 14 case,3,200,Kisumu
107843,2025-06-10,Tecno Spark 20 Case,4,2500,Nakuru
107844,2025-03-15,Power Bank,4,800,Nairobi
107845,2025-04-29,Tecno Spark 20 Case,4,500,Mombasa
107846,2025-09-30,Power Bank,5,300,Mombasa
107847,2025-12-18,Redmi Note 14 Case,4,2500,Nakuru
107848,2025-07-01,Charger,1,300,Nairobi
107849,2025-06-30,Samsung A16 Case,two,1200,Nairobi
107850,2025-07-16,iPhone 13 Case,2,300,Nairobi
107851,2025-05-15,Infinix Hot 40 Case,4,2500,Kisumu
107852,2025-06-02,Samsung A35 Case,4,500,Kisumu
107853,2025-03-18,Earbuds,1,2500,Nakuru
107854,2025-11-06,Charger,2,500,Nakuru
107855,2025-11-24,iPhone 13 Case,3,1200,Nairobi
107856,2025-05-02,Infinix Hot 40 Case,1,300,Mombasa
107857,2025-03-10,Redmi Note 14 Case,3,1200,Eldoret
107858,2025-09-03,Infinix Hot 40 Case,4,500,Nakuru
107859,2025-04-19,Earbuds,two,200,Eldoret
107860,2025-07-01,Screen Protector,1,800,Eldoret
107861,2025-10-24,Samsung A35 Case,4,200,Mombasa
107862,2025-12-18,Tecno Spark 20 Case,1,300,Kisumu
107863,2025-11-13,iPhone 13 Case,1,1200,Eldoret
107864,2025-03-30,samsung a35 case,2,2500,Eldoret
107865,2025-03-02,Screen Protector,4,200,Mombasa
107866,2025-07-09,iPhone 13 Case,1,800,Eldoret
107867,2025-02-17,Earbuds,2,500,Mombasa
107868,2025-07-04,iPhone 13 Case,4,500,Kisumu
107869,2025-10-08,Samsung A16 Case,5,2500,Mombasa
107870,2025-11-06,Redmi Note 14 Case,4,1200,Nakuru
107871,2025-02-03,Screen Protector,3,800,Kisumu
107872,2025-05-15,Samsung A16 Case,1,2500,Mombasa
107873,2025-11-09,Redmi Note 14 Case,3,1200,Eldoret
107874,2025-04-03,Screen Protector,two,800,Eldoret
107875,2025-05-13,Charger,4,1200,Nakuru
107876,2025-10-20,Infinix Hot 40 Case,4,200,Nakuru
107877,,iPhone 13 Case,1,300,Kisumu
107878,2025-03-02,Redmi Note 14 Case,2,1200,Nairobi
107879,2025-10-31,Samsung A16 Case,4,1200,Kisumu
107880,2025-11-20,Redmi Note 14 Case,1,800,Nairobi
107881,2025-03-18,Screen Protector,1,500,Mombasa
107882,2025-02-06,,3,800,Nairobi
107883,2025-12-05,Power Bank,1,300,Mombasa
107884,2025-03-28,iPhone 13 Case,2,200,Nakuru
107885,2025-10-12,Power Bank,3,300,Nairobi
107886,2025-10-12,Samsung A35 Case,2,800,Eldoret
107887,2025-05-25,Samsung A35 Case,1,1200,Eldoret
107888,2025-04-02,Screen Protector,3,800,Mombasa
107889,2025-03-01,Samsung A16 Case,3,500,Kisumu
107890,2025-07-31,iPhone 13 Case,2,2500,Mombasa
107891,2025-08-06,,4,300,Nakuru
107892,2025-11-03,Samsung A35 Case,3,300,Eldoret
107893,2025-09-13,Tecno Spark 20 Case,3,200,Nakuru
107894,2025-05-27,iPhone 13 Case,4,1200,Nakuru
107895,2025-04-16,Power Bank,2,500,Nairobi
107896,2025-11-19,Samsung A35 Case,5,1200,Eldoret
107897,2025-05-14,Power Bank,4,200,Eldoret
107898,2025-10-07,Samsung A16 Case,2,500,Eldoret
107899,2025-09-09,Samsung A35 Case,3,500,Nairobi
107900,2025-10-19,iPhone 13 Case,4,1200,Nairobi
107901,2025-12-10,iPhone 13 Case,1,1200,Mombasa
107902,2025-03-25,Infinix Hot 40 Case,1,300,Nairobi
107903,2025-07-08,Earbuds,5,1200,Eldoret
107904,2025-09-03,Power Bank,3,2500,Nakuru
107905,2025-10-21,Tecno Spark 20 Case,4,2500,Mombasa
107906,2025-10-15,Redmi Note 14 Case,4,500,Kisumu
107907,,Samsung A35 Case,3,200,Nairobi
107908,2025-08-01,iPhone 13 Case,3,800,Nakuru
107909,2025-05-27,Tecno Spark 20 Case,2,500,Nakuru
107910,2025-03-13,Infinix Hot 40 Case,5,2500,Nairobi
107911,2025-10-10,Redmi Note 14 Case,4,2500,Kisumu
107912,2025-07-18,Infinix Hot 40 Case,1,300,Mombasa
107913,2025-08-17,Earbuds,4,300,Kisumu
107914,2025-05-27,Samsung A16 Case,2,2500,Eldoret
107915,2025-06-02,,2,300,Mombasa
107916,2025-12-24,Tecno Spark 20 Case,3,500,Mombasa
107917,2025-04-11,Earbuds,3,300,Kisumu
107918,2025-12-19,Earbuds,3,2500,Mombasa
107919,2025-01-06,iPhone 13 Case,5,1200,Kisumu
107920,2025-09-15,Samsung A16 Case,3,500,Eldoret
107921,2025-05-27,Samsung A35 Case,2,200,Kisumu
107922,2025-05-08,Power Bank,2,500,Kisumu
107923,2025-06-03,Screen Protector,4,2500,Nairobi
107924,2025-05-14,Charger,4,500,Kisumu
107925,2025-05-16,Power Bank,1,2500,Nakuru
107926,2025-06-26,Infinix Hot 40 Case,3,500,Kisumu
107927,2025-05-29,Charger,1,500,Mombasa
107928,2025-10-19,Tecno Spark 20 Case,5,300,Nairobi
107929,2025-03-04,iPhone 13 Case,5,2500,Nakuru
107930,2025-03-19,Redmi Note 14 Case,2,800,Mombasa
107931,2025-09-15,iPhone 13 Case,1,300,Kisumu
107932,2025-05-26,Samsung A35 Case,1,1200,Nairobi
107933,2025-03-27,Power Bank,1,2500,Eldoret
107934,2025-06-14,Earbuds,5,200,Mombasa
107935,2025-05-12,Samsung A16 Case,2,200,Mombasa
107936,2025-05-21,power bank,1,800,Kisumu
107937,2025-01-07,Charger,3,500,Nairobi
107938,,Charger,2,800,Eldoret
107939,2025-11-14,Earbuds,2,500,Kisumu
107940,2025-12-30,Power Bank,4,-800,Nakuru
107941,2025-03-22,Screen Protector,2,2500,Nakuru
107942,2025-12-23,Earbuds,3,300,Mombasa
107943,2025-12-25,Samsung A16 Case,3,300,Kisumu
107944,2025-12-29,Infinix Hot 40 Case,5,500,Nairobi
107945,2025-01-17,iPhone 13 Case,1,500,Kisumu
107946,2025-09-29,Samsung A16 Case,3,1200,Nakuru
107947,2025-09-04,Screen Protector,4,500,Nakuru
107948,,Screen Protector,2,200,Nairobi
107949,2025-12-16,Infinix Hot 40 Case,5,2500,Kisumu
107950,2025-01-30,Power Bank,2,500,Kisumu
107951,2025-04-04,tecno spark 20 case,3,1200,Kisumu
107952,2025-03-30,Samsung A16 Case,2,300,Mombasa
107953,2025-08-02,Charger,2,500,Nairobi
107954,2025-06-30,Charger,3,200,Kisumu
107955,2025-09-21,Tecno Spark 20 Case,two,500,Mombasa
107956,2025-11-17,Redmi Note 14 Case,4,800,Nakuru
107957,2025-04-02,Earbuds,2,500,Nairobi
107958,2025-06-27,iPhone 13 Case,5,500,Eldoret
107959,2025-04-13,Infinix Hot 40 Case,1,2500,Kisumu
107960,2025-04-26,iPhone 13 Case,3,500,Eldoret
107961,2025-11-04,Tecno Spark 20 Case,1,300,Kisumu
107962,2025-05-10,Redmi Note 14 Case,3,800,Nairobi
107963,2025-01-15,Samsung A16 Case,5,200,Nairobi
107964,2025-10-25,Earbuds,1,200,Nakuru
107965,2025-05-14,Tecno Spark 20 Case,1,800,Mombasa
107966,2025-01-30,Screen Protector,4,2500,Nakuru
107967,2025-03-25,iPhone 13 Case,3,800,Nakuru
107968,2025-09-20,Power Bank,2,2500,Eldoret
107969,2025-11-02,Charger,2,300,Nairobi
107970,2025-01-16,Infinix Hot 40 Case,4,1200,Eldoret
107971,2025-06-08,Infinix Hot 40 Case,5,800,Mombasa
107972,2025-12-18,Infinix Hot 40 Case,2,200,Eldoret
107973,2025-07-24,Tecno Spark 20 Case,1,300,Eldoret
107974,2025-07-28,Charger,4,300,Nakuru
107975,2025-10-25,Infinix Hot 40 Case,5,2500,Eldoret
107976,2025-04-17,Samsung A35 Case,two,2500,Kisumu
107977,2025-05-08,Samsung A35 Case,2,500,Kisumu
107978,2025-02-07,Charger,1,2500,Nakuru
107979,2025-07-11,Screen Protector,5,2500,Nairobi
107980,2025-02-13,Infinix Hot 40 Case,4,300,Eldoret
107981,2025-11-12,Screen Protector,1,2500,Eldoret
107982,2025-12-09,Earbuds,1,300,Nakuru
107983,2025-04-18,,3,2500,Kisumu
107984,2025-03-08,Screen Protector,5,300,Nairobi
107985,2025-07-08,iPhone 13 Case,3,500,Kisumu
107986,2025-08-23,Samsung A16 Case,5,300,Nakuru
107987,2025-01-08,Earbuds,1,200,Nakuru
107988,2025-12-26,Samsung A16 Case,3,300,Nakuru
107989,2025-03-29,Earbuds,2,800,Nakuru
107990,2025-01-23,Tecno Spark 20 Case,5,800,Eldoret
107991,2025-12-17,Samsung A35 Case,5,200,Kisumu
107992,2025-11-03,Redmi Note 14 Case,2,200,Eldoret
107993,2025-05-07,Tecno Spark 20 Case,1,1200,Nakuru
107994,2025-04-09,Charger,5,200,Nakuru
107995,2025-02-19,Power Bank,4,1200,Nakuru
107996,2025-03-14,Tecno Spark 20 Case,4,800,Kisumu
107997,2025-09-22,Earbuds,3,200,Nakuru
107998,2025-08-27,Charger,2,2500,Nakuru
107999,2025-12-25,Earbuds,4,300,Mombasa
108000,2025-10-20,Samsung A16 Case,4,500,Mombasa
108001,2025-03-22,iPhone 13 Case,5,2500,Eldoret
108002,2025-12-23,Infinix Hot 40 Case,3,200,Eldoret
108003,2025-09-18,Screen Protector,2,1200,Mombasa
108004,2025-08-10,Samsung A16 Case,5,300,Mombasa
108005,2025-03-22,Screen Protector,3,500,Mombasa
108006,2025-03-01,Tecno Spark 20 Case,5,300,Eldoret
108007,2025-12-15,Tecno Spark 20 Case,1,800,Mombasa
108008,2025-10-17,Screen Protector,5,300,Eldoret
108009,2025-07-12,Infinix Hot 40 Case,4,300,Mombasa
108010,2025-09-14,Infinix Hot 40 Case,3,300,Nairobi
108011,2025-04-13,Power Bank,2,300,Mombasa
108012,2025-09-14,Samsung A16 Case,5,2500,Mombasa
108013,,Infinix Hot 40 Case,two,800,Nakuru
108014,2025-03-27,,1,300,Nairobi
108015,2025-07-13,Samsung A16 Case,5,200,Mombasa
108016,2025-06-12,iPhone 13 Case,4,800,Nakuru
108017,2025-05-10,,two,500,Nairobi
108018,2025-09-22,Samsung A35 Case,3,2500,Eldoret
108019,2025-03-26,iPhone 13 Case,4,800,Mombasa
108020,,,5,2500,Mombasa
108021,2025-06-26,Tecno Spark 20 Case,2,200,Kisumu
108022,2025-03-24,Power Bank,4,2500,Eldoret
108023,2025-05-06,Redmi Note 14 Case,2,500,Eldoret
108024,2025-12-20,Samsung A35 Case,3,300,Kisumu
108025,2025-03-04,iPhone 13 Case,1,1200,Eldoret
108026,2025-07-09,Earbuds,3,200,Eldoret
108027,2025-12-14,Earbuds,4,300,Nairobi
108028,2025-06-25,Samsung A35 Case,4,1200,Kisumu
108029,2025-02-11,Screen Protector,3,500,Nakuru
108030,2025-04-29,iPhone 13 Case,1,800,Nairobi
108031,2025-05-27,Earbuds,5,1200,Kisumu
108032,2025-06-09,Screen Protector,4,800,Eldoret
108033,2025-03-15,iPhone 13 Case,2,800,Mombasa
108034,2025-04-25,iPhone 13 Case,1,2500,Mombasa
108035,2025-02-07,Earbuds,two,200,Kisumu
108036,2025-09-10,Charger,4,1200,Kisumu
108037,2025-04-08,Samsung A35 Case,3,300,Eldoret
108038,2025-03-31,Samsung A16 Case,3,500,Kisumu
108039,2025-04-06,Infinix Hot 40 Case,3,2500,Mombasa
108040,2025-05-27,Samsung A16 Case,1,300,Mombasa
108041,2025-05-20,Screen Protector,1,300,Eldoret
108042,2025-07-27,Infinix Hot 40 Case,4,2500,Kisumu
108043,2025-02-02,Samsung A16 Case,5,1200,Mombasa
108044,2025-03-25,Redmi Note 14 Case,1,300,Nairobi
108045,2025-03-13,Power Bank,2,200,Eldoret
108046,2025-12-07,Infinix Hot 40 Case,1,1200,Nakuru
108047,2025-06-23,Charger,2,800,Eldoret
108048,2025-02-20,Samsung A35 Case,1,1200,Kisumu
108049,2025-03-14,Samsung A35 Case,4,800,Nakuru
108050,2025-09-08,Samsung A16 Case,3,1200,Nakuru
108051,2025-08-18,Samsung A35 Case,3,2500,Nairobi
108052,2025-05-23,Charger,5,300,Eldoret
108053,2025-06-23,Earbuds,5,500,Nakuru
108054,2025-07-04,Redmi Note 14 Case,3,800,Nairobi
108055,2025-09-16,iPhone 13 Case,2,1200,Nakuru
108056,2025-07-25,Redmi Note 14 Case,4,1200,Eldoret
108057,2025-06-30,Power Bank,3,200,Nairobi
108058,2025-03-25,Samsung A35 Case,2,300,Mombasa
108059,2025-10-16,Screen Protector,1,500,Nairobi
108060,2025-09-15,Screen Protector,4,2500,Mombasa
108061,2025-02-02,Charger,1,200,Eldoret
108062,2025-02-09,Power Bank,4,300,Eldoret
108063,2025-09-29,Samsung A35 Case,4,2500,Kisumu
108064,2025-06-13,Charger,3,2500,Nairobi
108065,2025-09-12,Power Bank,1,300,Mombasa
108066,2025-01-23,Samsung A16 Case,3,500,Eldoret
108067,2025-06-07,Power Bank,5,200,Mombasa
108068,2025-11-10,Infinix Hot 40 Case,1,2500,Mombasa
108069,2025-07-03,Samsung A35 Case,4,800,Eldoret
108070,2025-01-08,Power Bank,1,300,Mombasa
108071,2025-10-29,iPhone 13 Case,5,1200,Nairobi
108072,2025-01-05,iPhone 13 Case,4,2500,Nakuru
108073,2025-04-27,Samsung A16 Case,2,300,Nairobi
108074,2025-09-18,Earbuds,3,1200,Nairobi
108075,2025-11-01,Infinix Hot 40 Case,1,300,Nairobi
108076,2025-09-27,samsung a35 case,4,2500,Nakuru
108077,2025-03-23,Tecno Spark 20 Case,4,300,Kisumu
108078,2025-03-12,Charger,4,300,Eldoret
108079,2025-12-03,Infinix Hot 40 Case,3,300,Nakuru
108080,2025-04-01,Screen Protector,5,300,Kisumu
108081,2025-09-06,Power Bank,4,200,Mombasa
108082,2025-03-01,Infinix Hot 40 Case,1,200,Nakuru
108083,2025-08-29,Samsung A16 Case,4,200,Nairobi
108084,2025-08-20,iPhone 13 Case,1,500,Mombasa
108085,2025-11-09,Samsung A35 Case,1,1200,Nakuru
108086,2025-07-27,,4,1200,Mombasa
108087,2025-08-28,Tecno Spark 20 Case,3,1200,Nairobi
108088,2025-10-09,Infinix Hot 40 Case,4,200,Mombasa
108089,2025-05-13,Earbuds,5,200,Eldoret
108090,2025-04-07,Infinix Hot 40 Case,3,1200,Eldoret
108091,2025-03-12,Earbuds,2,2500,Kisumu
108092,2025-03-07,Samsung A35 Case,5,300,Kisumu
108093,2025-04-27,Redmi Note 14 Case,4,500,Nairobi
108094,2025-10-09,Power Bank,5,300,Eldoret
108095,2025-06-17,Redmi Note 14 Case,3,800,Kisumu
108096,2025-02-26,Samsung A16 Case,2,1200,Mombasa
108097,2025-01-14,Power Bank,3,800,Nairobi
108098,2025-10-31,Screen Protector,4,200,Eldoret
108099,2025-01-03,iPhone 13 Case,1,300,Nakuru
108100,2025-04-10,Charger,3,800,Eldoret
108101,2025-01-01,,4,500,Nairobi
108102,2025-07-21,Screen Protector,4,300,Nairobi
108103,2025-09-23,Infinix Hot 40 Case,2,300,Nakuru
108104,2025-06-01,Samsung A35 Case,1,2500,Mombasa
108105,2025-03-20,Tecno Spark 20 Case,2,500,Nairobi
108106,2025-08-01,samsung a35 case,5,1200,Kisumu
108107,2025-02-21,iPhone 13 Case,3,200,Eldoret
108108,2025-04-22,Infinix Hot 40 Case,5,200,Kisumu
108109,2025-08-21,Infinix Hot 40 Case,4,1200,Nairobi
108110,2025-03-14,iPhone 13 Case,5,200,Mombasa
108111,2025-03-09,Earbuds,5,2500,Eldoret
108112,2025-10-19,Samsung A16 Case,2,500,Mombasa
108113,2025-01-25,Power Bank,1,1200,Nakuru
108114,2025-01-18,Redmi Note 14 Case,2,300,Mombasa
108115,,Charger,1,200,Nakuru
108116,2025-04-07,Samsung A16 Case,4,500,Nakuru
108117,2025-06-12,Samsung A35 Case,3,200,Nairobi
108118,2025-12-26,Power Bank,3,200,Mombasa
108119,2025-12-11,Infinix Hot 40 Case,5,300,Eldoret
108120,2025-03-22,Tecno Spark 20 Case,3,1200,Nakuru
108121,2025-04-12,Screen Protector,3,300,Kisumu
108122,2025-10-03,,2,1200,Eldoret
108123,2025-08-22,Samsung A35 Case,2,1200,Mombasa
108124,2025-08-09,Tecno Spark 20 Case,3,200,Nairobi
108125,2025-04-18,Earbuds,4,2500,Nairobi
108126,2025-11-07,Samsung A35 Case,two,300,Nairobi
108127,2025-10-20,Earbuds,two,2500,Nairobi
108128,2025-04-03,Redmi Note 14 Case,1,1200,Nakuru
108129,2025-08-03,Tecno Spark 20 Case,2,500,Nakuru
108130,2025-05-18,Screen Protector,4,2500,Nairobi
108131,2025-07-29,Screen Protector,3,2500,Nairobi
108132,2025-10-20,Power Bank,3,2500,Nairobi
108133,2025-10-28,Infinix Hot 40 Case,5,300,Kisumu
108134,2025-05-10,Infinix Hot 40 Case,4,200,Mombasa
108135,2025-03-24,Redmi Note 14 Case,4,800,Eldoret
108136,2025-01-27,Power Bank,3,1200,Kisumu
108137,2025-07-18,Screen Protector,1,2500,Nakuru
108138,2025-01-18,Tecno Spark 20 Case,1,200,Nakuru
108139,2025-12-18,Power Bank,2,200,Kisumu
108140,2025-06-15,Earbuds,two,800,Nairobi
108141,2025-07-09,Charger,2,300,Eldoret
108142,2025-10-18,Samsung A35 Case,3,2500,Mombasa
108143,2025-10-06,iPhone 13 Case,1,200,Kisumu
108144,2025-12-04,iPhone 13 Case,1,1200,Mombasa
108145,2025-07-31,Tecno Spark 20 Case,1,200,Mombasa
108146,2025-07-22,Power Bank,5,200,Eldoret
108147,2025-06-02,iPhone 13 Case,2,1200,Nakuru
108148,,Samsung A16 Case,5,200,Nakuru
108149,2025-03-21,Samsung A35 Case,4,1200,Eldoret
108150,2025-01-30,Charger,3,500,Kisumu
108151,2025-11-22,Samsung A35 Case,3,1200,Nairobi
108152,2025-09-16,Tecno Spark 20 Case,2,200,Kisumu
108153,2025-03-16,Earbuds,5,1200,Nakuru
108154,2025-07-29,Tecno Spark 20 Case,4,800,Mombasa
108155,2025-07-11,Charger,4,200,Nakuru
108156,2025-09-10,Infinix Hot 40 Case,4,1200,Mombasa
108157,2025-12-02,Samsung A35 Case,1,300,Mombasa
108158,2025-01-29,Redmi Note 14 Case,4,2500,Mombasa
108159,2025-06-03,Charger,3,200,Nakuru
108160,2025-06-30,iPhone 13 Case,4,300,Mombasa
108161,2025-09-06,Samsung A16 Case,4,300,Nakuru
108162,2025-05-15,Infinix Hot 40 Case,5,500,Eldoret
108163,2025-09-16,Screen Protector,5,200,Kisumu
108164,2025-07-26,Charger,1,500,Eldoret
108165,2025-05-02,iPhone 13 Case,4,800,Eldoret
108166,2025-02-05,Samsung A35 Case,3,1200,Nakuru
108167,2025-10-08,Charger,3,300,Nakuru
108168,2025-11-18,Earbuds,4,200,Mombasa
108169,2025-03-01,Screen Protector,2,300,Eldoret
108170,2025-06-16,Power Bank,5,1200,Nakuru
108171,2025-04-02,Infinix Hot 40 Case,1,1200,Eldoret
108172,2025-03-16,Charger,5,800,Kisumu
108173,2025-02-22,Screen Protector,1,500,Kisumu
108174,2025-12-27,Charger,5,800,Mombasa
108175,2025-07-01,Redmi Note 14 Case,4,800,Nairobi
108176,2025-05-14,Tecno Spark 20 Case,1,800,Mombasa
108177,2025-06-27,Power Bank,3,200,Kisumu
108178,2025-11-25,Tecno Spark 20 Case,4,2500,Eldoret
108179,2025-11-23,iPhone 13 Case,4,200,Nakuru
108180,2025-08-24,Infinix Hot 40 Case,4,800,Mombasa
108181,2025-01-05,Redmi Note 14 Case,5,2500,Kisumu
108182,2025-06-30,Charger,1,500,Mombasa
108183,2025-09-22,Screen Protector,5,200,Nairobi
108184,2025-12-02,Earbuds,4,300,Eldoret
108185,2025-08-25,Earbuds,5,500,Eldoret
108186,2025-09-25,Power Bank,4,300,Eldoret
108187,2025-01-16,Tecno Spark 20 Case,4,500,Mombasa
108188,2025-12-26,Screen Protector,4,2500,Nakuru
108189,2025-04-13,Tecno Spark 20 Case,3,1200,Mombasa
108190,2025-08-01,Infinix Hot 40 Case,5,200,Kisumu
108191,2025-03-02,Tecno Spark 20 Case,3,300,Mombasa
108192,2025-10-30,Earbuds,4,1200,Eldoret
108193,2025-11-07,Tecno Spark 20 Case,1,500,Nakuru
108194,2025-11-02,iPhone 13 Case,two,1200,Nakuru
108195,2025-01-25,Tecno Spark 20 Case,3,200,Nairobi
108196,2025-11-01,Samsung A35 Case,2,500,Nakuru
108197,,iPhone 13 Case,5,800,Nakuru
108198,2025-07-01,Samsung A16 Case,4,500,Mombasa
108199,2025-04-03,Infinix Hot 40 Case,5,800,Nairobi
108200,2025-08-02,Earbuds,3,200,Kisumu
108201,2025-11-19,iPhone 13 Case,4,1200,Kisumu
108202,2025-06-30,Redmi Note 14 Case,3,300,Mombasa
108203,2025-07-22,Samsung A35 Case,2,500,Kisumu
108204,2025-06-19,Infinix Hot 40 Case,2,2500,Mombasa
108205,2025-05-07,earbuds,2,300,Eldoret
108206,2025-07-28,Screen Protector,2,2500,Nairobi
108207,2025-07-21,Redmi Note 14 Case,5,200,Nairobi
108208,2025-03-03,,4,2500,Eldoret
108209,2025-02-18,iPhone 13 Case,5,500,Nairobi
108210,2025-03-10,Samsung A35 Case,5,200,Nairobi
108211,2025-03-01,Samsung A16 Case,4,200,Nairobi
108212,2025-06-18,Earbuds,1,500,Nairobi
108213,2025-09-26,Power Bank,4,800,Nairobi
108214,2025-08-03,Power Bank,3,200,Nairobi
108215,2025-04-07,iPhone 13 Case,3,2500,Eldoret
108216,2025-02-05,Screen Protector,1,300,Kisumu
108217,2025-10-31,Earbuds,3,800,Nakuru
108218,2025-02-09,Charger,5,300,Kisumu
108219,2025-05-22,Power Bank,3,2500,Nakuru
108220,2025-12-02,Charger,1,2500,Kisumu
108221,2025-07-24,Tecno Spark 20 Case,4,300,Mombasa
108222,2025-10-12,iPhone 13 Case,2,2500,Eldoret
108223,2025-09-15,Samsung A16 Case,3,1200,Nairobi
108224,2025-07-03,Infinix Hot 40 Case,3,800,Mombasa
108225,2025-06-09,Earbuds,4,200,Nakuru
108226,2025-03-29,Power Bank,1,-200,Eldoret
108227,2025-09-01,Infinix Hot 40 Case,2,2500,Kisumu
108228,2025-07-18,Screen Protector,2,1200,Nairobi
108229,2025-06-13,Samsung A35 Case,1,2500,Nairobi
108230,2025-01-22,Tecno Spark 20 Case,4,300,Kisumu
108231,2025-02-16,iPhone 13 Case,2,500,Mombasa
108232,2025-08-25,Samsung A16 Case,4,500,Nakuru
108233,2025-01-19,Screen Protector,4,300,Eldoret
108234,2025-10-12,iPhone 13 Case,5,1200,Nakuru
108235,2025-02-04,Power Bank,2,1200,Eldoret
108236,2025-03-17,Screen Protector,5,200,Nairobi
108237,2025-05-10,iPhone 13 Case,1,300,Nairobi
108238,2025-12-24,iPhone 13 Case,4,2500,Mombasa
108239,2025-04-01,Infinix Hot 40 Case,3,2500,Nakuru
108240,2025-09-10,Tecno Spark 20 Case,1,800,Nakuru
108241,2025-08-17,Redmi Note 14 Case,3,1200,Eldoret
108242,2025-08-20,Samsung A16 Case,1,500,Kisumu
108243,2025-09-07,iPhone 13 Case,4,2500,Eldoret
108244,2025-08-08,Samsung A35 Case,3,300,Kisumu
108245,2025-05-31,Charger,1,800,Eldoret
108246,2025-08-04,Earbuds,3,800,Mombasa
108247,2025-08-04,Earbuds,2,200,Eldoret
108248,2025-10-30,Redmi Note 14 Case,2,2500,Eldoret
108249,2025-06-06,iPhone 13 Case,2,300,Kisumu
108250,2025-06-29,Charger,2,500,Eldoret
108251,,Power Bank,5,2500,Kisumu
108252,2025-04-30,Samsung A16 Case,3,2500,Eldoret
108253,2025-06-11,Samsung A16 Case,5,500,Kisumu
108254,2025-05-21,iPhone 13 Case,1,2500,Nairobi
108255,2025-10-04,Redmi Note 14 Case,1,300,Mombasa
108256,,infinix hot 40 case,5,2500,Nairobi
108257,2025-03-12,Redmi Note 14 Case,5,1200,Nakuru
108258,2025-06-29,Tecno Spark 20 Case,5,2500,Mombasa
108259,2025-05-28,Earbuds,4,200,Nakuru
108260,2025-06-27,Charger,4,500,Nairobi
108261,2025-04-26,Earbuds,3,200,Nairobi
108262,2025-02-04,Power Bank,1,200,Mombasa
108263,2025-12-21,Earbuds,3,200,Nairobi
108264,2025-10-14,Samsung A16 Case,1,300,Mombasa
108265,2025-03-28,Screen Protector,1,1200,Kisumu
108266,2025-05-18,Samsung A35 Case,2,1200,Kisumu
108267,2025-06-03,Earbuds,2,500,Mombasa
108268,2025-11-24,Tecno Spark 20 Case,3,200,Kisumu
108269,2025-06-25,Earbuds,1,-800,Eldoret
108270,2025-08-10,Tecno Spark 20 Case,5,500,Mombasa
108271,2025-05-25,Screen Protector,5,300,Mombasa
108272,2025-11-21,Samsung A35 Case,3,2500,Nakuru
108273,2025-07-15,Samsung A16 Case,3,2500,Nairobi
108274,2025-01-13,iPhone 13 Case,3,200,Mombasa
108275,2025-01-02,Tecno Spark 20 Case,2,800,Mombasa
108276,2025-12-31,Charger,1,800,Mombasa
108277,2025-07-13,Redmi Note 14 Case,4,800,Nakuru
108278,2025-02-26,iPhone 13 Case,1,200,Eldoret
108279,2025-08-01,Samsung A35 Case,4,800,Mombasa
108280,2025-04-27,Screen Protector,2,500,Nairobi
108281,2025-03-28,Tecno Spark 20 Case,2,1200,Nairobi
108282,2025-09-20,Charger,4,800,Eldoret
108283,2025-04-23,Power Bank,4,800,Nairobi
108284,2025-04-28,Charger,1,200,Mombasa
108285,2025-03-31,Earbuds,4,800,Nakuru
108286,2025-06-04,Redmi Note 14 Case,3,500,Nakuru
108287,2025-07-26,Screen Protector,1,500,Mombasa
108288,2025-03-21,Charger,1,200,Kisumu
108289,2025-02-04,Tecno Spark 20 Case,1,300,Eldoret
108290,2025-10-07,Screen Protector,2,500,Eldoret
108291,,iphone 13 case,5,200,Eldoret
108292,2025-09-01,Screen Protector,3,2500,Eldoret
108293,2025-06-02,Infinix Hot 40 Case,3,500,Eldoret
108294,2025-04-18,iPhone 13 Case,1,500,Eldoret
108295,2025-12-29,Power Bank,1,500,Nakuru
108296,2025-01-11,Charger,3,300,Nairobi
108297,2025-04-08,Redmi Note 14 Case,4,1200,Nakuru
108298,2025-10-08,Power Bank,5,1200,Eldoret
108299,2025-04-21,Infinix Hot 40 Case,2,800,Mombasa
108300,2025-01-21,Charger,5,500,Nairobi
108301,2025-05-01,Screen Protector,4,200,Nakuru
108302,2025-06-19,Samsung A16 Case,5,1200,Kisumu
108303,2025-10-24,Earbuds,2,2500,Nairobi
108304,2025-08-04,Screen Protector,3,2500,Nairobi
108305,,Earbuds,5,1200,Nakuru
108306,2025-04-04,Charger,1,1200,Kisumu
108307,2025-09-07,Power Bank,1,800,Mombasa
108308,2025-07-01,Screen Protector,3,-800,Kisumu
108309,2025-10-08,Tecno Spark 20 Case,3,300,Nairobi
108310,2025-06-04,Samsung A35 Case,3,300,Mombasa
108311,2025-12-15,Power Bank,5,500,Nairobi
108312,2025-02-24,iPhone 13 Case,3,800,Kisumu
108313,2025-12-12,Tecno Spark 20 Case,3,500,Nakuru
108314,2025-05-22,Samsung A16 Case,4,800,Eldoret
108315,2025-09-09,Tecno Spark 20 Case,1,300,Nakuru
108316,2025-12-29,Charger,4,800,Nakuru
108317,2025-01-22,Redmi Note 14 Case,4,1200,Kisumu
108318,2025-04-20,Charger,2,200,Nakuru
108319,2025-02-27,iPhone 13 Case,4,500,Nairobi
108320,2025-07-09,Infinix Hot 40 Case,2,500,Eldoret
108321,2025-03-20,Screen Protector,4,800,Mombasa
108322,,Samsung A16 Case,5,1200,Kisumu
108323,2025-01-10,Samsung A35 Case,4,1200,Nairobi
108324,2025-04-03,Infinix Hot 40 Case,5,300,Eldoret
108325,2025-11-27,Infinix Hot 40 Case,4,200,Nairobi
108326,2025-06-12,Charger,2,2500,Kisumu
108327,2025-03-26,Redmi Note 14 Case,5,500,Nakuru
108328,2025-07-12,Infinix Hot 40 Case,5,2500,Kisumu
108329,2025-05-23,iPhone 13 Case,4,800,Mombasa
108330,2025-07-14,Infinix Hot 40 Case,1,500,Nakuru
108331,2025-02-09,iPhone 13 Case,2,-800,Kisumu
108332,2025-02-02,Samsung A35 Case,3,1200,Nakuru
108333,2025-01-27,Screen Protector,5,200,Nakuru
108334,2025-04-23,Redmi Note 14 Case,2,1200,Kisumu
108335,2025-04-05,Screen Protector,1,2500,Eldoret
108336,,Tecno Spark 20 Case,4,500,Mombasa
108337,2025-12-19,Screen Protector,4,500,Kisumu
108338,2025-01-13,Power Bank,5,1200,Eldoret
108339,2025-07-27,Earbuds,5,800,Eldoret
108340,2025-05-21,Power Bank,4,200,Nakuru
108341,2025-10-16,Screen Protector,two,1200,Eldoret
108342,2025-12-23,Samsung A35 Case,1,500,Nairobi
108343,2025-01-29,Power Bank,3,500,Nakuru
108344,2025-11-02,iPhone 13 Case,4,1200,Kisumu
108345,2025-11-12,Charger,2,800,Kisumu
108346,2025-05-26,Tecno Spark 20 Case,4,200,Nairobi
108347,2025-10-02,Redmi Note 14 Case,2,200,Nakuru
108348,2025-10-12,Earbuds,3,300,Mombasa
108349,2025-07-30,Charger,2,300,Eldoret
108350,2025-09-09,Earbuds,3,2500,Eldoret
108351,2025-09-19,Samsung A35 Case,1,2500,Eldoret
108352,2025-11-08,Screen Protector,5,200,Nakuru
108353,2025-08-24,Redmi Note 14 Case,2,2500,Nakuru
108354,2025-01-23,iPhone 13 Case,4,800,Eldoret
108355,2025-10-08,Infinix Hot 40 Case,2,1200,Eldoret
108356,2025-05-13,Power Bank,2,300,Nairobi
108357,2025-08-20,Tecno Spark 20 Case,1,500,Eldoret
108358,2025-04-20,iPhone 13 Case,1,1200,Eldoret
108359,2025-11-24,Samsung A16 Case,1,300,Mombasa
108360,2025-12-30,iPhone 13 Case,3,300,Kisumu
108361,2025-06-23,iPhone 13 Case,4,1200,Nairobi
108362,2025-03-26,Redmi Note 14 Case,5,200,Eldoret
108363,2025-06-22,Samsung A16 Case,5,200,Mombasa
108364,2025-02-25,,4,300,Nairobi
108365,2025-05-27,Charger,5,1200,Eldoret
108366,2025-01-23,Redmi Note 14 Case,5,200,Kisumu
108367,2025-11-01,Charger,1,500,Mombasa
108368,2025-01-13,Infinix Hot 40 Case,4,2500,Nairobi
108369,2025-05-30,iPhone 13 Case,5,1200,Kisumu
108370,2025-02-14,Infinix Hot 40 Case,5,2500,Eldoret
108371,2025-03-23,Power Bank,4,200,Mombasa
108372,2025-06-16,Charger,4,1200,Nairobi
108373,2025-08-25,,4,500,Mombasa
108374,2025-05-16,Infinix Hot 40 Case,4,200,Mombasa
108375,2025-02-05,Charger,4,2500,Kisumu
108376,2025-08-22,Samsung A16 Case,4,200,Eldoret
108377,2025-01-16,iPhone 13 Case,3,2500,Eldoret
108378,2025-08-13,Earbuds,2,800,Kisumu
108379,2025-11-06,Screen Protector,3,200,Nakuru
108380,2025-04-21,Screen Protector,3,1200,Nairobi
108381,2025-05-09,Redmi Note 14 Case,5,500,Nakuru
108382,2025-02-08,iPhone 13 Case,5,800,Nairobi
108383,2025-06-08,Samsung A16 Case,2,200,Mombasa
108384,2025-12-19,Samsung A35 Case,3,2500,Eldoret
108385,2025-01-29,Screen Protector,1,1200,Nairobi
108386,2025-02-20,Redmi Note 14 Case,4,2500,Nairobi
108387,2025-05-27,Samsung A16 Case,2,800,Nakuru
108388,2025-10-11,Charger,4,500,Eldoret
108389,2025-04-11,Charger,3,200,Kisumu
108390,2025-10-18,Samsung A16 Case,5,200,Mombasa
108391,2025-08-09,Redmi Note 14 Case,4,500,Eldoret
108392,2025-03-25,Charger,1,1200,Mombasa
108393,2025-03-17,Redmi Note 14 Case,1,300,Nakuru
108394,2025-12-22,Tecno Spark 20 Case,2,300,Eldoret
108395,2025-06-07,Tecno Spark 20 Case,1,500,Kisumu
108396,2025-03-18,Earbuds,1,2500,Nakuru
108397,2025-11-06,Samsung A35 Case,4,1200,Kisumu
108398,2025-12-24,iPhone 13 Case,3,200,Mombasa
108399,2025-01-28,Redmi Note 14 Case,1,800,Nakuru
108400,2025-08-01,Tecno Spark 20 Case,5,500,Nairobi
108401,2025-01-27,Samsung A16 Case,5,300,Mombasa
108402,2025-02-26,Infinix Hot 40 Case,4,1200,Mombasa
108403,2025-03-05,Earbuds,4,2500,Kisumu
108404,2025-06-05,,1,800,Nairobi
108405,2025-09-13,iPhone 13 Case,5,800,Kisumu
108406,2025-11-17,Samsung A35 Case,4,1200,Mombasa
108407,2025-06-11,iPhone 13 Case,4,500,Kisumu
108408,2025-12-15,samsung a35 case,1,1200,Eldoret
108409,2025-01-02,Screen Protector,1,300,Mombasa
108410,2025-05-15,iPhone 13 Case,2,500,Nairobi
108411,2025-09-21,Tecno Spark 20 Case,4,500,Kisumu
108412,2025-07-06,Infinix Hot 40 Case,3,200,Mombasa
108413,2025-11-20,Charger,1,500,Nairobi
108414,2025-10-06,Power Bank,2,2500,Eldoret
108415,2025-06-03,,4,200,Kisumu
108416,2025-08-23,Charger,5,300,Eldoret
108417,,Tecno Spark 20 Case,5,200,Kisumu
108418,2025-03-30,Infinix Hot 40 Case,5,1200,Nairobi
108419,2025-10-21,,5,500,Kisumu
108420,2025-06-09,Samsung A35 Case,4,300,Kisumu
108421,2025-02-11,Power Bank,2,1200,Mombasa
108422,2025-12-01,Screen Protector,5,-2500,Kisumu
108423,2025-09-18,iPhone 13 Case,3,500,Nakuru
108424,2025-09-29,Samsung A35 Case,3,200,Eldoret
108425,2025-02-04,Earbuds,3,500,Mombasa
108426,2025-04-20,Earbuds,2,300,Nakuru
108427,2025-07-21,Samsung A35 Case,4,-200,Mombasa
108428,2025-09-19,Samsung A16 Case,5,2500,Nairobi
108429,2025-03-07,Power Bank,1,500,Mombasa
108430,2025-04-10,,5,500,Kisumu
108431,2025-02-14,Screen Protector,3,800,Nairobi
108432,2025-09-11,Earbuds,1,1200,Eldoret
108433,2025-08-01,Screen Protector,1,1200,Nakuru
108434,2025-10-13,Power Bank,2,200,Eldoret
108435,2025-07-18,Samsung A35 Case,3,-500,Mombasa
108436,2025-05-30,Power Bank,4,500,Eldoret
108437,2025-08-07,Charger,2,1200,Eldoret
108438,2025-12-17,Redmi Note 14 Case,1,300,Mombasa
108439,2025-01-10,Tecno Spark 20 Case,2,300,Eldoret
108440,2025-08-02,Charger,4,300,Nakuru
108441,2025-11-23,Earbuds,2,200,Kisumu
108442,2025-01-11,Power Bank,5,300,Eldoret
108443,2025-05-04,iPhone 13 Case,two,200,Nairobi
108444,2025-09-01,Tecno Spark 20 Case,1,1200,Nairobi
108445,2025-11-28,Charger,3,300,Eldoret
108446,2025-01-29,Charger,3,1200,Eldoret
108447,2025-12-31,Tecno Spark 20 Case,5,1200,Mombasa
108448,2025-02-28,Samsung A16 Case,4,300,Nairobi
108449,2025-06-13,Samsung A35 Case,4,200,Kisumu
108450,2025-11-09,Samsung A16 Case,5,800,Mombasa
108451,2025-12-21,Samsung A35 Case,1,2500,Kisumu
108452,2025-05-25,Redmi Note 14 Case,3,200,Nakuru
108453,2025-03-04,redmi note 14 case,3,300,Mombasa
108454,2025-04-25,Infinix Hot 40 Case,2,2500,Nairobi
108455,2025-02-14,Tecno Spark 20 Case,1,500,Kisumu
108456,2025-09-22,Screen Protector,3,200,Mombasa
108457,2025-11-30,Charger,5,200,Kisumu
108458,2025-06-20,Infinix Hot 40 Case,4,2500,Eldoret
108459,2025-12-21,Earbuds,1,500,Kisumu
108460,2025-02-09,iPhone 13 Case,2,500,Mombasa
108461,2025-06-22,Earbuds,5,-300,Kisumu
108462,2025-03-11,Power Bank,3,2500,Eldoret
108463,2025-10-11,power bank,3,1200,Eldoret
108464,2025-03-04,Screen Protector,5,2500,Nairobi
108465,2025-09-06,Screen Protector,5,200,Mombasa
108466,2025-09-10,Samsung A16 Case,5,800,Kisumu
108467,2025-01-17,Samsung A35 Case,1,1200,Kisumu
108468,2025-11-16,Redmi Note 14 Case,1,1200,Nairobi
108469,2025-06-14,Screen Protector,3,200,Nakuru
108470,2025-08-11,Charger,2,2500,Mombasa
108471,2025-11-09,Samsung A35 Case,1,800,Kisumu
108472,2025-10-30,Earbuds,two,800,Nakuru
108473,2025-08-27,Infinix Hot 40 Case,4,300,Nakuru
108474,2025-04-21,Earbuds,2,200,Eldoret
108475,2025-05-19,Screen Protector,5,-800,Eldoret
108476,2025-09-01,Charger,1,2500,Eldoret
108477,2025-07-01,Redmi Note 14 Case,3,300,Nairobi
108478,2025-05-02,iPhone 13 Case,5,300,Kisumu
108479,2025-12-22,iPhone 13 Case,5,500,Nairobi
108480,2025-10-20,Infinix Hot 40 Case,3,2500,Kisumu
108481,2025-09-14,iPhone 13 Case,5,1200,Mombasa
108482,2025-10-11,Redmi Note 14 Case,4,2500,Nairobi
108483,2025-05-09,iPhone 13 Case,4,800,Nairobi
108484,2025-12-20,Tecno Spark 20 Case,4,500,Kisumu
108485,2025-03-22,Charger,4,500,Kisumu
108486,2025-01-24,Power Bank,4,500,Mombasa
108487,2025-06-20,Screen Protector,4,500,Nakuru
108488,2025-04-22,Samsung A35 Case,4,300,Nakuru
108489,2025-03-09,iPhone 13 Case,3,800,Nakuru
108490,2025-08-05,Redmi Note 14 Case,4,800,Nakuru
108491,2025-04-06,Samsung A35 Case,1,200,Kisumu
108492,,Earbuds,5,2500,Kisumu
108493,2025-05-20,Tecno Spark 20 Case,1,200,Eldoret
108494,2025-07-05,Samsung A35 Case,5,800,Nakuru
108495,2025-05-08,Power Bank,3,1200,Mombasa
108496,2025-08-06,Samsung A35 Case,4,800,Nairobi
108497,2025-05-25,Infinix Hot 40 Case,1,1200,Mombasa
108498,2025-08-30,samsung a16 case,4,300,Eldoret
108499,2025-11-27,Power Bank,4,200,Nairobi
108500,2025-06-30,Power Bank,2,200,Nakuru
108501,2025-10-12,Power Bank,1,800,Nairobi
108502,2025-11-11,Power Bank,1,2500,Nairobi
108503,2025-04-08,Redmi Note 14 Case,4,200,Nakuru
108504,2025-03-16,Samsung A16 Case,3,1200,Eldoret
108505,2025-02-14,Infinix Hot 40 Case,5,800,Eldoret
108506,2025-09-26,Samsung A35 Case,2,2500,Eldoret
108507,2025-03-11,Screen Protector,4,800,Mombasa
108508,2025-05-13,Samsung A16 Case,5,800,Nakuru
108509,2025-01-23,Infinix Hot 40 Case,3,1200,Nakuru
108510,2025-02-19,Redmi Note 14 Case,2,300,Kisumu
108511,2025-01-20,Charger,4,800,Nairobi
108512,2025-04-02,Samsung A16 Case,5,500,Nairobi
108513,2025-02-22,Infinix Hot 40 Case,3,1200,Nairobi
108514,2025-12-04,Samsung A35 Case,1,800,Eldoret
108515,2025-06-18,Screen Protector,1,300,Nairobi
108516,2025-03-14,Samsung A16 Case,1,300,Nakuru
108517,2025-09-13,Samsung A16 Case,3,1200,Eldoret
108518,2025-07-27,Samsung A16 Case,4,300,Kisumu
108519,,Charger,1,2500,Kisumu
108520,2025-07-22,Earbuds,3,2500,Eldoret
108521,2025-02-21,Power Bank,1,800,Kisumu
108522,2025-07-30,Power Bank,3,1200,Kisumu
108523,2025-11-11,Charger,2,1200,Mombasa
108524,2025-09-16,Earbuds,2,1200,Eldoret
108525,2025-02-06,iPhone 13 Case,5,1200,Kisumu
108526,2025-04-30,Tecno Spark 20 Case,two,1200,Nairobi
108527,2025-10-28,Power Bank,2,1200,Nakuru
108528,2025-10-06,Tecno Spark 20 Case,2,1200,Nakuru
108529,2025-08-30,Screen Protector,4,300,Eldoret
108530,2025-10-11,Samsung A35 Case,3,1200,Nairobi
108531,2025-04-10,Screen Protector,5,800,Nakuru
108532,2025-04-29,Redmi Note 14 Case,1,200,Nakuru
108533,2025-07-10,iPhone 13 Case,4,2500,Nakuru
108534,2025-02-15,Redmi Note 14 Case,5,200,Kisumu
108535,2025-01-13,Redmi Note 14 Case,4,1200,Kisumu
108536,2025-01-17,Redmi Note 14 Case,2,500,Kisumu
108537,2025-03-09,Redmi Note 14 Case,4,800,Mombasa
108538,2025-07-22,Samsung A35 Case,2,2500,Kisumu
108539,2025-04-19,Tecno Spark 20 Case,4,1200,Nakuru
108540,2025-04-04,Charger,1,200,Nairobi
108541,2025-08-27,Redmi Note 14 Case,4,500,Nakuru
108542,2025-12-06,Samsung A16 Case,1,200,Kisumu
108543,2025-01-19,Samsung A35 Case,5,300,Eldoret
108544,2025-10-16,,3,2500,Mombasa
108545,2025-10-25,Screen Protector,1,500,Kisumu
108546,2025-11-28,Earbuds,3,500,Eldoret
108547,,Samsung A16 Case,2,2500,Mombasa
108548,2025-08-13,Samsung A16 Case,2,800,Eldoret
108549,2025-11-01,Screen Protector,2,800,Mombasa
108550,2025-04-23,Charger,5,2500,Mombasa
108551,2025-03-11,Redmi Note 14 Case,5,300,Nakuru
108552,2025-02-08,Infinix Hot 40 Case,3,-200,Nairobi
108553,2025-01-10,Infinix Hot 40 Case,3,2500,Nairobi
108554,2025-10-29,Charger,3,200,Eldoret
108555,2025-04-07,Charger,two,800,Kisumu
108556,2025-11-14,Power Bank,2,200,Mombasa
108557,2025-12-17,Charger,3,800,Mombasa
108558,2025-05-21,,3,800,Mombasa
108559,2025-07-31,iPhone 13 Case,1,500,Mombasa
108560,2025-02-08,Samsung A16 Case,5,800,Nakuru
108561,2025-04-06,Screen Protector,5,300,Kisumu
108562,2025-08-19,Redmi Note 14 Case,3,200,Mombasa
108563,2025-03-29,Infinix Hot 40 Case,5,2500,Mombasa
108564,,Charger,5,2500,Nairobi
108565,2025-04-02,iPhone 13 Case,5,200,Kisumu
108566,2025-02-10,Samsung A16 Case,3,200,Kisumu
108567,2025-03-18,Tecno Spark 20 Case,5,200,Nakuru
108568,2025-01-18,Samsung A35 Case,5,500,Eldoret
108569,,Infinix Hot 40 Case,1,800,Kisumu
108570,2025-02-05,Redmi Note 14 Case,3,300,Nakuru
108571,2025-09-05,Samsung A16 Case,4,500,Mombasa
108572,2025-04-02,Charger,3,1200,Nakuru
108573,2025-08-08,Redmi Note 14 Case,3,800,Kisumu
108574,2025-07-26,Earbuds,5,500,Mombasa
108575,2025-10-14,iPhone 13 Case,4,200,Nakuru
108576,2025-07-08,Infinix Hot 40 Case,4,300,Nakuru
108577,2025-10-18,Charger,4,1200,Eldoret
108578,2025-07-13,Samsung A35 Case,4,200,Mombasa
108579,2025-08-27,Infinix Hot 40 Case,5,200,Eldoret
108580,2025-11-07,iPhone 13 Case,1,800,Eldoret
108581,2025-04-25,Power Bank,3,300,Nairobi
108582,2025-04-21,Earbuds,5,300,Nairobi
108583,2025-10-12,Infinix Hot 40 Case,5,1200,Mombasa
108584,2025-06-25,Tecno Spark 20 Case,4,500,Eldoret
108585,2025-04-16,Charger,2,800,Mombasa
108586,2025-06-25,Charger,3,200,Nairobi
108587,2025-09-06,Samsung A35 Case,4,500,Mombasa
108588,2025-03-22,Redmi Note 14 Case,1,2500,Nairobi
108589,2025-10-13,Tecno Spark 20 Case,2,500,Nakuru
108590,2025-10-21,Screen Protector,2,500,Nairobi
108591,2025-04-19,Tecno Spark 20 Case,3,800,Eldoret
108592,2025-03-31,Power Bank,5,2500,Mombasa
108593,2025-10-23,Tecno Spark 20 Case,2,200,Kisumu
108594,2025-02-15,Infinix Hot 40 Case,3,300,Eldoret
108595,2025-05-26,Power Bank,4,-800,Nairobi
108596,2025-06-27,Infinix Hot 40 Case,5,500,Nairobi
108597,2025-03-23,iphone 13 case,1,2500,Eldoret
108598,2025-03-18,Infinix Hot 40 Case,5,500,Nakuru
108599,2025-04-03,Earbuds,3,1200,Kisumu
108600,2025-03-03,iPhone 13 Case,3,800,Eldoret
108601,2025-09-17,Samsung A16 Case,5,1200,Mombasa
108602,2025-06-16,Charger,3,2500,Kisumu
108603,2025-02-27,Charger,4,300,Kisumu
108604,2025-01-25,iPhone 13 Case,3,200,Nakuru
108605,2025-10-31,iPhone 13 Case,1,300,Kisumu
108606,2025-03-22,Screen Protector,3,300,Eldoret
108607,,Earbuds,5,200,Mombasa
108608,2025-02-03,Infinix Hot 40 Case,4,500,Eldoret
108609,,Redmi Note 14 Case,1,500,Nairobi
108610,2025-05-14,Screen Protector,3,1200,Nairobi
108611,2025-03-27,iPhone 13 Case,3,1200,Kisumu
108612,2025-06-22,Tecno Spark 20 Case,5,200,Nakuru
108613,2025-12-16,Tecno Spark 20 Case,3,500,Nakuru
108614,2025-04-29,tecno spark 20 case,5,500,Kisumu
108615,2025-07-31,Samsung A35 Case,4,1200,Nakuru
108616,2025-11-17,Power Bank,3,500,Nakuru
108617,2025-08-25,Tecno Spark 20 Case,1,1200,Nairobi
108618,2025-12-22,iPhone 13 Case,4,500,Nakuru
108619,2025-05-10,Earbuds,1,200,Nairobi
108620,2025-07-05,Samsung A16 Case,4,1200,Eldoret
108621,2025-06-12,iPhone 13 Case,3,800,Kisumu
108622,2025-12-27,Power Bank,3,200,Mombasa
108623,2025-02-20,iPhone 13 Case,2,300,Kisumu
108624,2025-01-21,Redmi Note 14 Case,5,200,Eldoret
108625,2025-05-04,Infinix Hot 40 Case,5,1200,Eldoret
108626,2025-03-19,Earbuds,2,1200,Nakuru
108627,2025-07-18,infinix hot 40 case,5,2500,Nakuru
108628,2025-11-24,iPhone 13 Case,5,2500,Nakuru
108629,2025-10-02,Power Bank,3,300,Kisumu
108630,2025-08-29,Infinix Hot 40 Case,5,200,Eldoret
108631,2025-11-14,Earbuds,1,2500,Mombasa
108632,2025-04-10,Infinix Hot 40 Case,3,300,Nakuru
108633,2025-02-21,Screen Protector,1,2500,Eldoret
108634,2025-04-10,Samsung A35 Case,4,2500,Nakuru
108635,2025-09-08,Tecno Spark 20 Case,5,200,Mombasa
108636,2025-06-11,Earbuds,2,800,Kisumu
108637,2025-03-22,Redmi Note 14 Case,4,800,Eldoret
108638,2025-03-26,Screen Protector,1,500,Nairobi
108639,2025-11-15,earbuds,3,2500,Kisumu
108640,2025-08-22,Samsung A16 Case,3,200,Mombasa
108641,2025-10-25,Tecno Spark 20 Case,4,200,Nairobi
108642,2025-06-29,iPhone 13 Case,4,200,Kisumu
108643,2025-10-21,Charger,4,300,Mombasa
108644,2025-06-24,Samsung A16 Case,5,500,Nairobi
108645,2025-02-10,Infinix Hot 40 Case,5,1200,Mombasa
108646,2025-08-13,Infinix Hot 40 Case,2,2500,Nairobi
108647,2025-12-21,Earbuds,1,2500,Kisumu
108648,2025-11-13,Redmi Note 14 Case,1,2500,Mombasa
108649,2025-06-30,Power Bank,1,200,Nairobi
108650,2025-11-11,Earbuds,1,2500,Kisumu
108651,2025-10-31,Power Bank,4,500,Kisumu
108652,2025-11-30,Samsung A35 Case,5,1200,Kisumu
108653,2025-01-27,Screen Protector,3,1200,Eldoret
108654,2025-06-29,Screen Protector,2,1200,Nairobi
108655,2025-11-09,Power Bank,1,500,Nakuru
108656,2025-04-05,Infinix Hot 40 Case,3,300,Eldoret
108657,2025-10-10,iPhone 13 Case,1,800,Kisumu
108658,2025-02-04,Tecno Spark 20 Case,2,800,Kisumu
108659,2025-03-07,Screen Protector,4,500,Nairobi
108660,2025-02-25,Redmi Note 14 Case,1,800,Mombasa
108661,2025-08-01,Tecno Spark 20 Case,2,800,Nakuru
108662,2025-05-16,Screen Protector,2,200,Kisumu
108663,2025-01-18,Screen Protector,two,1200,Nairobi
108664,2025-01-02,Redmi Note 14 Case,4,300,Nairobi
108665,2025-07-19,Samsung A16 Case,3,300,Nakuru
108666,2025-07-22,Infinix Hot 40 Case,2,2500,Kisumu
108667,2025-02-25,Samsung A35 Case,2,800,Mombasa
108668,2025-08-19,iPhone 13 Case,3,2500,Kisumu
108669,2025-01-21,Samsung A35 Case,5,800,Nakuru
108670,2025-05-06,Samsung A16 Case,3,2500,Kisumu
108671,2025-04-10,Screen Protector,3,2500,Nakuru
108672,2025-12-15,Tecno Spark 20 Case,4,200,Nakuru
108673,2025-08-28,iPhone 13 Case,1,200,Nairobi
108674,2025-04-26,Tecno Spark 20 Case,3,800,Kisumu
108675,2025-05-22,Samsung A16 Case,5,2500,Kisumu
108676,2025-01-09,iPhone 13 Case,1,300,Mombasa
108677,2025-08-27,Earbuds,2,200,Mombasa
108678,2025-03-09,Power Bank,4,1200,Eldoret
108679,2025-05-11,Power Bank,5,-200,Nairobi
108680,2025-10-04,Redmi Note 14 Case,4,2500,Eldoret
108681,2025-01-01,Infinix Hot 40 Case,1,1200,Nakuru
108682,2025-09-23,Redmi Note 14 Case,3,2500,Nairobi
108683,2025-02-14,,5,500,Nakuru
108684,2025-08-21,Screen Protector,1,300,Nairobi
108685,2025-03-02,Charger,3,1200,Nakuru
108686,2025-05-20,Infinix Hot 40 Case,5,1200,Nakuru
108687,2025-03-25,Tecno Spark 20 Case,4,500,Mombasa
108688,2025-02-02,Infinix Hot 40 Case,2,800,Nakuru
108689,2025-12-16,Power Bank,5,500,Kisumu
108690,2025-08-16,Charger,2,800,Kisumu
108691,2025-08-25,Samsung A35 Case,4,1200,Nairobi
108692,2025-05-20,Power Bank,2,2500,Nairobi
108693,2025-12-27,Earbuds,2,800,Kisumu
108694,2025-03-29,iPhone 13 Case,3,200,Nairobi
108695,2025-07-30,Screen Protector,2,200,Eldoret
108696,2025-03-11,Redmi Note 14 Case,4,500,Nairobi
108697,2025-03-18,Redmi Note 14 Case,1,500,Nakuru
108698,2025-01-16,Screen Protector,2,300,Kisumu
108699,2025-10-21,Tecno Spark 20 Case,2,500,Mombasa
108700,2025-02-01,,5,300,Mombasa
108701,2025-03-12,earbuds,2,2500,Nairobi
108702,2025-09-18,Screen Protector,1,2500,Kisumu
108703,2025-01-22,Charger,2,300,Nairobi
108704,2025-12-01,Redmi Note 14 Case,1,300,Kisumu
108705,,Redmi Note 14 Case,4,800,Nairobi
108706,2025-12-20,iPhone 13 Case,3,800,Nakuru
108707,2025-08-19,Infinix Hot 40 Case,4,500,Nairobi
108708,2025-05-05,Charger,2,1200,Mombasa
108709,2025-03-02,Samsung A16 Case,1,200,Nakuru
108710,2025-10-09,Power Bank,3,200,Mombasa
108711,2025-07-10,Redmi Note 14 Case,4,300,Kisumu
108712,2025-06-22,Samsung A16 Case,2,2500,Nairobi
108713,2025-07-12,Samsung A35 Case,3,2500,Nakuru
108714,2025-08-18,Redmi Note 14 Case,5,500,Eldoret
108715,2025-03-31,Charger,3,500,Eldoret
108716,2025-02-27,Charger,5,2500,Nairobi
108717,2025-11-03,Earbuds,3,300,Kisumu
108718,2025-12-30,Tecno Spark 20 Case,3,200,Nairobi
108719,2025-10-21,Screen Protector,5,500,Nakuru
108720,2025-08-13,Screen Protector,2,-500,Nakuru
108721,2025-10-24,Earbuds,5,1200,Eldoret
108722,2025-07-03,Tecno Spark 20 Case,5,800,Nairobi
108723,2025-11-02,Infinix Hot 40 Case,3,200,Nakuru
108724,2025-08-18,Samsung A35 Case,2,500,Nairobi
108725,2025-09-01,Redmi Note 14 Case,3,300,Kisumu
108726,2025-09-16,Infinix Hot 40 Case,1,800,Nakuru
108727,2025-11-06,Charger,1,800,Mombasa
108728,2025-02-07,Redmi Note 14 Case,4,500,Nairobi
108729,2025-02-10,Earbuds,4,800,Nakuru
108730,2025-04-17,Redmi Note 14 Case,2,300,Eldoret
108731,2025-11-22,Tecno Spark 20 Case,5,1200,Nakuru
108732,2025-12-14,,2,800,Eldoret
108733,2025-10-16,Earbuds,2,-300,Nakuru
108734,2025-01-10,Samsung A16 Case,5,500,Mombasa
108735,,Power Bank,3,1200,Mombasa
108736,2025-04-14,iPhone 13 Case,5,1200,Kisumu
108737,2025-05-22,Infinix Hot 40 Case,3,800,Kisumu
108738,2025-12-07,iPhone 13 Case,4,800,Nairobi
108739,2025-09-16,Power Bank,4,500,Nakuru
108740,2025-10-18,Charger,1,2500,Nairobi
108741,2025-05-16,Earbuds,3,800,Kisumu
108742,2025-04-02,,4,500,Kisumu
108743,2025-09-04,Earbuds,2,500,Eldoret
108744,2025-05-04,Samsung A35 Case,4,200,Nakuru
108745,2025-12-31,Redmi Note 14 Case,2,1200,Mombasa
108746,2025-09-20,Charger,1,300,Nairobi
108747,2025-08-27,Screen Protector,5,300,Nairobi
108748,2025-06-25,Samsung A35 Case,5,1200,Eldoret
108749,2025-01-23,Infinix Hot 40 Case,5,800,Eldoret
108750,2025-09-18,Power Bank,4,500,Kisumu
108751,2025-11-30,Tecno Spark 20 Case,1,300,Nakuru
108752,2025-06-22,Infinix Hot 40 Case,1,500,Nairobi
108753,2025-02-04,Samsung A16 Case,2,800,Nairobi
108754,2025-11-24,Earbuds,4,1200,Mombasa
108755,2025-05-05,Infinix Hot 40 Case,3,1200,Eldoret
108756,2025-07-07,samsung a35 case,1,300,Nairobi
108757,2025-01-23,Tecno Spark 20 Case,5,300,Nairobi
108758,2025-06-01,Power Bank,2,500,Mombasa
108759,2025-01-24,Tecno Spark 20 Case,5,500,Nairobi
108760,2025-05-26,Samsung A16 Case,3,1200,Nairobi
108761,2025-05-12,Samsung A35 Case,1,2500,Mombasa
108762,2025-08-24,Charger,2,800,Nakuru
108763,2025-06-28,Samsung A16 Case,5,800,Nairobi
108764,2025-10-03,earbuds,5,500,Mombasa
108765,2025-11-20,iPhone 13 Case,2,500,Mombasa
108766,2025-03-21,Charger,3,800,Nairobi
108767,2025-04-05,Redmi Note 14 Case,5,800,Kisumu
108768,2025-01-04,Screen Protector,5,300,Eldoret
108769,2025-10-27,Samsung A35 Case,1,1200,Nairobi
108770,2025-02-11,Charger,5,1200,Kisumu
108771,2025-08-31,Samsung A16 Case,4,800,Kisumu
108772,2025-02-24,Samsung A35 Case,5,200,Eldoret
108773,2025-06-22,Tecno Spark 20 Case,5,2500,Mombasa
108774,2025-08-17,Power Bank,5,1200,Nairobi
108775,2025-11-11,Samsung A35 Case,2,2500,Nakuru
108776,2025-08-30,Tecno Spark 20 Case,5,800,Nairobi
108777,2025-11-17,Samsung A35 Case,5,200,Nairobi
108778,,,2,500,Nakuru
108779,2025-09-28,Charger,5,2500,Kisumu
108780,2025-08-08,Charger,4,2500,Eldoret
108781,,iPhone 13 Case,4,2500,Nairobi
108782,2025-10-19,,3,300,Kisumu
108783,2025-05-16,Samsung A35 Case,3,200,Eldoret
108784,2025-02-28,Samsung A16 Case,2,300,Kisumu
108785,2025-11-28,Tecno Spark 20 Case,1,1200,Nairobi
108786,2025-09-25,Screen Protector,3,500,Eldoret
108787,2025-04-24,iPhone 13 Case,2,1200,Kisumu
108788,2025-11-13,Tecno Spark 20 Case,2,2500,Mombasa
108789,2025-04-02,Earbuds,1,1200,Eldoret
108790,2025-12-29,Charger,3,200,Nairobi
108791,2025-01-25,Charger,2,1200,Eldoret
108792,2025-05-21,Screen Protector,4,800,Kisumu
108793,2025-10-27,Power Bank,3,800,Nakuru
108794,2025-03-21,Redmi Note 14 Case,4,800,Nairobi
108795,2025-09-25,Earbuds,1,800,Kisumu
108796,,Samsung A35 Case,4,2500,Nakuru
108797,2025-02-03,iPhone 13 Case,5,2500,Eldoret
108798,2025-06-15,iPhone 13 Case,4,800,Kisumu
108799,2025-01-28,Tecno Spark 20 Case,3,1200,Mombasa
108800,2025-12-26,Earbuds,3,500,Mombasa
108801,2025-06-08,Charger,2,1200,Nairobi
108802,2025-12-04,Charger,2,1200,Mombasa
108803,2025-10-25,Samsung A16 Case,5,2500,Nairobi
108804,2025-11-08,Redmi Note 14 Case,4,500,Mombasa
108805,2025-05-08,Infinix Hot 40 Case,2,1200,Kisumu
108806,,Earbuds,2,300,Eldoret
108807,2025-07-10,Charger,5,200,Eldoret
108808,2025-03-09,Earbuds,2,500,Kisumu
108809,2025-09-27,Earbuds,2,500,Kisumu
108810,2025-12-26,Samsung A16 Case,3,1200,Mombasa
108811,2025-08-30,Power Bank,5,800,Nairobi
108812,2025-01-19,Infinix Hot 40 Case,4,500,Kisumu
108813,2025-08-17,Samsung A35 Case,2,200,Eldoret
108814,2025-02-14,Earbuds,2,200,Nakuru
108815,2025-10-27,Earbuds,two,200,Nakuru
108816,2025-04-13,Charger,4,300,Mombasa
108817,2025-07-02,Redmi Note 14 Case,1,800,Eldoret
108818,2025-12-28,Samsung A35 Case,5,500,Nakuru
108819,2025-06-13,Tecno Spark 20 Case,5,2500,Nairobi
108820,2025-10-31,Charger,2,200,Eldoret
108821,2025-12-09,Redmi Note 14 Case,3,300,Kisumu
108822,2025-11-12,Tecno Spark 20 Case,3,1200,Nakuru
108823,2025-07-22,iPhone 13 Case,5,300,Eldoret
108824,2025-10-23,Infinix Hot 40 Case,1,2500,Eldoret
108825,2025-01-11,Samsung A16 Case,1,200,Nakuru
108826,2025-11-14,Tecno Spark 20 Case,3,500,Nairobi
108827,2025-02-26,Power Bank,4,800,Mombasa
108828,2025-10-07,Charger,1,200,Eldoret
108829,2025-08-13,,4,300,Nairobi
108830,2025-09-04,Redmi Note 14 Case,4,2500,Kisumu
108831,2025-09-10,Charger,3,1200,Kisumu
108832,2025-03-01,Tecno Spark 20 Case,5,2500,Kisumu
108833,2025-01-08,Charger,3,500,Nakuru
108834,2025-02-27,,1,2500,Kisumu
108835,2025-10-17,Power Bank,4,1200,Kisumu
108836,2025-07-19,Power Bank,3,300,Nakuru
108837,2025-09-28,Infinix Hot 40 Case,5,2500,Eldoret
108838,2025-05-25,Redmi Note 14 Case,3,1200,Nakuru
108839,2025-10-06,Samsung A35 Case,3,2500,Nakuru
108840,2025-09-23,Redmi Note 14 Case,5,2500,Nairobi
108841,2025-10-20,Infinix Hot 40 Case,2,500,Nakuru
108842,2025-12-21,Power Bank,5,2500,Kisumu
108843,2025-10-18,Samsung A35 Case,4,1200,Nairobi
108844,2025-07-15,Infinix Hot 40 Case,4,2500,Nakuru
108845,2025-06-04,Earbuds,5,800,Mombasa
108846,,Samsung A16 Case,4,500,Nakuru
108847,2025-10-12,Power Bank,2,500,Nakuru
108848,2025-08-15,Power Bank,4,1200,Nakuru
108849,2025-02-25,Samsung A35 Case,1,-300,Kisumu
108850,2025-07-24,Charger,3,200,Mombasa
108851,2025-03-15,tecno spark 20 case,5,300,Eldoret
108852,2025-05-14,Samsung A16 Case,1,800,Nakuru
108853,2025-05-12,Redmi Note 14 Case,5,300,Mombasa
108854,2025-03-24,Samsung A35 Case,1,800,Nairobi
108855,2025-12-20,Redmi Note 14 Case,4,300,Mombasa
108856,2025-11-12,iPhone 13 Case,2,800,Nairobi
108857,2025-05-05,Charger,4,800,Nairobi
108858,2025-12-23,Samsung A35 Case,3,800,Eldoret
108859,2025-11-01,Power Bank,2,500,Mombasa
108860,2025-05-15,Power Bank,1,2500,Kisumu
108861,2025-05-02,Earbuds,4,800,Kisumu
108862,2025-03-17,Samsung A16 Case,5,1200,Mombasa
108863,2025-01-23,Samsung A35 Case,5,200,Nairobi
108864,2025-03-29,Infinix Hot 40 Case,1,800,Nakuru
108865,2025-09-23,Earbuds,5,2500,Nairobi
108866,2025-02-27,iPhone 13 Case,1,1200,Mombasa
108867,2025-05-11,Infinix Hot 40 Case,1,800,Nairobi
108868,2025-06-02,Screen Protector,5,800,Nakuru
108869,2025-12-11,Earbuds,4,200,Nakuru
108870,2025-08-16,Infinix Hot 40 Case,2,500,Kisumu
108871,2025-06-14,Power Bank,3,500,Mombasa
108872,2025-12-14,Screen Protector,3,1200,Kisumu
108873,2025-12-02,Samsung A16 Case,5,1200,Nairobi
108874,2025-08-28,Samsung A35 Case,2,800,Mombasa
108875,2025-01-06,Tecno Spark 20 Case,3,200,Nairobi
108876,2025-12-18,Samsung A35 Case,4,200,Kisumu
108877,2025-10-30,Infinix Hot 40 Case,4,800,Nakuru
108878,2025-07-26,Samsung A35 Case,3,2500,Nairobi
108879,2025-01-22,Samsung A16 Case,5,200,Eldoret
108880,2025-06-07,Screen Protector,2,500,Eldoret
108881,2025-01-27,iPhone 13 Case,5,1200,Kisumu
108882,2025-05-25,Screen Protector,3,500,Mombasa
108883,2025-01-10,iPhone 13 Case,1,200,Mombasa
108884,2025-06-14,Screen Protector,1,300,Nakuru
108885,2025-11-23,Screen Protector,1,2500,Eldoret
108886,2025-11-07,Samsung A16 Case,4,300,Eldoret
108887,2025-06-20,Samsung A35 Case,1,2500,Mombasa
108888,2025-11-05,Samsung A16 Case,5,200,Eldoret
108889,2025-09-08,Earbuds,1,500,Nairobi
108890,2025-10-29,Samsung A35 Case,2,500,Kisumu
108891,2025-05-13,Earbuds,2,2500,Nairobi
108892,2025-04-16,samsung a35 case,3,300,Eldoret
108893,2025-02-01,Samsung A16 Case,2,2500,Mombasa
108894,2025-09-01,Earbuds,3,1200,Nakuru
108895,2025-10-17,Screen Protector,1,1200,Kisumu
108896,2025-11-10,Power Bank,two,200,Eldoret
108897,2025-02-14,Samsung A35 Case,5,200,Mombasa
108898,2025-07-19,Earbuds,1,200,Mombasa
108899,2025-06-17,Screen Protector,4,2500,Nakuru
108900,2025-07-09,Power Bank,1,2500,Mombasa
108901,2025-07-28,Charger,2,200,Kisumu
108902,2025-07-27,Tecno Spark 20 Case,1,2500,Nairobi
108903,2025-10-14,Samsung A35 Case,3,1200,Kisumu
108904,2025-03-13,Samsung A35 Case,5,300,Nairobi
108905,2025-11-08,Samsung A16 Case,4,500,Nairobi
108906,2025-01-02,Samsung A35 Case,2,1200,Eldoret
108907,2025-12-13,Samsung A35 Case,5,800,Nakuru
108908,2025-08-27,Power Bank,5,200,Nakuru
108909,2025-12-07,Power Bank,1,300,Kisumu
108910,2025-07-20,Samsung A35 Case,4,1200,Mombasa
108911,2025-10-13,Earbuds,5,300,Kisumu
108912,2025-07-02,Samsung A16 Case,5,200,Nakuru
108913,2025-05-12,Power Bank,2,800,Mombasa
108914,2025-08-07,iPhone 13 Case,1,200,Eldoret
108915,2025-10-27,Screen Protector,5,2500,Eldoret
108916,2025-10-20,Charger,3,800,Mombasa
108917,2025-03-08,Redmi Note 14 Case,4,500,Kisumu
108918,2025-02-05,Screen Protector,1,500,Nairobi
108919,2025-04-17,iPhone 13 Case,4,300,Eldoret
108920,2025-08-30,Samsung A16 Case,1,1200,Nairobi
108921,,Earbuds,1,1200,Nakuru
108922,2025-09-13,Redmi Note 14 Case,4,300,Mombasa
108923,2025-11-17,iPhone 13 Case,4,2500,Nakuru
108924,2025-02-11,Charger,5,800,Eldoret
108925,2025-11-02,Charger,1,500,Eldoret
108926,2025-10-31,Power Bank,1,200,Nairobi
108927,2025-05-15,Earbuds,two,200,Nairobi
108928,2025-07-23,Power Bank,4,200,Nairobi
108929,2025-07-13,Screen Protector,4,500,Mombasa
108930,2025-02-15,Samsung A35 Case,5,300,Kisumu
108931,2025-02-27,Screen Protector,5,1200,Eldoret
108932,2025-04-10,Infinix Hot 40 Case,1,200,Eldoret
108933,2025-10-18,Samsung A16 Case,1,500,Kisumu
108934,2025-01-10,Infinix Hot 40 Case,2,2500,Nairobi
108935,2025-01-04,Earbuds,5,1200,Nakuru
108936,2025-10-29,iPhone 13 Case,3,2500,Kisumu
108937,2025-03-18,Samsung A35 Case,3,1200,Mombasa
108938,2025-07-15,Screen Protector,2,300,Nakuru
108939,2025-04-17,Charger,5,200,Nakuru
108940,2025-01-20,Redmi Note 14 Case,5,200,Mombasa
108941,2025-01-12,iPhone 13 Case,4,300,Nakuru
108942,2025-03-08,Charger,5,800,Nakuru
108943,2025-02-22,Samsung A35 Case,4,2500,Eldoret
108944,,Samsung A35 Case,1,2500,Mombasa
108945,2025-03-09,iPhone 13 Case,2,500,Eldoret
108946,2025-12-10,iPhone 13 Case,1,1200,Nairobi
108947,2025-06-10,Power Bank,3,800,Nairobi
108948,2025-01-10,,1,200,Nairobi
108949,2025-09-20,Samsung A35 Case,5,300,Mombasa
108950,2025-09-10,Charger,4,200,Eldoret
108951,2025-03-13,Screen Protector,2,800,Nakuru
108952,2025-02-05,Samsung A35 Case,4,500,Mombasa
108953,2025-08-08,Samsung A35 Case,3,300,Nakuru
108954,2025-09-22,redmi note 14 case,2,200,Mombasa
108955,2025-03-28,Samsung A35 Case,1,200,Mombasa
108956,2025-02-22,Samsung A16 Case,5,800,Eldoret
108957,2025-02-20,Tecno Spark 20 Case,2,300,Eldoret
108958,2025-08-06,Tecno Spark 20 Case,3,800,Eldoret
108959,2025-08-22,Redmi Note 14 Case,1,200,Kisumu
108960,2025-03-26,Power Bank,5,500,Kisumu
108961,2025-06-22,Power Bank,1,1200,Nairobi
108962,2025-03-28,Earbuds,1,300,Nakuru
108963,2025-11-15,Screen Protector,3,800,Kisumu
108964,2025-12-22,Tecno Spark 20 Case,1,1200,Mombasa
108965,2025-08-17,Screen Protector,1,300,Eldoret
108966,2025-02-18,earbuds,two,500,Nakuru
108967,2025-10-30,Screen Protector,1,500,Nakuru
108968,2025-08-12,Charger,4,500,Nairobi
108969,2025-12-18,Samsung A16 Case,2,1200,Nakuru
108970,2025-07-16,Samsung A16 Case,5,800,Kisumu
108971,2025-08-08,Earbuds,3,300,Eldoret
108972,2025-01-25,Power Bank,2,200,Kisumu
108973,2025-01-08,Samsung A35 Case,4,1200,Eldoret
108974,2025-04-08,,5,300,Nakuru
108975,2025-09-16,Power Bank,4,500,Nairobi
108976,2025-02-28,Power Bank,2,800,Nairobi
108977,,iPhone 13 Case,2,-200,Eldoret
108978,2025-05-26,Redmi Note 14 Case,5,300,Mombasa
108979,2025-12-27,Redmi Note 14 Case,2,2500,Kisumu
108980,2025-06-08,Tecno Spark 20 Case,1,800,Eldoret
108981,2025-10-14,Earbuds,2,-200,Nairobi
108982,2025-06-30,Earbuds,3,200,Eldoret
108983,2025-05-05,Earbuds,4,1200,Nakuru
108984,2025-12-21,Charger,1,2500,Nakuru
108985,2025-08-27,Infinix Hot 40 Case,4,500,Mombasa
108986,2025-06-21,,5,800,Eldoret
108987,2025-08-20,Redmi Note 14 Case,4,1200,Mombasa
108988,2025-03-18,Samsung A35 Case,3,200,Mombasa
108989,2025-09-05,iPhone 13 Case,3,800,Kisumu
108990,2025-02-01,Earbuds,4,2500,Eldoret
108991,2025-01-18,Infinix Hot 40 Case,5,500,Nakuru
108992,2025-09-08,Infinix Hot 40 Case,1,2500,Mombasa
108993,2025-10-22,Tecno Spark 20 Case,3,1200,Nairobi
108994,2025-06-29,Tecno Spark 20 Case,4,2500,Nairobi
108995,2025-03-24,Samsung A35 Case,3,500,Mombasa
108996,2025-05-16,Power Bank,2,1200,Eldoret
108997,2025-04-29,Samsung A35 Case,2,300,Nairobi
108998,2025-11-28,iPhone 13 Case,2,500,Mombasa
108999,2025-05-18,Samsung A35 Case,3,2500,Kisumu
109000,2025-03-12,Screen Protector,5,800,Kisumu
109001,2025-03-02,Redmi Note 14 Case,5,800,Nakuru
109002,2025-02-04,Screen Protector,3,500,Mombasa
109003,2025-08-16,Charger,2,200,Mombasa
109004,2025-06-11,iPhone 13 Case,2,1200,Eldoret
109005,2025-02-20,Charger,2,800,Kisumu
109006,2025-04-08,Infinix Hot 40 Case,3,300,Mombasa
109007,2025-02-25,iPhone 13 Case,5,1200,Eldoret
109008,2025-05-26,Charger,5,800,Mombasa
109009,2025-05-09,Infinix Hot 40 Case,2,800,Mombasa
109010,2025-11-22,Earbuds,4,800,Eldoret
109011,2025-06-23,Redmi Note 14 Case,3,300,Nakuru
109012,2025-06-09,Power Bank,2,300,Nakuru
109013,2025-09-13,Charger,1,800,Nairobi
109014,2025-07-21,iPhone 13 Case,5,500,Nakuru
109015,2025-02-15,Screen Protector,1,2500,Kisumu
109016,2025-06-08,Redmi Note 14 Case,4,2500,Nakuru
109017,2025-04-21,Power Bank,5,800,Nakuru
109018,2025-11-24,Earbuds,3,2500,Nakuru
109019,2025-07-16,Screen Protector,3,200,Eldoret
109020,2025-02-01,Earbuds,1,2500,Kisumu
109021,2025-06-14,Tecno Spark 20 Case,2,500,Mombasa
109022,2025-12-09,Samsung A35 Case,4,1200,Mombasa
109023,2025-02-25,iPhone 13 Case,5,200,Nakuru
109024,2025-05-19,Charger,5,800,Eldoret
109025,2025-10-19,Screen Protector,3,500,Nairobi
109026,2025-07-03,Charger,3,1200,Mombasa
109027,2025-09-19,Infinix Hot 40 Case,1,1200,Nakuru
109028,2025-01-02,Screen Protector,2,800,Nakuru
109029,2025-09-18,Earbuds,2,800,Mombasa
109030,2025-06-18,iPhone 13 Case,4,200,Kisumu
109031,2025-11-08,iPhone 13 Case,3,500,Nairobi
109032,2025-12-17,Samsung A35 Case,4,500,Kisumu
109033,2025-04-30,Screen Protector,5,800,Mombasa
109034,2025-03-31,Screen Protector,5,800,Eldoret
109035,2025-08-18,Tecno Spark 20 Case,1,500,Kisumu
109036,2025-01-27,Earbuds,4,1200,Nairobi
109037,2025-03-30,Samsung A35 Case,3,1200,Mombasa
109038,2025-08-11,iPhone 13 Case,2,2500,Mombasa
109039,2025-12-20,Screen Protector,1,500,Eldoret
109040,2025-07-03,iPhone 13 Case,2,2500,Nairobi
109041,2025-01-13,Tecno Spark 20 Case,5,300,Kisumu
109042,2025-09-04,Samsung A16 Case,3,2500,Kisumu
109043,2025-02-18,Earbuds,3,-800,Nairobi
109044,2025-08-14,Redmi Note 14 Case,1,500,Nakuru
109045,2025-03-19,Samsung A35 Case,3,300,Mombasa
109046,2025-03-12,Screen Protector,5,800,Eldoret
109047,2025-11-06,Redmi Note 14 Case,3,500,Kisumu
109048,2025-01-10,Charger,5,800,Nairobi
109049,2025-06-06,Power Bank,2,1200,Nakuru
109050,2025-11-04,Tecno Spark 20 Case,1,2500,Eldoret
109051,2025-09-21,Tecno Spark 20 Case,1,800,Nairobi
109052,2025-09-11,Samsung A16 Case,2,500,Nairobi
109053,2025-11-22,Earbuds,2,800,Nairobi
109054,2025-04-28,Power Bank,two,2500,Nairobi
109055,2025-12-24,Redmi Note 14 Case,1,1200,Kisumu
109056,2025-09-03,redmi note 14 case,2,800,Mombasa
109057,2025-05-09,Samsung A35 Case,4,200,Nakuru
109058,2025-01-01,Samsung A35 Case,1,2500,Mombasa
109059,2025-03-23,Tecno Spark 20 Case,4,500,Nakuru
109060,2025-04-09,Earbuds,3,800,Nakuru
109061,2025-09-04,Charger,4,200,Nairobi
109062,2025-10-08,Tecno Spark 20 Case,1,800,Nairobi
109063,2025-10-10,Samsung A35 Case,5,2500,Kisumu
109064,2025-03-23,Screen Protector,3,2500,Nairobi
109065,2025-10-09,Infinix Hot 40 Case,4,2500,Kisumu
109066,2025-10-19,Samsung A35 Case,2,200,Nakuru
109067,,Redmi Note 14 Case,4,2500,Nairobi
109068,2025-07-16,,4,500,Nakuru
109069,2025-03-17,Earbuds,2,800,Nakuru
109070,2025-05-04,Power Bank,5,800,Kisumu
109071,2025-05-05,Redmi Note 14 Case,2,1200,Nairobi
109072,2025-12-18,Power Bank,5,800,Eldoret
109073,2025-11-22,,3,2500,Kisumu
109074,2025-11-05,Power Bank,4,300,Nairobi
109075,2025-02-10,Samsung A35 Case,3,2500,Nairobi
109076,,Charger,4,500,Mombasa
109077,2025-01-17,Infinix Hot 40 Case,1,200,Kisumu
109078,2025-12-08,Tecno Spark 20 Case,5,500,Mombasa
109079,2025-10-20,Samsung A35 Case,1,800,Nairobi
109080,2025-02-22,Screen Protector,1,200,Eldoret
109081,2025-07-08,Samsung A35 Case,5,800,Kisumu
109082,2025-02-22,iPhone 13 Case,two,300,Mombasa
109083,2025-03-28,power bank,2,1200,Nakuru
109084,2025-10-08,Redmi Note 14 Case,3,200,Mombasa
109085,2025-08-25,Tecno Spark 20 Case,4,200,Kisumu
109086,2025-04-06,Screen Protector,5,200,Nairobi
109087,2025-09-30,Infinix Hot 40 Case,4,800,Nairobi
109088,2025-11-14,Samsung A35 Case,3,2500,Nairobi
109089,2025-10-04,Samsung A35 Case,5,300,Kisumu
109090,2025-07-13,Charger,5,200,Nairobi
109091,2025-01-21,Screen Protector,3,300,Eldoret
109092,2025-05-31,Samsung A16 Case,2,1200,Nairobi
109093,2025-03-07,Tecno Spark 20 Case,2,2500,Mombasa
109094,2025-06-02,Charger,2,300,Eldoret
109095,2025-08-03,Samsung A35 Case,2,500,Eldoret
109096,2025-10-12,Samsung A35 Case,2,500,Eldoret
109097,2025-02-18,Redmi Note 14 Case,1,2500,Nairobi
109098,2025-01-15,Samsung A16 Case,3,-200,Nairobi
109099,2025-01-22,Screen Protector,4,2500,Eldoret
109100,2025-03-22,iphone 13 case,4,500,Mombasa
109101,2025-06-16,Samsung A35 Case,4,200,Nairobi
109102,2025-07-05,Infinix Hot 40 Case,4,200,Nairobi
109103,2025-10-31,Earbuds,2,500,Kisumu
109104,2025-02-24,Infinix Hot 40 Case,3,1200,Eldoret
109105,2025-11-21,Earbuds,3,500,Eldoret
109106,2025-01-27,Charger,5,2500,Eldoret
109107,2025-10-08,Samsung A35 Case,1,2500,Nairobi
109108,2025-05-25,Samsung A35 Case,3,2500,Nairobi
109109,2025-10-24,Tecno Spark 20 Case,5,800,Mombasa
109110,2025-03-07,Samsung A16 Case,4,200,Kisumu
109111,2025-10-14,Tecno Spark 20 Case,1,1200,Nairobi
109112,2025-04-10,Redmi Note 14 Case,5,1200,Nairobi
109113,2025-08-11,Tecno Spark 20 Case,5,300,Eldoret
109114,2025-07-30,Tecno Spark 20 Case,3,2500,Kisumu
109115,2025-09-19,iPhone 13 Case,5,2500,Mombasa
109116,2025-09-14,Earbuds,4,200,Nakuru
109117,2025-02-22,Infinix Hot 40 Case,4,2500,Nakuru
109118,2025-11-04,Infinix Hot 40 Case,3,300,Eldoret
109119,2025-02-22,Tecno Spark 20 Case,4,1200,Eldoret
109120,2025-09-20,Earbuds,3,200,Nakuru
109121,2025-09-13,Screen Protector,3,1200,Nakuru
109122,2025-05-22,Earbuds,3,500,Nakuru
109123,2025-05-15,Infinix Hot 40 Case,3,500,Nakuru
109124,2025-09-20,iPhone 13 Case,3,500,Nairobi
109125,2025-01-18,Infinix Hot 40 Case,5,200,Nakuru
109126,2025-04-02,Screen Protector,4,1200,Mombasa
109127,2025-11-11,Samsung A35 Case,2,200,Nairobi
109128,2025-08-26,Power Bank,3,1200,Nairobi
109129,2025-04-19,Power Bank,2,300,Nairobi
109130,2025-09-10,samsung a35 case,3,500,Kisumu
109131,2025-12-05,Screen Protector,1,200,Nakuru
109132,2025-05-19,Earbuds,5,300,Mombasa
109133,2025-04-21,Screen Protector,4,300,Nairobi
109134,2025-12-28,Samsung A35 Case,4,500,Nakuru
109135,2025-05-18,redmi note 14 case,4,2500,Nakuru
109136,2025-11-29,iPhone 13 Case,5,1200,Nairobi
109137,2025-02-20,Samsung A35 Case,2,300,Nairobi
109138,2025-05-09,Redmi Note 14 Case,5,500,Mombasa
109139,,Power Bank,2,1200,Nairobi
109140,,Screen Protector,3,200,Kisumu
109141,2025-05-23,Redmi Note 14 Case,2,800,Mombasa
109142,2025-12-05,Charger,2,1200,Eldoret
109143,2025-11-27,Screen Protector,1,500,Eldoret
109144,2025-01-18,Infinix Hot 40 Case,1,2500,Mombasa
109145,2025-08-31,Tecno Spark 20 Case,1,300,Kisumu
109146,2025-08-11,Charger,2,500,Nairobi
109147,,Earbuds,3,1200,Nairobi
109148,2025-11-15,Power Bank,3,800,Mombasa
109149,2025-10-01,Earbuds,5,2500,Nairobi
109150,2025-10-08,Power Bank,4,200,Eldoret
109151,2025-10-22,Tecno Spark 20 Case,4,1200,Nairobi
109152,2025-03-03,Screen Protector,5,1200,Eldoret
109153,2025-04-28,Tecno Spark 20 Case,1,500,Eldoret
109154,2025-10-26,Screen Protector,2,200,Eldoret
109155,2025-02-05,Charger,2,300,Eldoret
109156,2025-02-24,Tecno Spark 20 Case,5,800,Eldoret
109157,2025-03-24,Redmi Note 14 Case,3,500,Mombasa
109158,2025-10-02,Earbuds,1,500,Nairobi
109159,2025-02-20,Charger,1,1200,Nakuru
109160,2025-07-15,iPhone 13 Case,4,800,Mombasa
109161,2025-11-16,Infinix Hot 40 Case,1,200,Nairobi
109162,2025-10-09,Charger,3,300,Nakuru
109163,2025-12-15,Samsung A16 Case,4,800,Nakuru
109164,2025-03-21,samsung a16 case,5,2500,Nairobi
109165,2025-08-07,Earbuds,5,200,Nairobi
109166,2025-07-14,iPhone 13 Case,2,500,Nairobi
109167,2025-10-09,Samsung A35 Case,3,800,Nakuru
109168,2025-02-27,iPhone 13 Case,1,2500,Nairobi
109169,2025-10-29,,2,300,Kisumu
109170,2025-10-03,Samsung A16 Case,3,500,Nakuru
109171,2025-11-28,Samsung A35 Case,3,800,Eldoret
109172,2025-12-31,Infinix Hot 40 Case,4,800,Eldoret
109173,2025-03-07,Charger,3,500,Nairobi
109174,2025-09-22,Redmi Note 14 Case,5,300,Eldoret
109175,2025-09-30,Charger,3,200,Kisumu
109176,2025-04-23,Power Bank,4,200,Eldoret
109177,2025-06-22,iPhone 13 Case,3,1200,Nairobi
109178,2025-06-08,Power Bank,5,2500,Nakuru
109179,2025-01-26,Redmi Note 14 Case,4,1200,Kisumu
109180,2025-09-23,Infinix Hot 40 Case,3,500,Nairobi
109181,2025-01-26,Samsung A35 Case,5,1200,Eldoret
109182,2025-05-06,Charger,3,800,Nairobi
109183,2025-08-30,Charger,3,1200,Kisumu
109184,2025-08-07,redmi note 14 case,1,500,Mombasa
109185,2025-10-19,Samsung A35 Case,2,1200,Kisumu
109186,2025-11-13,Infinix Hot 40 Case,4,-800,Nakuru
109187,2025-03-17,Charger,1,-300,Eldoret
109188,2025-04-15,Charger,4,300,Nakuru
109189,2025-12-17,Samsung A16 Case,4,300,Mombasa
109190,2025-05-08,Infinix Hot 40 Case,5,200,Nairobi
109191,2025-11-30,Charger,4,800,Mombasa
109192,2025-02-28,Samsung A35 Case,5,800,Eldoret
109193,2025-03-29,Screen Protector,1,1200,Eldoret
109194,2025-09-30,Tecno Spark 20 Case,3,500,Kisumu
109195,2025-02-24,Charger,1,1200,Mombasa
109196,2025-12-03,Earbuds,1,500,Nairobi
109197,2025-08-07,Samsung A16 Case,3,2500,Nakuru
109198,2025-12-08,Infinix Hot 40 Case,2,800,Kisumu
109199,2025-02-14,Charger,5,500,Nakuru
109200,2025-10-05,Charger,1,500,Nairobi
109201,2025-02-24,Power Bank,1,2500,Nakuru
109202,2025-08-23,iPhone 13 Case,3,1200,Kisumu
109203,2025-12-19,Tecno Spark 20 Case,2,300,Nakuru
109204,2025-10-02,Charger,3,1200,Nairobi
109205,2025-03-04,Infinix Hot 40 Case,1,500,Nakuru
109206,2025-05-14,Samsung A35 Case,2,200,Kisumu
109207,2025-12-21,Infinix Hot 40 Case,1,1200,Mombasa
109208,2025-03-28,Samsung A16 Case,2,2500,Eldoret
109209,2025-03-22,Samsung A35 Case,2,500,Eldoret
109210,2025-07-09,Tecno Spark 20 Case,4,200,Mombasa
109211,2025-06-18,Charger,3,500,Nairobi
109212,2025-06-17,Power Bank,2,1200,Nakuru
109213,2025-10-24,Earbuds,1,500,Kisumu
109214,2025-04-15,Screen Protector,2,800,Eldoret
109215,2025-12-18,Screen Protector,3,2500,Nakuru
109216,2025-05-30,Power Bank,4,200,Kisumu
109217,2025-11-06,,2,2500,Nakuru
109218,2025-06-10,Samsung A35 Case,2,200,Kisumu
109219,2025-10-05,Screen Protector,1,200,Mombasa
109220,2025-03-09,Redmi Note 14 Case,5,800,Kisumu
109221,2025-03-17,Screen Protector,2,500,Nakuru
109222,2025-07-28,Infinix Hot 40 Case,4,1200,Nairobi
109223,,Infinix Hot 40 Case,3,200,Nairobi
109224,2025-02-21,Screen Protector,5,500,Mombasa
109225,2025-01-16,iPhone 13 Case,2,800,Nairobi
109226,2025-12-04,Tecno Spark 20 Case,5,1200,Nairobi
109227,2025-07-12,Tecno Spark 20 Case,4,1200,Nairobi
109228,2025-09-24,Screen Protector,3,-300,Nakuru
109229,2025-02-01,Samsung A35 Case,3,1200,Nakuru
109230,2025-12-12,iPhone 13 Case,4,1200,Kisumu
109231,2025-11-11,Power Bank,1,2500,Kisumu
109232,2025-12-19,Charger,5,-1200,Kisumu
109233,2025-07-18,Earbuds,2,2500,Kisumu
109234,2025-01-29,Samsung A35 Case,5,300,Eldoret
109235,2025-02-16,iPhone 13 Case,4,800,Nairobi
109236,2025-10-25,Tecno Spark 20 Case,2,800,Eldoret
109237,2025-03-25,Redmi Note 14 Case,4,800,Mombasa
109238,2025-01-06,Charger,3,300,Nairobi
109239,2025-03-06,Redmi Note 14 Case,3,200,Kisumu
109240,2025-07-12,Charger,5,300,Nairobi
109241,2025-09-03,Earbuds,3,300,Eldoret
109242,2025-10-09,Power Bank,1,2500,Kisumu
109243,2025-11-18,Samsung A35 Case,2,2500,Mombasa
109244,2025-11-09,iPhone 13 Case,4,200,Eldoret
109245,2025-10-13,redmi note 14 case,2,500,Nakuru
109246,2025-05-19,Power Bank,5,500,Kisumu
109247,2025-08-04,Redmi Note 14 Case,4,1200,Eldoret
109248,2025-09-28,Earbuds,3,500,Mombasa
109249,2025-06-19,Tecno Spark 20 Case,4,200,Nakuru
109250,2025-10-30,Screen Protector,2,800,Mombasa
109251,2025-05-30,Earbuds,5,800,Kisumu
109252,2025-04-11,Earbuds,5,500,Kisumu
109253,2025-11-07,Tecno Spark 20 Case,4,200,Eldoret
109254,2025-01-29,Charger,3,200,Kisumu
109255,2025-12-23,Earbuds,2,2500,Mombasa
109256,2025-11-09,Redmi Note 14 Case,4,1200,Nairobi
109257,2025-03-28,Samsung A35 Case,5,800,Nairobi
109258,2025-11-24,Charger,1,200,Nakuru
109259,2025-04-28,Redmi Note 14 Case,2,800,Eldoret
109260,2025-03-23,Earbuds,2,300,Eldoret
109261,,Tecno Spark 20 Case,1,500,Eldoret
109262,2025-08-01,Samsung A16 Case,3,2500,Nairobi
109263,2025-05-19,Earbuds,5,800,Nakuru
109264,2025-09-09,iPhone 13 Case,3,2500,Nairobi
109265,2025-12-07,Earbuds,3,300,Eldoret
109266,2025-07-09,Charger,2,2500,Nairobi
109267,2025-03-04,iPhone 13 Case,3,1200,Nairobi
109268,2025-08-25,Redmi Note 14 Case,1,1200,Nakuru
109269,2025-03-01,Power Bank,3,300,Kisumu
109270,2025-02-26,Charger,3,1200,Nairobi
109271,2025-10-14,Tecno Spark 20 Case,2,2500,Nairobi
109272,2025-08-27,Samsung A35 Case,5,200,Kisumu
109273,2025-01-31,iPhone 13 Case,2,300,Eldoret
109274,2025-01-11,Earbuds,3,300,Mombasa
109275,2025-03-13,screen protector,3,300,Kisumu
109276,,iPhone 13 Case,4,1200,Eldoret
109277,,Tecno Spark 20 Case,4,800,Nairobi
109278,2025-11-29,iPhone 13 Case,2,300,Eldoret
109279,2025-09-16,Samsung A35 Case,1,300,Nairobi
109280,2025-11-29,Screen Protector,1,1200,Kisumu
109281,2025-06-22,iPhone 13 Case,5,200,Mombasa
109282,2025-02-16,Samsung A16 Case,5,500,Eldoret
109283,2025-02-03,Redmi Note 14 Case,2,300,Mombasa
109284,2025-10-16,Earbuds,3,500,Nakuru
109285,2025-02-28,Power Bank,3,500,Nairobi
109286,2025-07-18,Earbuds,3,200,Nairobi
109287,2025-09-28,iPhone 13 Case,3,800,Nakuru
109288,2025-03-24,Samsung A35 Case,3,500,Kisumu
109289,2025-04-26,iPhone 13 Case,2,500,Eldoret
109290,2025-01-07,Infinix Hot 40 Case,2,800,Kisumu
109291,2025-09-13,Earbuds,3,300,Nakuru
109292,,,2,800,Kisumu
109293,2025-05-16,iPhone 13 Case,5,500,Nairobi
109294,2025-09-15,Power Bank,4,800,Nairobi
109295,2025-01-24,Tecno Spark 20 Case,4,200,Kisumu
109296,2025-01-22,Redmi Note 14 Case,3,200,Eldoret
109297,,Redmi Note 14 Case,4,1200,Mombasa
109298,2025-08-11,iPhone 13 Case,1,300,Mombasa
109299,2025-07-10,Earbuds,3,300,Kisumu
109300,2025-01-11,Power Bank,4,2500,Eldoret
109301,2025-02-25,Tecno Spark 20 Case,5,800,Eldoret
109302,2025-10-30,Screen Protector,4,-200,Nairobi
109303,2025-09-05,Samsung A16 Case,2,300,Eldoret
109304,2025-01-22,Screen Protector,2,1200,Nairobi
109305,2025-09-20,Earbuds,5,500,Nakuru
109306,2025-02-07,Screen Protector,5,200,Nakuru
109307,2025-03-30,Screen Protector,two,800,Nakuru
109308,2025-02-23,Samsung A16 Case,4,800,Eldoret
109309,2025-02-10,Earbuds,5,1200,Nairobi
109310,,Earbuds,4,1200,Mombasa
109311,2025-04-11,Charger,2,300,Kisumu
109312,,Redmi Note 14 Case,1,500,Eldoret
109313,2025-04-05,Power Bank,2,500,Mombasa
109314,2025-10-12,Redmi Note 14 Case,1,500,Mombasa
109315,2025-11-21,Infinix Hot 40 Case,4,1200,Eldoret
109316,2025-08-22,Redmi Note 14 Case,2,800,Nakuru
109317,2025-09-28,iPhone 13 Case,5,500,Eldoret
109318,2025-04-30,Earbuds,3,2500,Nakuru
109319,2025-04-03,Tecno Spark 20 Case,5,300,Eldoret
109320,2025-06-26,Samsung A35 Case,2,500,Nairobi
109321,2025-05-09,Charger,5,500,Nakuru
109322,2025-03-05,iPhone 13 Case,4,500,Nakuru
109323,2025-08-05,Tecno Spark 20 Case,1,1200,Eldoret
109324,2025-09-27,Samsung A16 Case,4,1200,Mombasa
109325,2025-05-28,iPhone 13 Case,4,1200,Mombasa
109326,2025-03-28,Tecno Spark 20 Case,3,300,Nakuru
109327,2025-12-06,Infinix Hot 40 Case,1,1200,Mombasa
109328,2025-12-08,iPhone 13 Case,3,800,Nairobi
109329,2025-04-05,Infinix Hot 40 Case,3,1200,Kisumu
109330,2025-12-16,Charger,1,800,Mombasa
109331,2025-11-24,Earbuds,4,2500,Nairobi
109332,2025-02-04,Samsung A35 Case,5,300,Nairobi
109333,2025-12-14,Samsung A35 Case,1,800,Nairobi
109334,2025-09-01,Samsung A35 Case,2,300,Nairobi
109335,2025-08-27,Samsung A16 Case,4,800,Kisumu
109336,2025-11-19,Redmi Note 14 Case,3,2500,Mombasa
109337,2025-04-28,Charger,1,200,Nakuru
109338,2025-11-27,Tecno Spark 20 Case,1,800,Nairobi
109339,2025-11-14,iPhone 13 Case,2,2500,Eldoret
109340,2025-04-18,Redmi Note 14 Case,3,1200,Nakuru
109341,2025-05-21,Infinix Hot 40 Case,3,800,Eldoret
109342,2025-09-22,Samsung A35 Case,1,1200,Eldoret
109343,2025-10-14,Infinix Hot 40 Case,3,500,Eldoret
109344,2025-10-28,Samsung A35 Case,3,300,Nakuru
109345,2025-09-14,Infinix Hot 40 Case,5,1200,Mombasa
109346,2025-05-11,iPhone 13 Case,3,800,Kisumu
109347,2025-10-16,Charger,1,2500,Nairobi
109348,2025-05-26,iPhone 13 Case,2,800,Mombasa
109349,2025-04-15,tecno spark 20 case,2,200,Mombasa
109350,2025-08-27,Samsung A16 Case,1,2500,Mombasa
109351,,Infinix Hot 40 Case,3,500,Kisumu
109352,2025-08-22,,4,1200,Mombasa
109353,2025-09-19,Screen Protector,1,2500,Nairobi
109354,2025-08-22,Charger,1,1200,Nairobi
109355,2025-04-01,Power Bank,4,2500,Eldoret
109356,2025-07-17,Screen Protector,5,-800,Nakuru
109357,2025-10-23,earbuds,3,1200,Kisumu
109358,2025-11-18,Tecno Spark 20 Case,1,500,Nakuru
109359,2025-04-26,Infinix Hot 40 Case,3,300,Kisumu
109360,2025-07-25,Tecno Spark 20 Case,2,2500,Mombasa
109361,2025-04-04,Earbuds,4,2500,Nakuru
109362,,iPhone 13 Case,3,200,Eldoret
109363,2025-07-05,Tecno Spark 20 Case,5,300,Mombasa
109364,2025-10-01,Infinix Hot 40 Case,5,800,Nairobi
109365,2025-11-22,Earbuds,1,300,Kisumu
109366,2025-04-05,Power Bank,2,800,Eldoret
109367,2025-10-27,Power Bank,3,800,Eldoret
109368,2025-08-28,Redmi Note 14 Case,4,300,Mombasa
109369,2025-10-08,Charger,2,2500,Mombasa
109370,2025-06-16,Infinix Hot 40 Case,4,500,Eldoret
109371,2025-08-23,Samsung A16 Case,5,500,Kisumu
109372,2025-09-13,Charger,3,2500,Kisumu
109373,2025-01-04,Earbuds,4,2500,Eldoret
109374,2025-01-16,iPhone 13 Case,4,800,Mombasa
109375,2025-01-19,Power Bank,5,800,Nairobi
109376,2025-04-03,iPhone 13 Case,5,300,Eldoret
109377,2025-01-17,Earbuds,2,800,Nakuru
109378,2025-08-25,Power Bank,1,300,Nairobi
109379,2025-01-03,Samsung A35 Case,1,800,Kisumu
109380,2025-06-22,Power Bank,4,800,Mombasa
109381,2025-01-24,Infinix Hot 40 Case,3,500,Eldoret
109382,2025-02-09,Redmi Note 14 Case,5,300,Mombasa
109383,2025-05-20,Samsung A35 Case,2,1200,Eldoret
109384,2025-04-18,Infinix Hot 40 Case,2,800,Nakuru
109385,2025-04-14,Charger,3,2500,Kisumu
109386,2025-12-10,Tecno Spark 20 Case,3,200,Mombasa
109387,2025-08-25,iPhone 13 Case,2,800,Nakuru
109388,2025-12-17,Earbuds,1,1200,Nakuru
109389,2025-11-05,Samsung A16 Case,5,300,Nakuru
109390,2025-12-24,Tecno Spark 20 Case,3,200,Eldoret
109391,2025-02-27,Samsung A16 Case,4,800,Eldoret
109392,2025-06-22,Redmi Note 14 Case,2,500,Mombasa
109393,2025-02-05,Screen Protector,5,500,Mombasa
109394,2025-10-23,charger,2,500,Eldoret
109395,2025-01-18,iPhone 13 Case,4,200,Nairobi
109396,2025-01-01,Samsung A35 Case,4,500,Kisumu
109397,2025-05-26,samsung a35 case,1,300,Mombasa
109398,2025-08-15,Samsung A16 Case,2,500,Eldoret
109399,2025-07-20,Samsung A35 Case,2,1200,Kisumu
109400,2025-06-28,Charger,4,1200,Kisumu
109401,2025-09-27,Infinix Hot 40 Case,2,2500,Eldoret
109402,2025-03-07,Screen Protector,2,1200,Eldoret
109403,2025-09-02,Screen Protector,5,800,Kisumu
109404,2025-03-13,charger,3,1200,Kisumu
109405,2025-02-18,iPhone 13 Case,2,2500,Nakuru
109406,,Earbuds,1,800,Nakuru
109407,2025-06-10,iPhone 13 Case,1,800,Nairobi
109408,2025-12-10,,4,300,Eldoret
109409,2025-03-18,Screen Protector,1,500,Nairobi
109410,2025-02-04,Screen Protector,2,500,Nakuru
109411,2025-11-26,Charger,5,300,Nakuru
109412,2025-05-04,iPhone 13 Case,4,800,Nairobi
109413,2025-11-06,Tecno Spark 20 Case,4,800,Kisumu
109414,2025-11-12,Samsung A35 Case,4,800,Nairobi
109415,2025-03-26,Earbuds,4,300,Nakuru
109416,2025-10-06,Power Bank,5,2500,Eldoret
109417,2025-03-14,Samsung A16 Case,5,800,Nakuru
109418,2025-12-03,Screen Protector,1,2500,Eldoret
109419,,iPhone 13 Case,4,300,Nairobi
109420,2025-11-25,,4,200,Kisumu
109421,2025-02-01,iphone 13 case,2,500,Eldoret
109422,2025-10-16,Redmi Note 14 Case,2,300,Nairobi
109423,2025-01-26,Charger,5,2500,Nairobi
109424,2025-06-21,iPhone 13 Case,1,2500,Eldoret
109425,2025-02-06,Infinix Hot 40 Case,1,2500,Nakuru
109426,2025-01-13,,4,300,Mombasa
109427,2025-05-06,Infinix Hot 40 Case,1,300,Eldoret
109428,2025-11-12,Power Bank,1,500,Nakuru
109429,2025-10-26,Redmi Note 14 Case,3,800,Mombasa
109430,2025-09-13,Infinix Hot 40 Case,3,2500,Nairobi
109431,2025-02-16,Tecno Spark 20 Case,1,2500,Nakuru
109432,2025-05-03,Screen Protector,1,2500,Mombasa
109433,2025-02-05,Samsung A35 Case,2,2500,Nairobi
109434,2025-10-12,Charger,3,1200,Eldoret
109435,2025-09-13,Charger,2,800,Kisumu
109436,,Infinix Hot 40 Case,4,300,Nakuru
109437,2025-01-21,Redmi Note 14 Case,3,200,Nairobi
109438,2025-07-26,Power Bank,4,300,Nairobi
109439,2025-02-06,Redmi Note 14 Case,3,1200,Eldoret
109440,2025-04-28,Power Bank,1,200,Nairobi
109441,2025-11-07,Samsung A16 Case,2,300,Mombasa
109442,2025-06-20,Screen Protector,3,500,Nairobi
109443,2025-04-17,iPhone 13 Case,1,300,Kisumu
109444,2025-01-07,Earbuds,2,800,Mombasa
109445,2025-01-02,iPhone 13 Case,2,1200,Nairobi
109446,2025-01-07,Screen Protector,4,500,Mombasa
109447,2025-01-12,Samsung A16 Case,4,200,Kisumu
109448,2025-03-19,iPhone 13 Case,2,200,Kisumu
109449,2025-10-06,Tecno Spark 20 Case,2,800,Eldoret
109450,2025-02-25,Power Bank,2,500,Kisumu
109451,2025-05-27,Samsung A16 Case,4,1200,Nakuru
109452,2025-07-06,Samsung A35 Case,4,200,Kisumu
109453,2025-09-10,Power Bank,3,800,Eldoret
109454,2025-01-04,Screen Protector,1,200,Kisumu
109455,2025-05-21,Infinix Hot 40 Case,3,800,Nakuru
109456,2025-12-15,Charger,5,200,Kisumu
109457,2025-01-02,Redmi Note 14 Case,1,800,Eldoret
109458,2025-04-30,Infinix Hot 40 Case,5,2500,Kisumu
109459,2025-12-15,Tecno Spark 20 Case,3,300,Eldoret
109460,2025-01-09,iPhone 13 Case,3,500,Nakuru
109461,2025-01-10,Charger,1,200,Eldoret
109462,,iPhone 13 Case,1,500,Kisumu
109463,2025-04-11,,1,300,Mombasa
109464,2025-03-24,Charger,4,-300,Eldoret
109465,2025-12-11,Redmi Note 14 Case,5,1200,Nakuru
109466,2025-11-07,,3,200,Nakuru
109467,2025-01-15,Samsung A35 Case,4,2500,Mombasa
109468,2025-01-21,Infinix Hot 40 Case,2,200,Mombasa
109469,2025-11-18,Redmi Note 14 Case,3,500,Mombasa
109470,2025-08-04,iPhone 13 Case,5,500,Mombasa
109471,2025-09-03,iPhone 13 Case,5,1200,Nakuru
109472,2025-09-19,Power Bank,2,2500,Eldoret
109473,2025-12-04,Infinix Hot 40 Case,3,300,Kisumu
109474,2025-04-06,Samsung A35 Case,1,800,Mombasa
109475,2025-03-06,Screen Protector,1,1200,Nairobi
109476,2025-12-23,Charger,2,2500,Nairobi
109477,2025-01-31,Charger,2,800,Nakuru
109478,2025-02-28,Infinix Hot 40 Case,2,200,Nairobi
109479,2025-05-04,Power Bank,4,300,Mombasa
109480,2025-10-09,Samsung A35 Case,5,1200,Mombasa
109481,2025-01-17,Infinix Hot 40 Case,4,500,Mombasa
109482,2025-01-09,iPhone 13 Case,5,1200,Mombasa
109483,2025-11-27,Redmi Note 14 Case,1,-500,Kisumu
109484,2025-01-27,Charger,5,200,Nairobi
109485,2025-07-07,Infinix Hot 40 Case,4,200,Kisumu
109486,2025-08-22,Earbuds,4,1200,Kisumu
109487,2025-12-06,Charger,4,1200,Eldoret
109488,2025-06-04,Charger,2,1200,Kisumu
109489,2025-10-12,Redmi Note 14 Case,1,300,Kisumu
109490,2025-10-21,Tecno Spark 20 Case,5,2500,Kisumu
109491,2025-08-31,Tecno Spark 20 Case,5,1200,Nairobi
109492,2025-09-06,Tecno Spark 20 Case,4,300,Nakuru
109493,2025-02-04,charger,5,2500,Eldoret
109494,2025-11-13,Charger,2,200,Eldoret
109495,2025-01-09,Infinix Hot 40 Case,3,200,Kisumu
109496,2025-04-15,Samsung A35 Case,4,300,Eldoret
109497,2025-10-23,Screen Protector,1,500,Nairobi
109498,2025-03-10,Earbuds,1,200,Nairobi
109499,2025-05-30,Redmi Note 14 Case,5,800,Kisumu
109500,2025-02-27,Tecno Spark 20 Case,4,500,Mombasa
109501,2025-12-19,,4,300,Nairobi
109502,2025-07-22,Redmi Note 14 Case,4,-200,Eldoret
109503,2025-01-26,Screen Protector,1,200,Kisumu
109504,2025-01-27,Redmi Note 14 Case,2,1200,Mombasa
109505,2025-03-12,Redmi Note 14 Case,1,300,Eldoret
109506,2025-12-27,iPhone 13 Case,4,800,Kisumu
109507,2025-11-10,Samsung A16 Case,3,1200,Nairobi
109508,2025-12-30,Charger,3,1200,Mombasa
109509,2025-06-13,,5,2500,Kisumu
109510,2025-03-06,Charger,2,800,Nairobi
109511,2025-08-16,Redmi Note 14 Case,1,800,Nairobi
109512,2025-06-29,Charger,4,800,Eldoret
109513,2025-09-09,,3,800,Eldoret
109514,2025-12-27,Charger,4,1200,Nakuru
109515,2025-06-15,Redmi Note 14 Case,5,200,Nakuru
109516,2025-03-08,Power Bank,1,500,Nairobi
109517,2025-12-08,Redmi Note 14 Case,5,1200,Nairobi
109518,,Samsung A16 Case,3,2500,Nakuru
109519,,Samsung A35 Case,3,2500,Nairobi
109520,2025-09-10,Earbuds,5,2500,Nakuru
109521,2025-07-18,Infinix Hot 40 Case,5,300,Eldoret
109522,2025-09-21,Earbuds,3,1200,Nairobi
109523,2025-12-25,Tecno Spark 20 Case,4,300,Mombasa
109524,2025-02-01,,5,800,Eldoret
109525,2025-01-30,screen protector,3,300,Kisumu
109526,2025-10-22,Screen Protector,5,500,Nairobi
109527,2025-01-22,Infinix Hot 40 Case,4,2500,Nairobi
109528,2025-08-02,Charger,2,1200,Mombasa
109529,2025-06-20,samsung a16 case,2,800,Nairobi
109530,2025-03-18,iPhone 13 Case,2,800,Eldoret
109531,2025-07-06,Tecno Spark 20 Case,4,800,Nairobi
109532,2025-09-19,Screen Protector,1,800,Eldoret
109533,2025-03-18,Charger,2,2500,Nakuru
109534,2025-08-02,Charger,5,2500,Nairobi
109535,2025-04-19,Redmi Note 14 Case,3,200,Mombasa
109536,2025-07-17,Charger,1,2500,Nairobi
109537,2025-08-09,iPhone 13 Case,2,200,Kisumu
109538,2025-03-18,Tecno Spark 20 Case,1,500,Eldoret
109539,2025-03-06,Samsung A35 Case,1,1200,Nairobi
109540,2025-01-18,Tecno Spark 20 Case,4,2500,Eldoret
109541,2025-03-04,iPhone 13 Case,1,800,Nakuru
109542,2025-01-09,Screen Protector,4,300,Nairobi
109543,2025-11-08,Charger,3,300,Nairobi
109544,2025-02-23,Power Bank,5,200,Nairobi
109545,2025-08-12,Redmi Note 14 Case,3,800,Nairobi
109546,2025-07-14,Redmi Note 14 Case,5,300,Mombasa
109547,2025-03-19,Screen Protector,4,800,Mombasa
109548,,Power Bank,5,200,Nairobi
109549,2025-06-26,Redmi Note 14 Case,4,1200,Nairobi
109550,2025-04-15,Infinix Hot 40 Case,4,300,Kisumu
109551,2025-05-23,iPhone 13 Case,2,2500,Mombasa
109552,2025-08-17,Infinix Hot 40 Case,1,1200,Mombasa
109553,2025-11-13,Redmi Note 14 Case,1,500,Nakuru
109554,2025-02-12,Samsung A16 Case,4,500,Eldoret
109555,2025-07-13,Infinix Hot 40 Case,5,800,Kisumu
109556,2025-07-04,Samsung A16 Case,3,200,Kisumu
109557,2025-04-12,Charger,2,500,Eldoret
109558,2025-10-08,Redmi Note 14 Case,3,1200,Eldoret
109559,2025-12-09,Power Bank,3,300,Kisumu
109560,2025-12-24,iPhone 13 Case,5,1200,Nakuru
109561,2025-08-28,Redmi Note 14 Case,4,200,Mombasa
109562,2025-03-23,Screen Protector,1,2500,Mombasa
109563,2025-06-20,Infinix Hot 40 Case,1,800,Nakuru
109564,2025-01-14,Power Bank,4,2500,Eldoret
109565,2025-11-18,Earbuds,5,800,Mombasa
109566,2025-07-21,Tecno Spark 20 Case,4,800,Mombasa
109567,2025-02-22,Earbuds,3,300,Nakuru
109568,2025-08-08,iPhone 13 Case,4,200,Mombasa
109569,2025-08-07,Redmi Note 14 Case,5,300,Nairobi
109570,2025-01-22,Samsung A35 Case,2,1200,Mombasa
109571,2025-11-25,Screen Protector,3,200,Nakuru
109572,2025-12-28,,3,500,Kisumu
109573,2025-06-28,redmi note 14 case,5,300,Nairobi
109574,2025-02-18,Earbuds,3,300,Mombasa
109575,2025-09-12,iPhone 13 Case,5,-1200,Eldoret
109576,2025-02-03,Samsung A16 Case,1,300,Kisumu
109577,2025-03-17,Redmi Note 14 Case,5,200,Mombasa
109578,2025-12-06,Infinix Hot 40 Case,2,2500,Nairobi
109579,2025-12-31,Tecno Spark 20 Case,4,800,Nakuru
109580,2025-09-15,Redmi Note 14 Case,1,800,Eldoret
109581,2025-10-30,Screen Protector,4,200,Kisumu
109582,2025-02-21,iPhone 13 Case,3,1200,Nairobi
109583,2025-11-02,Infinix Hot 40 Case,5,300,Eldoret
109584,2025-11-23,Tecno Spark 20 Case,1,200,Mombasa
109585,2025-04-24,iPhone 13 Case,4,300,Nakuru
109586,2025-02-25,Tecno Spark 20 Case,4,800,Eldoret
109587,2025-12-18,Infinix Hot 40 Case,1,300,Eldoret
109588,2025-09-27,Tecno Spark 20 Case,4,1200,Kisumu
109589,2025-05-05,iPhone 13 Case,1,500,Nairobi
109590,2025-08-18,Redmi Note 14 Case,1,500,Kisumu
109591,2025-06-26,Tecno Spark 20 Case,5,-800,Nakuru
109592,2025-11-02,Power Bank,4,1200,Mombasa
109593,2025-12-20,Charger,3,500,Nakuru
109594,2025-02-06,Tecno Spark 20 Case,2,800,Nairobi
109595,2025-10-20,Screen Protector,two,1200,Nairobi
109596,2025-01-12,Tecno Spark 20 Case,1,2500,Nakuru
109597,2025-02-23,,1,800,Kisumu
109598,2025-02-27,Tecno Spark 20 Case,5,800,Eldoret
109599,2025-03-14,Redmi Note 14 Case,3,2500,Nakuru
109600,2025-09-25,Infinix Hot 40 Case,4,800,Mombasa
109601,2025-03-12,Samsung A16 Case,1,200,Nakuru
109602,2025-10-27,Power Bank,4,2500,Nairobi
109603,2025-04-01,Charger,5,1200,Eldoret
109604,2025-01-16,Charger,5,200,Eldoret
109605,2025-04-05,Samsung A16 Case,1,300,Eldoret
109606,2025-07-25,Redmi Note 14 Case,1,2500,Nairobi
109607,2025-10-13,Earbuds,4,500,Nakuru
109608,2025-02-15,iPhone 13 Case,3,500,Kisumu
109609,2025-08-17,Screen Protector,5,800,Nairobi
109610,2025-08-22,Redmi Note 14 Case,1,200,Eldoret
109611,2025-11-14,Samsung A35 Case,3,800,Mombasa
109612,2025-05-26,,5,2500,Kisumu
109613,2025-12-06,Charger,4,-1200,Mombasa
109614,2025-09-17,Tecno Spark 20 Case,3,800,Nairobi
109615,2025-06-11,Samsung A35 Case,4,200,Nairobi
109616,2025-05-23,Power Bank,4,2500,Nakuru
109617,2025-04-30,Tecno Spark 20 Case,5,200,Mombasa
109618,2025-12-21,Samsung A35 Case,2,200,Nairobi
109619,2025-02-23,Samsung A16 Case,3,800,Kisumu
109620,2025-05-31,Redmi Note 14 Case,5,500,Eldoret
109621,2025-12-15,Screen Protector,5,2500,Mombasa
109622,2025-09-16,Samsung A16 Case,2,300,Nakuru
109623,2025-12-16,Earbuds,5,2500,Kisumu
109624,2025-05-19,Charger,1,300,Kisumu
109625,2025-10-24,Infinix Hot 40 Case,4,800,Kisumu
109626,2025-12-12,Screen Protector,1,500,Mombasa
109627,2025-02-25,Screen Protector,2,800,Eldoret
109628,2025-09-15,Charger,1,200,Nairobi
109629,2025-10-16,Redmi Note 14 Case,4,800,Nairobi
109630,2025-05-29,iPhone 13 Case,4,800,Mombasa
109631,2025-01-26,Screen Protector,1,2500,Mombasa
109632,2025-05-22,Samsung A16 Case,2,2500,Nakuru
109633,2025-10-25,Screen Protector,4,500,Mombasa
109634,,Infinix Hot 40 Case,4,1200,Nairobi
109635,2025-02-11,Tecno Spark 20 Case,4,2500,Eldoret
109636,2025-12-14,Samsung A35 Case,3,1200,Mombasa
109637,2025-10-25,iPhone 13 Case,5,1200,Nakuru
109638,2025-04-11,Infinix Hot 40 Case,1,1200,Kisumu
109639,,iPhone 13 Case,4,200,Mombasa
109640,2025-01-09,iPhone 13 Case,5,2500,Kisumu
109641,2025-11-14,Samsung A35 Case,4,2500,Kisumu
109642,2025-02-03,Tecno Spark 20 Case,5,200,Nakuru
109643,2025-10-25,Power Bank,2,200,Nairobi
109644,2025-04-28,Charger,2,800,Nakuru
109645,2025-04-10,Samsung A16 Case,5,1200,Nakuru
109646,2025-03-28,Infinix Hot 40 Case,2,200,Nairobi
109647,2025-05-04,Earbuds,3,1200,Nairobi
109648,2025-02-08,Earbuds,2,800,Kisumu
109649,2025-09-01,Tecno Spark 20 Case,2,1200,Nairobi
109650,2025-12-23,Earbuds,3,500,Nairobi
109651,2025-12-23,Infinix Hot 40 Case,5,1200,Nairobi
109652,2025-04-11,Charger,4,500,Nakuru
109653,2025-03-23,Earbuds,1,300,Nakuru
109654,2025-09-29,iPhone 13 Case,1,800,Nairobi
109655,2025-08-15,iPhone 13 Case,1,1200,Eldoret
109656,2025-02-07,Charger,4,200,Nairobi
109657,2025-09-10,Samsung A35 Case,4,2500,Kisumu
109658,2025-02-18,Screen Protector,5,500,Eldoret
109659,2025-01-23,Tecno Spark 20 Case,4,200,Kisumu
109660,2025-03-05,Earbuds,5,500,Kisumu
109661,2025-05-29,Earbuds,3,200,Mombasa
109662,2025-05-13,Screen Protector,5,300,Kisumu
109663,2025-05-12,Infinix Hot 40 Case,5,500,Mombasa
109664,2025-08-08,Power Bank,two,200,Nakuru
109665,2025-01-05,Charger,1,-200,Nairobi
109666,2025-11-27,iPhone 13 Case,1,500,Mombasa
109667,2025-08-24,Infinix Hot 40 Case,2,1200,Eldoret
109668,2025-11-08,Screen Protector,two,-2500,Mombasa
109669,2025-01-22,Power Bank,3,200,Kisumu
109670,2025-06-24,Infinix Hot 40 Case,2,1200,Mombasa
109671,2025-03-01,Redmi Note 14 Case,4,500,Kisumu
109672,2025-07-31,Tecno Spark 20 Case,3,1200,Kisumu
109673,2025-01-23,Samsung A35 Case,1,300,Eldoret
109674,2025-09-10,Screen Protector,5,800,Kisumu
109675,2025-12-06,Charger,2,200,Eldoret
109676,2025-08-02,Charger,4,1200,Nakuru
109677,2025-01-17,Samsung A35 Case,3,200,Eldoret
109678,2025-03-10,Charger,5,300,Kisumu
109679,2025-07-27,Earbuds,5,800,Nakuru
109680,2025-09-07,Earbuds,5,200,Eldoret
109681,2025-10-28,Samsung A16 Case,1,200,Kisumu
109682,2025-11-29,Charger,1,2500,Kisumu
109683,2025-12-13,Samsung A35 Case,2,1200,Nakuru
109684,2025-12-25,Power Bank,3,200,Eldoret
109685,2025-04-16,Samsung A35 Case,3,500,Nairobi
109686,2025-06-06,Samsung A16 Case,1,800,Mombasa
109687,2025-08-28,iPhone 13 Case,5,1200,Kisumu
109688,2025-04-19,Infinix Hot 40 Case,2,300,Mombasa
109689,2025-01-24,Samsung A16 Case,5,2500,Mombasa
109690,2025-09-09,Redmi Note 14 Case,3,500,Nairobi
109691,2025-07-28,Charger,3,500,Mombasa
109692,,Infinix Hot 40 Case,4,300,Nakuru
109693,2025-03-09,iPhone 13 Case,2,800,Nakuru
109694,2025-11-15,Tecno Spark 20 Case,2,300,Mombasa
109695,2025-03-24,Earbuds,2,800,Nakuru
109696,2025-06-06,Redmi Note 14 Case,5,500,Kisumu
109697,2025-10-11,Power Bank,4,200,Kisumu
109698,2025-04-22,Earbuds,2,500,Eldoret
109699,2025-05-13,Samsung A16 Case,1,800,Eldoret
109700,2025-12-12,iPhone 13 Case,two,200,Mombasa
109701,2025-09-17,Charger,5,1200,Nakuru
109702,2025-12-06,Screen Protector,3,1200,Nakuru
109703,2025-03-01,Samsung A16 Case,1,300,Kisumu
109704,2025-01-07,iPhone 13 Case,3,800,Mombasa
109705,2025-09-23,Samsung A16 Case,3,1200,Kisumu
109706,2025-09-08,Samsung A35 Case,4,800,Nairobi
109707,2025-10-26,Screen Protector,5,2500,Nakuru
109708,2025-04-09,Earbuds,1,500,Kisumu
109709,2025-07-01,iPhone 13 Case,4,1200,Kisumu
109710,2025-05-23,Screen Protector,3,300,Nakuru
109711,2025-05-12,iPhone 13 Case,3,2500,Mombasa
109712,2025-06-28,Infinix Hot 40 Case,2,800,Nairobi
109713,2025-01-18,Earbuds,3,200,Eldoret
109714,2025-04-07,Charger,2,2500,Mombasa
109715,2025-10-27,Infinix Hot 40 Case,3,500,Kisumu
109716,2025-04-21,Screen Protector,1,1200,Nairobi
109717,2025-11-23,Charger,4,1200,Mombasa
109718,2025-04-18,Samsung A35 Case,1,500,Eldoret
109719,2025-08-16,Tecno Spark 20 Case,3,300,Kisumu
109720,2025-09-05,Tecno Spark 20 Case,1,200,Nairobi
109721,2025-09-14,Redmi Note 14 Case,2,800,Nakuru
109722,2025-11-07,Infinix Hot 40 Case,5,200,Nairobi
109723,2025-09-02,Tecno Spark 20 Case,5,300,Kisumu
109724,2025-08-16,Earbuds,2,-200,Mombasa
109725,2025-07-13,Tecno Spark 20 Case,2,300,Eldoret
109726,2025-05-25,Samsung A35 Case,1,300,Kisumu
109727,2025-07-11,Infinix Hot 40 Case,4,1200,Nakuru
109728,,Power Bank,4,300,Kisumu
109729,2025-08-20,Tecno Spark 20 Case,5,800,Eldoret
109730,2025-02-21,Earbuds,1,800,Nakuru
109731,2025-01-31,Tecno Spark 20 Case,2,500,Mombasa
109732,2025-05-01,Samsung A16 Case,3,300,Kisumu
109733,2025-04-05,Infinix Hot 40 Case,3,800,Kisumu
109734,2025-12-21,Charger,5,300,Kisumu
109735,2025-07-24,Samsung A16 Case,3,1200,Eldoret
109736,2025-02-10,Earbuds,3,2500,Mombasa
109737,2025-10-04,Power Bank,4,500,Nakuru
109738,2025-03-12,iPhone 13 Case,1,800,Nakuru
109739,2025-07-18,Screen Protector,4,500,Eldoret
109740,2025-10-10,Infinix Hot 40 Case,2,1200,Nakuru
109741,2025-12-29,Charger,1,2500,Nairobi
109742,2025-03-26,Redmi Note 14 Case,2,1200,Mombasa
109743,2025-12-31,Power Bank,3,200,Eldoret
109744,2025-02-20,Earbuds,1,200,Nakuru
109745,2025-05-03,Infinix Hot 40 Case,2,2500,Nairobi
109746,2025-08-04,Power Bank,5,800,Kisumu
109747,2025-11-15,Tecno Spark 20 Case,2,2500,Eldoret
109748,2025-02-10,Redmi Note 14 Case,3,2500,Mombasa
109749,2025-02-28,Tecno Spark 20 Case,4,300,Mombasa
109750,2025-08-27,Screen Protector,4,300,Kisumu
109751,2025-11-28,Samsung A16 Case,5,200,Nairobi
109752,2025-09-21,Tecno Spark 20 Case,1,200,Kisumu
109753,2025-07-25,Samsung A16 Case,5,200,Kisumu
109754,2025-12-12,Infinix Hot 40 Case,3,800,Nairobi
109755,2025-07-05,Redmi Note 14 Case,2,300,Mombasa
109756,2025-10-01,Redmi Note 14 Case,two,500,Nakuru
109757,2025-01-02,Earbuds,4,300,Nairobi
109758,2025-04-27,Redmi Note 14 Case,two,200,Kisumu
109759,2025-12-03,Redmi Note 14 Case,2,1200,Mombasa
109760,2025-01-22,Redmi Note 14 Case,2,200,Eldoret
109761,2025-09-29,Charger,2,800,Nakuru
109762,2025-10-05,Infinix Hot 40 Case,3,1200,Nairobi
109763,2025-08-20,Samsung A35 Case,1,300,Kisumu
109764,2025-02-24,Charger,1,500,Kisumu
109765,2025-02-03,Tecno Spark 20 Case,1,1200,Nakuru
109766,2025-09-09,Samsung A16 Case,4,1200,Eldoret
109767,2025-01-11,Earbuds,2,1200,Kisumu
109768,2025-05-02,,3,1200,Kisumu
109769,2025-11-09,Power Bank,3,800,Kisumu
109770,2025-05-05,Samsung A35 Case,3,500,Eldoret
109771,2025-03-18,iPhone 13 Case,4,2500,Mombasa
109772,2025-08-24,Redmi Note 14 Case,3,-300,Mombasa
109773,2025-09-11,Samsung A35 Case,3,1200,Kisumu
109774,2025-10-04,Samsung A35 Case,5,800,Eldoret
109775,2025-08-13,Samsung A16 Case,5,1200,Kisumu
109776,2025-12-08,Charger,2,300,Nakuru
109777,2025-03-16,Charger,3,1200,Mombasa
109778,2025-12-05,Screen Protector,2,1200,Eldoret
109779,,Earbuds,5,500,Nakuru
109780,2025-10-04,iPhone 13 Case,2,200,Nakuru
109781,2025-01-12,Samsung A16 Case,3,200,Nairobi
109782,2025-09-28,iPhone 13 Case,3,200,Nairobi
109783,2025-05-21,Screen Protector,3,200,Kisumu
109784,2025-05-04,Redmi Note 14 Case,5,500,Nairobi
109785,2025-07-25,Tecno Spark 20 Case,3,200,Kisumu
109786,2025-10-15,Samsung A35 Case,3,1200,Nakuru
109787,2025-07-29,Power Bank,1,800,Kisumu
109788,2025-10-15,Infinix Hot 40 Case,3,1200,Kisumu
109789,2025-01-11,Tecno Spark 20 Case,4,1200,Eldoret
109790,2025-03-09,Redmi Note 14 Case,5,300,Nairobi
109791,2025-04-20,Infinix Hot 40 Case,5,800,Kisumu
109792,2025-07-25,iPhone 13 Case,2,500,Nakuru
109793,2025-12-21,Infinix Hot 40 Case,5,300,Nakuru
109794,2025-11-24,Tecno Spark 20 Case,2,200,Kisumu
109795,2025-02-10,Charger,4,500,Nakuru
109796,2025-02-22,Samsung A35 Case,5,800,Kisumu
109797,2025-10-12,Redmi Note 14 Case,5,200,Eldoret
109798,,Power Bank,5,1200,Nakuru
109799,2025-05-31,iPhone 13 Case,4,800,Kisumu
109800,2025-01-16,Screen Protector,2,1200,Kisumu
109801,2025-04-03,Samsung A16 Case,5,200,Nairobi
109802,2025-12-17,Charger,5,-200,Nairobi
109803,2025-01-18,Charger,3,1200,Nairobi
109804,2025-09-27,Charger,4,2500,Mombasa
109805,2025-11-12,Samsung A35 Case,5,200,Eldoret
109806,2025-06-13,Infinix Hot 40 Case,4,300,Nakuru
109807,,Earbuds,2,300,Mombasa
109808,2025-06-21,Infinix Hot 40 Case,5,1200,Nairobi
109809,2025-06-10,Infinix Hot 40 Case,4,1200,Mombasa
109810,2025-03-02,Power Bank,2,300,Nakuru
109811,2025-12-25,Screen Protector,2,500,Kisumu
109812,2025-10-07,Screen Protector,5,300,Nakuru
109813,2025-06-11,iPhone 13 Case,two,2500,Nairobi
109814,2025-10-25,Infinix Hot 40 Case,4,200,Eldoret
109815,2025-03-23,Screen Protector,4,2500,Eldoret
109816,2025-07-04,Samsung A16 Case,2,800,Kisumu
109817,2025-01-25,Samsung A16 Case,1,200,Nairobi
109818,2025-01-03,Charger,4,500,Mombasa
109819,2025-02-26,Charger,3,-300,Nakuru
109820,2025-06-28,Infinix Hot 40 Case,5,2500,Kisumu
109821,2025-12-19,Redmi Note 14 Case,4,300,Eldoret
109822,2025-10-22,Power Bank,4,2500,Nakuru
109823,2025-05-11,Screen Protector,5,1200,Kisumu
109824,2025-06-08,Tecno Spark 20 Case,5,300,Nakuru
109825,2025-08-15,Samsung A16 Case,5,200,Nairobi
109826,2025-01-22,Redmi Note 14 Case,3,300,Eldoret
109827,2025-08-17,Samsung A16 Case,2,2500,Eldoret
109828,2025-05-29,Infinix Hot 40 Case,1,500,Kisumu
109829,2025-01-07,Screen Protector,1,1200,Kisumu
109830,2025-10-19,Infinix Hot 40 Case,3,-300,Kisumu
109831,2025-03-18,Tecno Spark 20 Case,two,2500,Mombasa
109832,2025-03-28,Screen Protector,4,2500,Kisumu
109833,2025-03-13,iPhone 13 Case,2,200,Eldoret
109834,2025-02-28,Redmi Note 14 Case,4,1200,Kisumu
109835,2025-06-06,Infinix Hot 40 Case,5,1200,Eldoret
109836,,Power Bank,3,300,Kisumu
109837,2025-06-21,iPhone 13 Case,5,2500,Eldoret
109838,2025-06-12,Screen Protector,3,200,Nairobi
109839,2025-07-12,Samsung A35 Case,1,800,Eldoret
109840,,iPhone 13 Case,1,1200,Nairobi
109841,2025-02-10,Redmi Note 14 Case,4,200,Mombasa
109842,2025-12-27,Screen Protector,5,2500,Eldoret
109843,2025-12-31,Earbuds,5,200,Eldoret
109844,2025-07-05,Samsung A35 Case,2,1200,Nakuru
109845,2025-09-19,Earbuds,4,1200,Nairobi
109846,2025-05-21,Samsung A16 Case,1,2500,Mombasa
109847,2025-01-31,Screen Protector,two,1200,Eldoret
109848,2025-04-28,Infinix Hot 40 Case,2,2500,Kisumu
109849,2025-10-14,Earbuds,3,500,Eldoret
109850,2025-01-04,Charger,4,300,Nakuru
109851,2025-05-24,Earbuds,1,2500,Eldoret
109852,2025-11-29,Charger,5,2500,Mombasa
109853,2025-03-06,Tecno Spark 20 Case,5,2500,Nairobi
109854,2025-09-27,Samsung A16 Case,3,300,Nakuru
109855,2025-01-29,Infinix Hot 40 Case,2,2500,Nakuru
109856,2025-06-02,Charger,5,300,Eldoret
109857,2025-04-25,Earbuds,3,2500,Kisumu
109858,2025-02-01,Redmi Note 14 Case,4,1200,Nairobi
109859,2025-07-25,Screen Protector,3,500,Kisumu
109860,2025-11-01,Infinix Hot 40 Case,3,1200,Nairobi
109861,,Redmi Note 14 Case,2,200,Eldoret
109862,2025-06-16,Charger,5,1200,Kisumu
109863,2025-12-16,Samsung A35 Case,1,1200,Kisumu
109864,2025-12-28,power bank,4,200,Kisumu
109865,2025-07-11,Earbuds,5,500,Nakuru
109866,2025-03-17,Earbuds,4,300,Mombasa
109867,2025-07-15,Samsung A35 Case,5,800,Nairobi
109868,2025-12-26,Screen Protector,3,1200,Nairobi
109869,2025-12-20,Tecno Spark 20 Case,3,2500,Nakuru
109870,2025-01-05,Screen Protector,3,800,Nairobi
109871,2025-09-11,Screen Protector,2,300,Kisumu
109872,2025-03-29,iPhone 13 Case,1,800,Kisumu
109873,2025-07-27,Samsung A16 Case,1,200,Eldoret
109874,2025-01-21,Charger,1,500,Nakuru
109875,2025-01-22,Power Bank,5,800,Eldoret
109876,2025-09-07,Earbuds,5,200,Nairobi
109877,2025-04-01,iPhone 13 Case,4,300,Nairobi
109878,2025-09-03,Earbuds,3,300,Mombasa
109879,2025-02-13,Earbuds,5,200,Mombasa
109880,2025-02-05,Samsung A16 Case,3,1200,Nakuru
109881,2025-01-30,Screen Protector,2,1200,Nairobi
109882,2025-12-23,Samsung A16 Case,3,200,Kisumu
109883,2025-10-14,Redmi Note 14 Case,5,1200,Nairobi
109884,2025-09-30,Samsung A16 Case,1,300,Nairobi
109885,2025-01-24,iPhone 13 Case,2,200,Nakuru
109886,2025-05-03,Tecno Spark 20 Case,5,500,Kisumu
109887,2025-06-18,Power Bank,1,300,Mombasa
109888,2025-11-05,Samsung A35 Case,1,500,Nairobi
109889,2025-12-09,Samsung A16 Case,4,1200,Mombasa
109890,2025-12-07,Earbuds,5,200,Nakuru
109891,2025-07-01,Tecno Spark 20 Case,5,-300,Mombasa
109892,2025-01-11,Tecno Spark 20 Case,4,500,Eldoret
109893,2025-05-18,Charger,2,2500,Eldoret
109894,2025-12-03,Infinix Hot 40 Case,2,1200,Kisumu
109895,2025-04-02,Infinix Hot 40 Case,4,300,Nakuru
109896,2025-03-26,Tecno Spark 20 Case,3,800,Nakuru
109897,2025-10-20,Samsung A16 Case,5,200,Kisumu
109898,2025-12-05,Power Bank,4,200,Kisumu
109899,2025-04-17,Samsung A16 Case,4,300,Eldoret
109900,2025-02-04,iPhone 13 Case,4,200,Eldoret
109901,2025-07-10,samsung a35 case,4,1200,Kisumu
109902,2025-10-24,Infinix Hot 40 Case,3,2500,Kisumu
109903,2025-02-27,Samsung A35 Case,1,200,Kisumu
109904,2025-01-25,Charger,4,1200,Kisumu
109905,2025-12-08,Samsung A16 Case,2,300,Mombasa
109906,2025-12-06,Redmi Note 14 Case,4,1200,Mombasa
109907,2025-09-10,Earbuds,3,800,Eldoret
109908,2025-04-21,Infinix Hot 40 Case,1,300,Nairobi
109909,2025-02-21,Tecno Spark 20 Case,5,200,Nairobi
109910,2025-10-31,Power Bank,3,2500,Mombasa
109911,2025-10-06,Samsung A16 Case,1,1200,Eldoret
109912,2025-01-07,Charger,5,300,Nakuru
109913,2025-12-17,Redmi Note 14 Case,2,500,Nakuru
109914,2025-10-02,Tecno Spark 20 Case,5,800,Mombasa
109915,2025-09-28,Earbuds,5,800,Eldoret
109916,2025-07-03,Samsung A16 Case,1,200,Nakuru
109917,2025-01-16,Samsung A16 Case,1,300,Nakuru
109918,2025-04-14,Samsung A35 Case,4,500,Mombasa
109919,2025-11-03,iPhone 13 Case,4,300,Mombasa
109920,2025-09-18,Screen Protector,4,500,Kisumu
109921,2025-09-25,Power Bank,4,200,Eldoret
109922,2025-12-28,Tecno Spark 20 Case,1,300,Nairobi
109923,2025-09-17,Tecno Spark 20 Case,2,500,Eldoret
109924,2025-09-27,Samsung A16 Case,1,2500,Mombasa
109925,2025-03-09,Power Bank,3,300,Kisumu
109926,2025-09-23,Charger,3,300,Kisumu
109927,,iPhone 13 Case,2,800,Nakuru
109928,2025-08-06,charger,4,300,Kisumu
109929,2025-03-07,Power Bank,4,200,Mombasa
109930,2025-10-04,Earbuds,1,300,Mombasa
109931,2025-02-06,Infinix Hot 40 Case,1,200,Nairobi
109932,2025-06-05,Earbuds,3,800,Kisumu
109933,2025-02-16,Infinix Hot 40 Case,2,800,Nairobi
109934,2025-07-14,Samsung A16 Case,3,200,Eldoret
109935,2025-09-03,Tecno Spark 20 Case,2,200,Kisumu
109936,2025-06-29,Earbuds,4,1200,Eldoret
109937,,Earbuds,1,200,Kisumu
109938,2025-02-04,Infinix Hot 40 Case,5,300,Kisumu
109939,2025-08-06,Earbuds,2,500,Eldoret
109940,2025-10-12,Tecno Spark 20 Case,5,500,Kisumu
109941,2025-06-23,Tecno Spark 20 Case,1,800,Kisumu
109942,2025-06-03,Charger,1,500,Mombasa
109943,2025-05-22,Samsung A35 Case,2,200,Kisumu
109944,2025-08-11,Tecno Spark 20 Case,5,1200,Kisumu
109945,2025-08-18,Power Bank,5,300,Kisumu
109946,2025-04-11,Earbuds,3,2500,Kisumu
109947,2025-10-19,Power Bank,5,500,Kisumu
109948,2025-10-10,Samsung A35 Case,2,2500,Kisumu
109949,2025-03-07,Power Bank,4,800,Nairobi
109950,2025-01-17,Charger,4,2500,Nakuru
109951,2025-01-07,Samsung A35 Case,2,500,Mombasa
109952,2025-01-01,iPhone 13 Case,4,500,Mombasa
109953,2025-11-10,Redmi Note 14 Case,5,200,Eldoret
109954,2025-08-02,Infinix Hot 40 Case,3,300,Nairobi
109955,2025-08-30,Charger,1,200,Nakuru
109956,2025-12-30,Samsung A16 Case,4,2500,Eldoret
109957,2025-12-16,Power Bank,1,200,Mombasa
109958,2025-04-09,Earbuds,4,300,Kisumu
109959,2025-06-24,Charger,4,800,Nakuru
109960,2025-08-13,Redmi Note 14 Case,1,800,Eldoret
109961,2025-05-21,Earbuds,4,1200,Nakuru
109962,2025-12-10,Infinix Hot 40 Case,4,2500,Nakuru
109963,2025-10-08,Charger,1,200,Mombasa
109964,2025-06-03,iPhone 13 Case,1,200,Nairobi
109965,2025-09-01,Power Bank,5,1200,Mombasa
109966,2025-07-17,Infinix Hot 40 Case,4,800,Nakuru
109967,2025-09-29,Screen Protector,4,1200,Kisumu
109968,2025-09-28,Charger,2,1200,Eldoret
109969,2025-09-17,Samsung A35 Case,3,300,Mombasa
109970,2025-08-10,Charger,5,2500,Eldoret
109971,2025-12-04,Redmi Note 14 Case,3,300,Kisumu
109972,2025-04-03,iPhone 13 Case,4,200,Eldoret
109973,,Charger,4,1200,Mombasa
109974,2025-10-23,Samsung A35 Case,4,1200,Nakuru
109975,2025-12-07,iPhone 13 Case,3,800,Kisumu
109976,2025-02-16,Screen Protector,1,2500,Mombasa
109977,2025-01-05,Tecno Spark 20 Case,5,500,Mombasa
109978,2025-06-14,Screen Protector,5,200,Kisumu
109979,2025-12-09,Samsung A16 Case,5,1200,Nakuru
109980,2025-01-25,Tecno Spark 20 Case,5,1200,Nakuru
109981,2025-04-15,iPhone 13 Case,5,800,Nairobi
109982,2025-01-04,Redmi Note 14 Case,1,800,Nakuru
109983,2025-11-06,Earbuds,3,1200,Nairobi
109984,2025-12-21,Samsung A35 Case,4,200,Mombasa
109985,2025-05-30,Redmi Note 14 Case,1,500,Eldoret
109986,2025-09-29,Tecno Spark 20 Case,4,1200,Kisumu
109987,2025-08-19,iPhone 13 Case,two,2500,Mombasa
109988,2025-08-04,Earbuds,4,200,Mombasa
109989,2025-09-07,Screen Protector,5,2500,Nairobi
109990,2025-03-27,Infinix Hot 40 Case,5,2500,Nairobi
109991,2025-01-01,Power Bank,4,200,Kisumu
109992,2025-05-10,Charger,2,500,Nairobi
109993,2025-01-07,Tecno Spark 20 Case,4,200,Eldoret
109994,2025-07-11,earbuds,1,2500,Nairobi
109995,2025-10-24,Earbuds,3,1200,Mombasa
109996,2025-04-12,Samsung A16 Case,2,200,Eldoret
109997,2025-01-25,Infinix Hot 40 Case,1,2500,Kisumu
109998,2025-05-23,Redmi Note 14 Case,5,200,Nairobi
109999,2025-05-29,Tecno Spark 20 Case,5,500,Nairobi
106252,2025-01-19,Redmi Note 14 Case,1,300,Kisumu
104684,2025-12-30,Tecno Spark 20 Case,1,500,Mombasa
101731,,iPhone 13 Case,5,-800,Mombasa
104742,2025-01-02,Charger,1,200,Kisumu
104521,2025-09-12,iPhone 13 Case,4,800,Mombasa
106340,2025-03-14,Power Bank,3,2500,Kisumu
100576,2025-03-13,,two,2500,Nakuru
105202,2025-06-27,iPhone 13 Case,3,200,Mombasa
106363,2025-09-11,iPhone 13 Case,4,200,Kisumu
100439,,Infinix Hot 40 Case,5,500,Kisumu
102750,2025-06-23,Samsung A16 Case,5,500,Nakuru
107487,2025-08-05,Power Bank,5,200,Nairobi
105272,2025-10-21,Samsung A35 Case,2,300,Mombasa
105653,2025-01-03,,3,500,Nakuru
103999,2025-05-28,Infinix Hot 40 Case,1,1200,Nairobi
106033,2025-03-28,Power Bank,3,800,Nairobi
100582,2025-02-15,Screen Protector,1,2500,Nakuru
109930,2025-10-04,Earbuds,1,300,Mombasa
107051,2025-04-08,Power Bank,1,2500,Mombasa
108158,2025-01-29,Redmi Note 14 Case,4,2500,Mombasa
109896,2025-03-26,Tecno Spark 20 Case,3,800,Nakuru
102249,2025-05-10,Screen Protector,4,300,Eldoret
104640,2025-01-29,Infinix Hot 40 Case,4,200,Nairobi
109485,2025-07-07,Infinix Hot 40 Case,4,200,Kisumu
104947,2025-01-27,Charger,1,300,Eldoret
109920,2025-09-18,Screen Protector,4,500,Kisumu
101963,2025-02-23,Redmi Note 14 Case,5,500,Eldoret
108243,2025-09-07,iPhone 13 Case,4,2500,Eldoret
106590,2025-07-19,Charger,4,300,Mombasa
108847,2025-10-12,Power Bank,2,500,Nakuru
100321,2025-08-13,Earbuds,4,200,Kisumu
102678,2025-07-15,Power Bank,1,800,Mombasa
104625,2025-12-04,Screen Protector,1,500,Eldoret
104949,2025-01-23,Redmi Note 14 Case,1,500,Mombasa
108328,2025-07-12,Infinix Hot 40 Case,5,2500,Kisumu
103337,2025-04-12,Infinix Hot 40 Case,1,200,Eldoret
105589,2025-07-29,Samsung A16 Case,1,2500,Kisumu
100251,2025-11-02,Infinix Hot 40 Case,4,200,Mombasa
103973,2025-01-15,Charger,2,-800,Kisumu
106630,2025-04-12,Tecno Spark 20 Case,2,2500,Nakuru
105547,2025-05-12,Power Bank,3,500,Kisumu
100035,2025-05-16,Power Bank,3,500,Kisumu
108362,2025-03-26,Redmi Note 14 Case,5,200,Eldoret
101513,2025-08-29,Power Bank,1,500,Nairobi
109317,2025-09-28,iPhone 13 Case,5,500,Eldoret
100039,2025-01-28,Power Bank,1,800,Eldoret
104819,2025-01-21,Samsung A35 Case,3,2500,Nakuru
103465,2025-06-10,Screen Protector,5,1200,Nakuru
101760,2025-10-05,Tecno Spark 20 Case,5,200,Kisumu
102304,2025-10-05,Samsung A16 Case,2,800,Eldoret
103723,2025-12-30,Tecno Spark 20 Case,2,500,Eldoret
108284,2025-04-28,Charger,1,200,Mombasa
104993,2025-05-27,Earbuds,4,200,Eldoret
108127,2025-10-20,Earbuds,two,2500,Nairobi
103032,2025-04-02,Tecno Spark 20 Case,3,200,Eldoret
107938,,Charger,2,800,Eldoret
103039,2025-09-17,Earbuds,4,2500,Kisumu
109655,2025-08-15,iPhone 13 Case,1,1200,Eldoret
102545,2025-08-14,Charger,2,200,Nairobi
102592,2025-06-04,Redmi Note 14 Case,2,300,Kisumu
101188,2025-01-13,Power Bank,4,300,Kisumu
107966,2025-01-30,Screen Protector,4,2500,Nakuru
106077,2025-03-06,iPhone 13 Case,3,800,Kisumu
100107,2025-02-04,Tecno Spark 20 Case,1,200,Nairobi
101315,2025-04-23,Infinix Hot 40 Case,3,300,Kisumu
108187,2025-01-16,Tecno Spark 20 Case,4,500,Mombasa
102753,2025-07-11,Charger,3,300,Nairobi
109753,2025-07-25,Samsung A16 Case,5,200,Kisumu
106231,2025-04-27,Tecno Spark 20 Case,1,800,Mombasa
102876,2025-10-07,Earbuds,2,2500,Eldoret
105323,2025-03-12,Tecno Spark 20 Case,4,2500,Eldoret
100799,2025-06-05,Screen Protector,3,800,Nairobi
103570,2025-03-25,Tecno Spark 20 Case,5,200,Kisumu
102894,2025-03-19,Power Bank,4,200,Eldoret
102927,2025-05-21,Power Bank,1,800,Nairobi
108178,2025-11-25,Tecno Spark 20 Case,4,2500,Eldoret
100971,2025-07-16,Infinix Hot 40 Case,3,500,Nakuru
106687,2025-11-24,iPhone 13 Case,2,200,Eldoret
108575,2025-10-14,iPhone 13 Case,4,200,Nakuru
102020,2025-01-29,Tecno Spark 20 Case,3,2500,Kisumu
109054,2025-04-28,Power Bank,two,2500,Nairobi
100952,2025-02-12,Power Bank,1,2500,Eldoret
105359,2025-06-27,Samsung A35 Case,5,800,Eldoret
103857,,Screen Protector,3,500,Eldoret
105861,2025-01-31,Infinix Hot 40 Case,5,300,Eldoret
103145,2025-04-20,Power Bank,1,300,Nakuru
103305,2025-11-09,earbuds,5,200,Kisumu
103006,2025-07-28,Redmi Note 14 Case,5,2500,Eldoret
109001,2025-03-02,Redmi Note 14 Case,5,800,Nakuru
107770,2025-04-27,Samsung A16 Case,4,-1200,Mombasa
107438,2025-08-15,,4,800,Nakuru
107942,2025-12-23,Earbuds,3,300,Mombasa
109238,2025-01-06,Charger,3,300,Nairobi
101056,2025-09-14,Earbuds,1,300,Eldoret
103154,2025-11-16,Samsung A16 Case,1,200,Mombasa
103787,2025-01-19,Earbuds,2,200,Mombasa
109189,2025-12-17,Samsung A16 Case,4,300,Mombasa
107825,2025-11-03,Samsung A16 Case,3,2500,Nakuru
107539,2025-07-26,Power Bank,4,2500,Nairobi
107231,2025-02-23,Samsung A16 Case,1,200,Kisumu
100764,2025-09-29,Earbuds,4,2500,Mombasa
105019,2025-07-22,iPhone 13 Case,3,1200,Mombasa
104903,2025-05-22,Samsung A35 Case,3,2500,Nairobi
108093,2025-04-27,Redmi Note 14 Case,4,500,Nairobi
106843,2025-03-27,Screen Protector,4,2500,Kisumu
102165,2025-03-30,Infinix Hot 40 Case,5,800,Nakuru
101862,2025-06-08,Samsung A16 Case,3,200,Eldoret
107850,2025-07-16,iPhone 13 Case,2,300,Nairobi
109123,2025-05-15,Infinix Hot 40 Case,3,500,Nakuru
102340,2025-05-25,Samsung A16 Case,3,300,Eldoret
105527,2025-08-05,Redmi Note 14 Case,1,1200,Nakuru
106743,2025-08-02,Tecno Spark 20 Case,4,200,Kisumu
104003,2025-09-10,Earbuds,1,800,Nakuru
101123,2025-11-11,Infinix Hot 40 Case,5,1200,Mombasa
108709,2025-03-02,Samsung A16 Case,1,200,Nakuru
104049,2025-02-13,Redmi Note 14 Case,5,800,Eldoret
107640,2025-12-20,Samsung A35 Case,3,1200,Mombasa
100765,2025-08-14,Infinix Hot 40 Case,5,2500,Nairobi
102344,2025-02-08,Redmi Note 14 Case,1,500,Kisumu
104071,2025-12-14,Samsung A35 Case,1,800,Kisumu
107216,2025-01-23,iPhone 13 Case,4,800,Nakuru
104216,2025-12-18,Power Bank,3,1200,Eldoret
107952,2025-03-30,Samsung A16 Case,2,300,Mombasa
105970,2025-01-03,Samsung A35 Case,4,300,Nakuru
103350,,Earbuds,2,500,Nakuru
104695,2025-01-18,Samsung A16 Case,3,1200,Kisumu
103399,2025-08-25,Power Bank,3,1200,Eldoret
104081,2025-01-29,Earbuds,3,1200,Nakuru
109149,2025-10-01,Earbuds,5,2500,Nairobi
101224,2025-12-06,Charger,3,500,Nairobi
106292,2025-01-10,Power Bank,3,1200,Eldoret
103122,2025-06-25,Earbuds,1,300,Nakuru
100510,2025-04-09,Infinix Hot 40 Case,4,300,Nakuru
105794,2025-11-13,Samsung A35 Case,3,500,Mombasa
108181,2025-01-05,Redmi Note 14 Case,5,2500,Kisumu
109417,2025-03-14,Samsung A16 Case,5,800,Nakuru
100096,2025-06-02,Screen Protector,5,300,Eldoret
106681,2025-08-20,Samsung A35 Case,3,2500,Nairobi
101512,2025-04-13,Charger,5,200,Nakuru
108791,2025-01-25,Charger,2,1200,Eldoret
100119,2025-05-31,Tecno Spark 20 Case,2,500,Kisumu
107791,2025-11-01,Tecno Spark 20 Case,5,800,Nakuru
106517,2025-08-10,Redmi Note 14 Case,2,300,Mombasa
100033,2025-03-06,power bank,1,200,Eldoret
107887,2025-05-25,Samsung A35 Case,1,1200,Eldoret
106830,2025-01-24,Redmi Note 14 Case,3,300,Nakuru
105421,2025-05-28,Earbuds,3,500,Nakuru
101068,2025-08-21,Redmi Note 14 Case,1,1200,Nakuru
101347,2025-07-31,Redmi Note 14 Case,3,500,Eldoret
104747,2025-08-15,Samsung A35 Case,4,1200,Mombasa
106005,2025-09-06,Charger,4,500,Nairobi
106039,2025-12-30,Screen Protector,4,500,Mombasa
103817,2025-02-03,Tecno Spark 20 Case,5,-500,Nairobi
108446,2025-01-29,Charger,3,1200,Eldoret
105269,2025-12-01,Tecno Spark 20 Case,3,2500,Kisumu
106897,2025-11-20,Earbuds,5,1200,Nakuru
105309,2025-03-20,Screen Protector,5,300,Nakuru
100031,2025-08-05,iPhone 13 Case,4,800,Kisumu
105674,2025-07-01,Infinix Hot 40 Case,4,800,Nairobi
104386,2025-03-22,Tecno Spark 20 Case,1,300,Nakuru
100029,2025-07-09,Infinix Hot 40 Case,5,1200,Nakuru
104202,2025-12-22,Power Bank,2,300,Nairobi
107507,2025-04-22,Samsung A16 Case,2,2500,Eldoret
100735,2025-09-11,Infinix Hot 40 Case,1,300,Kisumu
102067,2025-05-26,iPhone 13 Case,1,1200,Nakuru
100106,2025-11-13,Charger,3,800,Nakuru
109644,2025-04-28,Charger,2,800,Nakuru
108894,2025-09-01,Earbuds,3,1200,Nakuru
108020,,,5,2500,Mombasa
102232,2025-03-10,iPhone 13 Case,5,300,Nakuru
100993,2025-05-14,Redmi Note 14 Case,3,800,Kisumu
109412,2025-05-04,iPhone 13 Case,4,800,Nairobi
107058,2025-03-28,Samsung A35 Case,1,200,Eldoret
106789,2025-11-23,Redmi Note 14 Case,4,500,Kisumu
100360,2025-06-22,Infinix Hot 40 Case,2,500,Eldoret
100304,2025-03-24,Power Bank,2,200,Nairobi
102627,2025-01-24,Charger,2,500,Mombasa
108965,2025-08-17,Screen Protector,1,300,Eldoret
104513,2025-04-20,Power Bank,5,300,Mombasa
105910,2025-09-03,Infinix Hot 40 Case,2,1200,Eldoret
108313,2025-12-12,Tecno Spark 20 Case,3,500,Nakuru
103100,2025-10-15,Infinix Hot 40 Case,2,300,Eldoret
105703,2025-10-05,,4,2500,Eldoret
103898,2025-10-07,Tecno Spark 20 Case,3,500,Nakuru
105440,2025-09-17,Samsung A16 Case,5,300,Nakuru
107930,2025-03-19,Redmi Note 14 Case,2,800,Mombasa
100621,2025-02-28,Charger,3,800,Nakuru
107235,2025-05-14,Tecno Spark 20 Case,5,500,Kisumu
102498,2025-03-23,Tecno Spark 20 Case,5,-2500,Kisumu
100713,2025-06-07,Redmi Note 14 Case,2,300,Nakuru
108403,2025-03-05,Earbuds,4,2500,Kisumu
102855,2025-09-17,Redmi Note 14 Case,4,2500,Mombasa
104269,2025-12-17,iPhone 13 Case,4,2500,Kisumu
102908,2025-04-21,Infinix Hot 40 Case,4,1200,Mombasa
108080,2025-04-01,Screen Protector,5,300,Kisumu
104516,2025-09-25,iPhone 13 Case,3,500,Eldoret
101261,2025-02-28,Earbuds,4,500,Mombasa
103160,2025-12-22,Charger,2,200,Nairobi
100970,2025-06-27,Tecno Spark 20 Case,3,500,Eldoret
103912,2025-05-11,Samsung A16 Case,5,800,Kisumu
105198,2025-01-16,Redmi Note 14 Case,5,800,Mombasa
108846,,Samsung A16 Case,4,500,Nakuru
100259,2025-11-04,Screen Protector,1,2500,Mombasa
103790,2025-12-21,Samsung A16 Case,5,500,Nakuru
109202,2025-08-23,iPhone 13 Case,3,1200,Kisumu
100487,2025-10-01,Samsung A16 Case,3,500,Nairobi
107907,,Samsung A35 Case,3,200,Nairobi
100518,2025-01-29,Earbuds,1,500,Nakuru
108342,2025-12-23,Samsung A35 Case,1,500,Nairobi
100311,2025-11-27,Tecno Spark 20 Case,1,500,Mombasa
103231,2025-11-14,Infinix Hot 40 Case,4,300,Mombasa
107932,2025-05-26,Samsung A35 Case,1,1200,Nairobi
107457,2025-05-23,Samsung A35 Case,2,300,Nairobi
109783,2025-05-21,Screen Protector,3,200,Kisumu
105183,2025-12-10,Samsung A16 Case,4,300,Mombasa
108076,2025-09-27,samsung a35 case,4,2500,Nakuru
106501,2025-05-16,Earbuds,1,1200,Kisumu
106790,2025-05-13,Samsung A35 Case,5,-800,Kisumu
107772,2025-07-28,,1,500,Eldoret
102737,2025-07-05,Infinix Hot 40 Case,2,500,Eldoret
107841,2025-11-04,Infinix Hot 40 Case,3,200,Nakuru
106261,2025-04-17,Tecno Spark 20 Case,5,2500,Nakuru
108205,2025-05-07,earbuds,2,300,Eldoret
101247,2025-07-01,Charger,4,1200,Nairobi
109335,2025-08-27,Samsung A16 Case,4,800,Kisumu
104194,2025-01-19,iPhone 13 Case,1,1200,Nakuru
108000,2025-10-20,Samsung A16 Case,4,500,Mombasa
107377,2025-11-19,Earbuds,1,1200,Mombasa
103434,2025-11-10,Earbuds,1,200,Nakuru
105381,2025-05-29,iPhone 13 Case,3,2500,Mombasa
100958,2025-05-05,Charger,4,2500,Kisumu
100416,2025-02-05,iPhone 13 Case,5,800,Mombasa
105741,2025-08-31,Screen Protector,2,1200,Eldoret
106727,2025-10-30,Infinix Hot 40 Case,2,500,Eldoret
104381,2025-06-09,Tecno Spark 20 Case,2,300,Kisumu
105196,2025-12-04,iPhone 13 Case,5,2500,Nairobi
101112,2025-06-06,Tecno Spark 20 Case,2,800,Eldoret
102688,2025-05-21,,4,500,Eldoret
106472,2025-04-02,Charger,3,800,Nairobi
108819,2025-06-13,Tecno Spark 20 Case,5,2500,Nairobi
107807,2025-07-20,Charger,4,2500,Eldoret
103410,2025-08-16,Screen Protector,3,300,Eldoret
100080,2025-12-12,iPhone 13 Case,3,500,Nakuru
104613,2025-01-30,Charger,1,1200,Eldoret
101373,2025-09-02,Infinix Hot 40 Case,3,200,Kisumu
101509,2025-03-12,Screen Protector,5,1200,Eldoret
106442,2025-04-18,Tecno Spark 20 Case,4,2500,Kisumu
103070,2025-02-21,Power Bank,1,1200,Eldoret
103015,2025-12-25,Earbuds,1,500,Nairobi
104822,2025-08-19,Earbuds,1,1200,Nakuru
107821,2025-02-01,Earbuds,3,500,Nairobi
100092,2025-06-01,Infinix Hot 40 Case,1,800,Nairobi
109420,2025-11-25,,4,200,Kisumu
106599,2025-01-07,Earbuds,3,1200,Nakuru
104442,2025-06-21,Screen Protector,2,300,Mombasa
107601,2025-03-23,Screen Protector,2,500,Nakuru
103834,2025-06-08,Redmi Note 14 Case,3,300,Eldoret
109701,2025-09-17,Charger,5,1200,Nakuru
104321,2025-10-25,,4,1200,Eldoret
103393,2025-07-23,Screen Protector,1,2500,Nakuru
104751,2025-10-27,Power Bank,3,800,Nakuru
107228,2025-06-08,Samsung A16 Case,2,200,Mombasa
109190,2025-05-08,Infinix Hot 40 Case,5,200,Nairobi
102360,2025-08-06,Samsung A35 Case,4,200,Nairobi
101147,2025-06-22,Power Bank,4,2500,Nairobi
105665,2025-10-29,Screen Protector,5,200,Kisumu
108074,2025-09-18,Earbuds,3,1200,Nairobi
104942,2025-12-23,Charger,4,800,Kisumu
103662,2025-04-07,Tecno Spark 20 Case,3,500,Eldoret
101562,2025-03-02,Redmi Note 14 Case,1,2500,Mombasa
104112,2025-09-22,Tecno Spark 20 Case,4,2500,Nairobi
109049,2025-06-06,Power Bank,2,1200,Nakuru
109275,2025-03-13,screen protector,3,300,Kisumu
108537,2025-03-09,Redmi Note 14 Case,4,800,Mombasa
100794,2025-01-05,Earbuds,3,300,Mombasa
105853,2025-11-04,Power Bank,2,500,Kisumu
107618,2025-04-24,Samsung A16 Case,1,800,Kisumu
101593,2025-10-03,Screen Protector,3,500,Nairobi
107417,2025-01-21,iPhone 13 Case,2,800,Eldoret
105266,2025-08-03,iPhone 13 Case,3,2500,Nakuru
107146,2025-09-21,Charger,2,200,Nairobi
100088,2025-10-31,Samsung A16 Case,4,1200,Kisumu
108694,2025-03-29,iPhone 13 Case,3,200,Nairobi
109731,2025-01-31,Tecno Spark 20 Case,2,500,Mombasa
109445,2025-01-02,iPhone 13 Case,2,1200,Nairobi
106753,2025-04-08,redmi note 14 case,4,800,Nairobi
103501,2025-12-04,Tecno Spark 20 Case,2,800,Eldoret
102233,2025-02-24,Samsung A35 Case,2,200,Nakuru
102802,2025-03-20,Tecno Spark 20 Case,1,200,Nairobi
104423,2025-06-06,Screen Protector,3,500,Nakuru
105662,2025-04-25,Redmi Note 14 Case,4,1200,Mombasa
107169,2025-06-17,Power Bank,5,2500,Nairobi
108336,,Tecno Spark 20 Case,4,500,Mombasa
102147,2025-06-27,Tecno Spark 20 Case,4,1200,Kisumu
107968,2025-09-20,Power Bank,2,2500,Eldoret
106550,,Charger,4,300,Kisumu
107642,2025-05-23,Tecno Spark 20 Case,1,2500,Mombasa
106163,2025-04-16,Charger,1,200,Kisumu
101494,2025-04-04,Screen Protector,1,2500,Nairobi
107695,2025-05-24,Tecno Spark 20 Case,2,2500,Eldoret
